State,Latitude,Longitude,Rainfall,Soil_Moisture,Slope,Elevation,Temperature,Risk
Sikkim,27.993023,88.688075,156.9,0.413,55.4,2262.1,17.3,Moderate
Meghalaya,25.688235,92.668141,164.0,0.384,35.1,1565.5,19.2,Moderate
Mizoram,22.421234,92.342043,123.8,0.474,42.4,2079.7,14.2,Moderate
Sikkim,28.024754,88.395235,64.3,0.165,34.3,1344.1,22.2,Low
Manipur,25.409241,94.607562,105.2,0.301,45.7,1625.2,20.4,Moderate
Tripura,22.999932,92.148504,103.6,0.333,51.4,1583.4,17.7,Moderate
Mizoram,23.06563,92.863562,294.9,0.678,65.8,2596.6,11.6,High
Mizoram,23.529141,93.404297,38.0,0.272,13.2,803.0,22.6,Low
Sikkim,27.022939,88.429159,105.1,0.15,47.4,2608.6,15.1,Moderate
Assam,26.888433,94.253054,11.5,0.222,43.1,1511.3,20.2,Low
Manipur,25.115812,93.241983,160.9,0.231,35.0,1007.9,21.0,Moderate
Sikkim,27.359275,88.322844,144.2,0.524,33.1,1068.4,20.2,Moderate
Manipur,25.328431,93.501768,28.1,0.11,26.9,1402.9,21.0,Low
Manipur,24.200339,94.723406,166.7,0.422,22.6,1510.6,18.3,Moderate
Tripura,22.914181,92.297167,31.0,0.217,2.5,50.0,30.5,Low
Mizoram,23.659735,93.27701,33.2,0.199,35.6,1968.5,20.2,Low
Meghalaya,25.353543,89.842946,62.7,0.081,52.7,2015.5,17.8,Moderate
Tripura,24.080591,92.084388,154.5,0.361,35.6,1672.3,18.9,Moderate
Tripura,24.084762,91.185705,57.9,0.133,3.2,50.0,32.6,Low
Manipur,25.231513,94.384061,127.6,0.308,41.4,1523.0,22.6,Moderate
Nagaland,26.451227,94.832232,104.5,0.338,35.4,1895.2,18.2,Moderate
Mizoram,24.099396,92.997685,10.3,0.207,22.3,834.4,20.2,Low
Assam,24.37214,92.772055,53.9,0.26,16.5,1112.5,24.2,Low
Tripura,23.024239,91.529806,210.2,0.29,46.0,1981.9,20.9,Moderate
Meghalaya,25.488528,89.99803,278.4,0.626,24.0,1443.6,21.3,Moderate
Nagaland,25.862759,93.521996,305.2,0.614,39.1,1592.8,18.9,Moderate
Nagaland,26.735647,95.195376,86.3,0.289,75.0,2107.8,20.5,Moderate
Assam,24.303729,95.717226,178.5,0.443,35.9,1479.0,21.3,Low
Tripura,23.736123,91.389435,66.3,0.196,20.5,1317.9,20.0,Low
Meghalaya,25.092234,91.301873,61.8,0.265,58.4,2426.0,17.7,Moderate
Mizoram,23.96574,93.119212,244.7,0.511,58.8,2139.3,19.0,High
Arunachal Pradesh,26.650678,91.90096,68.1,0.199,21.8,1583.7,18.0,Low
Meghalaya,25.483448,90.685871,79.0,0.167,36.8,2096.6,19.2,Low
Assam,24.976014,91.470328,124.1,0.225,20.5,1127.4,22.8,Moderate
Nagaland,26.726617,95.158456,95.6,0.252,44.6,1874.8,23.6,Low
Mizoram,22.953267,93.377944,64.0,0.259,40.8,1739.5,22.1,Moderate
Meghalaya,25.385795,91.229311,17.4,0.05,48.8,1681.0,14.4,Moderate
Arunachal Pradesh,27.178087,95.022618,125.5,0.425,28.1,1002.5,26.2,Moderate
Arunachal Pradesh,29.436943,94.819212,91.4,0.361,21.8,1104.0,24.8,Moderate
Manipur,24.479847,94.166071,66.6,0.235,2.0,50.0,29.1,Low
Manipur,24.033549,94.599586,225.3,0.383,57.8,3073.8,15.4,High
Sikkim,27.603701,88.404415,37.0,0.292,36.3,1967.9,20.3,Low
Assam,26.460632,93.636138,204.4,0.432,22.0,1062.8,24.6,Moderate
Tripura,23.014841,91.887402,97.2,0.462,43.6,1023.1,26.3,Moderate
Meghalaya,25.290318,91.941858,294.8,0.645,8.6,715.5,26.1,Moderate
Meghalaya,25.987042,92.211876,19.9,0.126,38.8,1638.1,19.4,Low
Tripura,23.784002,91.676221,32.5,0.203,29.1,923.0,27.6,Low
Sikkim,27.171451,88.697812,241.5,0.321,53.0,1839.0,21.8,Moderate
Nagaland,25.715678,94.293391,155.9,0.337,35.9,423.5,31.6,Moderate
Nagaland,25.740121,93.567657,23.4,0.084,32.0,871.6,25.3,Low
Sikkim,27.755469,88.048899,151.6,0.377,43.3,1714.4,18.0,Moderate
Nagaland,26.622426,93.935174,94.1,0.171,26.9,1684.8,16.8,Moderate
Manipur,23.800256,93.920032,79.1,0.313,41.0,1708.1,16.6,Low
Meghalaya,25.056222,90.628509,135.1,0.302,9.9,1056.6,20.9,Low
Sikkim,27.848372,88.056421,178.0,0.347,47.0,2097.9,18.0,Moderate
Meghalaya,26.007206,89.81146,90.2,0.216,19.3,932.9,25.6,Low
Tripura,23.294918,91.963175,54.9,0.148,2.0,264.4,27.2,Low
Arunachal Pradesh,27.44881,92.060408,34.9,0.288,40.8,1769.3,17.6,Low
Manipur,24.484444,93.486708,143.7,0.479,38.9,2023.3,15.6,Moderate
Mizoram,24.091051,92.607352,246.4,0.472,63.7,1988.5,22.0,High
Manipur,25.298972,94.60537,25.4,0.2,43.5,2652.4,16.3,Moderate
Sikkim,27.520581,88.818949,201.2,0.432,26.8,999.6,23.3,Moderate
Mizoram,22.881027,93.453302,49.8,0.194,15.1,1155.7,23.3,Low
Arunachal Pradesh,26.767869,95.278606,128.7,0.159,65.5,2396.3,12.5,Moderate
Sikkim,27.592577,88.348884,118.2,0.234,23.0,50.0,33.9,Low
Assam,26.65739,94.1343,126.5,0.158,47.4,2302.3,18.2,Moderate
Meghalaya,25.005236,90.300859,177.5,0.463,29.9,1057.0,22.6,Moderate
Arunachal Pradesh,28.639138,95.16512,142.4,0.293,23.5,1343.3,23.9,Low
Meghalaya,26.159257,92.083113,60.1,0.222,54.8,2459.8,13.8,Low
Nagaland,27.006468,94.705081,119.1,0.211,47.8,1492.3,12.4,Moderate
Assam,25.251819,90.363799,274.3,0.567,75.0,3301.2,10.7,High
Assam,27.28366,93.75814,176.7,0.442,29.1,1287.9,22.2,Moderate
Arunachal Pradesh,26.644558,93.480278,48.9,0.232,27.5,1270.6,20.7,Low
Assam,28.018559,92.852527,70.2,0.219,19.4,1248.0,17.9,Low
Mizoram,23.025096,92.795009,58.9,0.249,44.4,2056.7,16.6,Moderate
Assam,24.877307,92.022855,57.3,0.34,33.3,1099.4,24.3,Low
Meghalaya,25.443776,89.957065,286.6,0.552,15.5,890.9,25.9,Moderate
Meghalaya,25.921081,91.049513,39.3,0.05,26.5,1045.4,23.9,Low
Sikkim,27.986616,88.765313,181.0,0.512,6.9,461.6,25.4,Low
Meghalaya,25.254393,91.77206,283.3,0.418,40.0,2641.1,16.8,High
Sikkim,27.566738,88.792141,62.2,0.07,48.6,1673.0,17.3,Low
Meghalaya,25.258889,91.83344,249.5,0.415,30.8,1862.4,17.5,Moderate
Mizoram,23.480156,92.583892,104.9,0.115,23.9,605.0,24.0,Low
Tripura,23.118561,91.847132,67.5,0.227,40.7,1773.4,18.4,Moderate
Sikkim,27.886317,88.284065,29.1,0.221,2.0,98.6,28.1,Low
Manipur,25.025182,93.711236,188.3,0.432,5.0,50.0,29.7,Low
Nagaland,26.555093,93.698431,149.0,0.271,18.5,604.0,26.4,Low
Arunachal Pradesh,29.170645,93.080753,103.8,0.294,47.8,2039.6,17.3,Moderate
Meghalaya,25.441343,89.974276,37.1,0.185,42.6,1929.8,15.1,Low
Assam,24.468351,92.94993,109.9,0.315,46.6,2448.5,14.9,Moderate
Tripura,23.328148,92.086124,23.7,0.05,38.5,911.8,26.7,Low
Meghalaya,25.017632,90.937282,205.3,0.5,28.3,750.6,26.9,Moderate
Assam,25.416851,89.821764,0.9,0.05,40.8,2091.1,18.7,Moderate
Nagaland,25.4363,94.127285,40.2,0.105,33.1,979.0,23.9,Low
Nagaland,26.136443,94.108579,129.9,0.447,27.9,1391.9,23.2,Moderate
Nagaland,26.208782,94.490263,327.7,0.515,58.0,2106.8,19.8,High
Assam,24.04168,92.6238,83.5,0.302,40.2,1313.1,23.3,Low
Meghalaya,26.156199,91.357097,238.9,0.371,18.3,1500.0,19.0,Moderate
Nagaland,26.48733,93.923728,98.6,0.253,13.8,50.0,29.7,Low
Mizoram,23.912378,93.204798,107.9,0.106,2.0,491.2,28.5,Low
Sikkim,27.625555,88.878412,32.8,0.05,26.3,1443.2,19.5,Low
Assam,24.527311,89.80677,319.9,0.261,56.7,2219.6,19.5,Moderate
Assam,27.234664,94.78508,178.3,0.556,23.4,1147.4,22.5,Low
Meghalaya,25.144249,90.596748,88.2,0.383,9.7,689.3,26.9,Low
Assam,24.07372,91.547844,124.1,0.423,32.3,628.9,28.2,Moderate
Assam,27.247196,92.963151,159.2,0.338,45.0,2130.1,18.5,Moderate
Nagaland,25.861382,94.043479,118.0,0.221,53.0,2334.3,18.4,Moderate
Meghalaya,25.001624,90.699402,47.5,0.181,44.1,1915.9,17.2,Low
Nagaland,26.428272,95.248389,197.4,0.314,67.3,2663.8,15.2,Moderate
Sikkim,28.016473,88.021235,119.0,0.25,36.9,1084.5,20.7,Low
Tripura,24.337697,92.018158,137.6,0.27,49.3,1581.0,24.2,Moderate
Sikkim,27.936451,88.412196,18.8,0.05,26.5,866.2,20.0,Low
Tripura,23.536808,91.39379,69.2,0.076,28.8,1271.6,27.1,Low
Nagaland,25.32482,93.756471,103.4,0.063,20.3,1389.1,24.9,Low
Sikkim,27.295924,88.435669,122.1,0.269,21.2,1285.1,20.6,Low
Meghalaya,25.896933,91.221429,205.3,0.385,53.3,2414.0,9.6,High
Arunachal Pradesh,26.673533,96.767844,143.2,0.155,43.8,1589.3,19.8,Moderate
Nagaland,26.991176,94.870379,12.3,0.27,26.4,301.4,25.5,Low
Tripura,24.486125,91.707827,112.0,0.365,13.4,766.6,29.4,Moderate
Mizoram,24.403198,92.298287,115.5,0.236,28.8,1938.1,15.4,Moderate
Tripura,23.485089,91.292996,145.0,0.179,30.7,1059.6,25.8,Low
Mizoram,22.409166,92.383044,137.9,0.159,42.1,2103.0,16.1,Moderate
Assam,26.614137,94.622328,136.9,0.395,25.4,670.1,26.4,Low
Sikkim,27.693958,88.132266,122.2,0.365,25.9,1667.3,18.7,Moderate
Mizoram,24.008922,93.026741,16.1,0.116,32.0,1226.9,22.2,Low
Tripura,23.521065,91.876369,120.0,0.19,74.8,3500.0,8.8,Moderate
Assam,25.091601,91.874711,45.0,0.133,21.1,761.0,26.0,Low
Arunachal Pradesh,29.252458,93.097775,122.4,0.29,56.3,2482.2,13.3,Moderate
Meghalaya,25.563986,92.470423,57.8,0.28,62.3,2762.9,11.3,Moderate
Meghalaya,25.849266,89.98661,46.5,0.15,35.3,2645.7,17.1,Low
Meghalaya,25.176764,89.823525,57.2,0.34,30.5,1652.6,19.2,Low
Mizoram,23.540397,92.781975,194.2,0.347,14.5,698.1,26.7,Low
Arunachal Pradesh,26.902825,96.768638,55.7,0.126,30.5,1346.8,23.0,Low
Mizoram,23.277115,92.514461,105.5,0.219,25.8,1924.6,19.0,Low
Sikkim,27.600724,88.611658,155.0,0.552,47.4,1399.6,21.1,Moderate
Mizoram,22.098222,92.557115,250.5,0.35,34.3,1271.2,18.7,Moderate
Arunachal Pradesh,28.920896,94.028157,74.0,0.18,45.1,2597.8,9.6,Moderate
Arunachal Pradesh,28.139731,93.880488,113.4,0.28,55.8,2176.5,15.3,Moderate
Sikkim,27.05268,88.149175,96.0,0.342,16.6,591.7,22.5,Low
Arunachal Pradesh,27.836625,92.65052,101.1,0.19,37.4,1454.3,17.7,Low
Tripura,22.979966,92.096745,165.0,0.378,46.5,1170.1,24.5,Moderate
Arunachal Pradesh,29.443578,95.862286,77.5,0.234,42.6,1420.7,19.2,Low
Meghalaya,26.024542,90.525931,166.8,0.275,32.1,2392.0,14.4,Moderate
Tripura,24.437003,91.256003,141.3,0.262,16.0,1052.0,23.1,Moderate
Tripura,24.422288,92.293265,183.9,0.463,43.6,1833.0,19.4,Moderate
Sikkim,27.854067,88.883029,66.9,0.133,49.8,1337.8,16.8,Moderate
Manipur,24.882126,93.467175,89.0,0.282,27.6,1102.4,22.0,Moderate
Manipur,24.630292,94.06841,176.3,0.495,35.1,718.8,21.7,Moderate
Arunachal Pradesh,26.719245,94.922888,110.9,0.05,60.4,2458.3,10.9,Moderate
Tripura,24.469885,91.24714,165.1,0.356,37.2,892.9,25.1,Moderate
Manipur,25.305931,94.634218,65.8,0.223,27.5,1063.2,26.5,Low
Manipur,25.593033,94.728244,330.5,0.622,55.8,2770.5,10.3,High
Arunachal Pradesh,28.064379,96.875193,143.0,0.14,32.7,1579.7,20.6,Low
Manipur,25.238889,93.291009,93.3,0.157,17.9,452.7,26.0,Low
Mizoram,23.13994,93.133831,141.1,0.247,16.6,453.1,25.2,Low
Assam,25.038829,93.735876,121.9,0.502,68.2,2175.0,15.6,Moderate
Sikkim,27.799921,88.14643,103.7,0.272,6.5,318.1,23.6,Low
Assam,26.373358,94.56125,140.7,0.252,28.3,1444.8,20.5,Moderate
Arunachal Pradesh,27.996687,91.566567,102.5,0.093,7.3,1057.8,24.5,Low
Meghalaya,25.010846,90.871088,94.3,0.112,29.6,1353.7,19.8,Moderate
Sikkim,28.111433,88.205809,103.3,0.359,14.4,922.1,24.9,Moderate
Arunachal Pradesh,28.403091,92.721417,166.5,0.253,30.8,1589.3,20.4,Low
Tripura,23.414672,92.102455,19.1,0.38,44.7,1962.1,17.2,Moderate
Meghalaya,25.874634,90.086198,34.9,0.137,30.3,2076.2,13.6,Low
Assam,25.800548,89.88377,358.9,0.667,26.2,115.4,25.7,Moderate
Arunachal Pradesh,27.94267,95.143387,165.1,0.425,48.1,2204.5,12.8,Moderate
Tripura,23.089604,91.37555,247.3,0.403,21.5,1186.0,23.7,Low
Sikkim,27.477404,88.827578,143.5,0.471,9.5,359.6,27.4,Low
Sikkim,28.191906,88.04042,96.0,0.155,28.2,1432.3,21.3,Low
Nagaland,26.645915,94.043448,57.1,0.264,17.5,1081.4,26.3,Low
Tripura,23.527933,91.980544,91.3,0.146,51.5,2157.2,16.3,Moderate
Mizoram,24.287909,93.436207,85.8,0.305,35.2,1585.4,19.1,Low
Manipur,24.896533,93.642818,68.2,0.05,28.1,576.5,29.0,Low
Meghalaya,25.945059,90.553004,70.5,0.105,11.4,50.0,27.2,Low
Tripura,23.802518,91.466152,255.2,0.361,8.2,361.9,23.0,Low
Nagaland,26.447599,93.780798,24.8,0.213,7.0,143.9,29.1,Low
Manipur,24.164027,94.65283,15.7,0.146,54.6,2774.6,15.3,Moderate
Manipur,23.993427,93.910724,97.6,0.22,32.8,1528.4,20.2,Moderate
Arunachal Pradesh,27.162558,91.714115,127.9,0.289,28.1,1322.1,23.1,Moderate
Manipur,23.868436,93.315399,95.4,0.257,22.3,50.0,31.7,Low
Mizoram,24.153603,92.567222,227.2,0.646,19.5,380.9,21.8,Moderate
Sikkim,28.140551,88.52346,69.1,0.18,30.6,1313.2,23.6,Low
Nagaland,26.029567,94.460178,98.2,0.189,44.9,1439.5,26.4,Low
Manipur,24.781727,94.365797,193.4,0.275,39.0,1503.4,20.4,Moderate
Arunachal Pradesh,27.347488,93.441777,79.5,0.403,16.4,936.2,23.6,Low
Mizoram,24.224645,93.430393,55.2,0.304,40.7,1451.6,18.5,Low
Assam,27.748745,92.342522,47.1,0.05,33.9,1292.2,26.7,Low
Sikkim,27.936439,88.428702,162.9,0.326,44.0,1726.5,21.0,Moderate
Sikkim,27.597048,88.184212,66.1,0.119,34.6,1603.0,23.0,Low
Nagaland,26.323148,93.672272,118.1,0.376,18.3,506.7,22.3,Low
Sikkim,27.397878,88.769527,120.4,0.179,2.0,639.5,23.7,Low
Manipur,24.193444,93.128085,39.4,0.341,21.5,1161.3,20.2,Low
Arunachal Pradesh,26.707023,96.674315,157.1,0.456,46.4,1874.9,15.6,Moderate
Sikkim,27.608305,88.368471,274.4,0.669,14.3,783.1,24.9,Moderate
Sikkim,27.973054,88.752243,69.7,0.353,18.9,1020.1,20.8,Low
Assam,25.395202,94.069794,147.0,0.361,2.0,561.9,29.9,Low
Assam,27.238716,93.824299,51.1,0.116,41.4,1222.0,23.9,Low
Meghalaya,25.181914,92.427649,31.3,0.146,21.2,783.4,26.2,Low
Mizoram,23.301646,92.567214,298.4,0.652,31.6,1857.4,21.1,Moderate
Manipur,24.607934,93.067628,14.3,0.05,41.1,1900.7,19.8,Low
Sikkim,27.15344,88.688992,30.5,0.243,2.0,50.0,31.1,Low
Tripura,22.900019,91.541536,170.9,0.266,42.1,2150.2,13.6,Moderate
Sikkim,27.627012,88.049171,165.9,0.2,19.1,549.1,25.9,Low
Arunachal Pradesh,29.419234,92.743689,61.1,0.245,19.8,564.1,23.5,Low
Meghalaya,25.365038,90.711828,176.3,0.472,47.2,1624.9,20.1,Moderate
Mizoram,22.499083,92.201916,63.4,0.157,57.6,1846.1,19.2,Moderate
Tripura,24.066952,92.256899,49.4,0.157,46.5,2420.2,11.6,Moderate
Meghalaya,25.269152,91.789142,231.8,0.468,14.6,390.0,23.3,Low
Nagaland,26.609603,94.996851,95.0,0.411,2.2,511.6,24.9,Low
Mizoram,22.998836,92.59381,96.9,0.17,37.8,1121.5,24.9,Low
Sikkim,27.390354,88.641359,239.1,0.466,31.0,1241.2,20.3,Moderate
Sikkim,27.980135,88.163453,32.0,0.161,42.4,973.2,21.4,Low
Mizoram,22.864447,93.372522,69.2,0.126,43.0,1982.5,17.8,Moderate
Sikkim,27.968032,88.886373,135.3,0.221,48.2,1257.6,21.8,Moderate
Manipur,25.233072,93.707751,155.6,0.334,60.5,1716.8,19.3,Moderate
Mizoram,23.435658,93.059319,72.0,0.206,42.7,1566.6,22.5,Moderate
Meghalaya,25.094147,91.433491,106.7,0.126,19.7,1483.4,19.7,Low
Mizoram,23.744234,92.417518,155.8,0.296,35.7,1544.9,16.3,Moderate
Tripura,24.149011,91.758905,84.5,0.061,60.8,1577.1,21.8,Low
Sikkim,28.142666,88.03818,185.9,0.293,2.0,50.0,29.0,Low
Manipur,24.30412,94.082797,42.0,0.05,21.5,1217.7,26.0,Low
Manipur,24.363464,94.285963,95.4,0.14,26.3,1135.3,26.3,Low
Nagaland,26.64211,93.505032,113.5,0.153,34.6,1962.2,18.5,Low
Meghalaya,25.616625,91.326672,159.3,0.313,23.0,1051.0,24.1,Moderate
Assam,25.550979,95.577427,234.1,0.296,22.1,893.7,22.9,Moderate
Assam,27.475527,94.092419,212.9,0.597,32.2,1480.6,18.4,Moderate
Mizoram,23.757249,92.800231,114.3,0.409,15.8,463.7,23.3,Low
Nagaland,26.94989,94.689191,54.9,0.246,8.5,484.4,27.5,Low
Arunachal Pradesh,28.686943,96.2393,106.4,0.288,9.0,50.0,31.9,Low
Mizoram,22.612586,93.249192,102.2,0.325,33.0,1488.0,22.4,Low
Nagaland,25.570957,93.990684,244.6,0.413,40.5,1848.6,25.0,Moderate
Meghalaya,25.402733,92.735576,51.7,0.111,35.2,668.2,25.9,Low
Meghalaya,26.027845,91.90351,89.1,0.309,37.6,1961.0,13.6,Moderate
Meghalaya,25.872468,91.486218,157.9,0.288,66.0,2750.4,16.7,Moderate
Meghalaya,26.136509,91.288776,310.9,0.495,26.4,1361.6,23.2,Moderate
Meghalaya,25.456621,90.289106,159.1,0.278,21.0,1300.4,19.2,Moderate
Nagaland,26.693791,94.768888,242.8,0.438,60.1,2112.6,14.5,Moderate
Nagaland,25.930275,93.350387,51.8,0.146,19.0,1396.4,22.5,Low
Manipur,25.394095,93.020552,255.1,0.435,11.3,843.3,24.0,Low
Tripura,24.02592,92.261334,128.0,0.301,17.9,803.0,27.0,Low
Assam,25.838178,91.180332,47.2,0.139,51.6,2046.8,14.2,Moderate
Sikkim,27.845845,88.735415,92.5,0.105,8.9,434.5,25.5,Low
Meghalaya,25.655716,92.701106,164.7,0.204,46.8,2228.8,19.5,Moderate
Arunachal Pradesh,26.655006,94.276376,152.0,0.342,31.9,1930.4,18.4,Moderate
Sikkim,27.862145,88.776376,266.4,0.465,44.7,1616.4,20.2,Moderate
Nagaland,25.540586,94.900007,47.1,0.12,19.0,942.9,24.7,Low
Arunachal Pradesh,28.158121,93.681045,107.2,0.405,24.8,836.3,25.6,Moderate
Arunachal Pradesh,26.895145,96.259127,138.8,0.382,24.2,1519.2,20.1,Moderate
Arunachal Pradesh,26.97182,93.203833,68.1,0.191,49.6,1517.7,22.5,Moderate
Manipur,24.351087,94.568545,108.9,0.204,25.4,1292.3,18.1,Moderate
Nagaland,26.478136,94.893363,19.4,0.05,47.4,1389.0,22.6,Low
Arunachal Pradesh,27.251404,94.936808,42.2,0.138,27.6,1494.0,26.3,Low
Meghalaya,25.686095,92.298491,187.5,0.541,21.7,1224.8,21.2,Moderate
Mizoram,24.255826,92.215804,180.5,0.453,28.5,822.7,26.3,Moderate
Arunachal Pradesh,28.52206,91.785097,215.1,0.38,54.3,2827.6,13.5,Moderate
Manipur,24.842831,93.517739,86.6,0.429,11.6,725.7,26.7,Low
Sikkim,27.368132,88.317663,163.0,0.497,31.5,1379.2,22.7,Moderate
Nagaland,26.380456,93.9681,79.2,0.289,38.2,2287.7,15.3,Moderate
Tripura,24.072318,91.525886,33.4,0.125,20.6,956.5,19.9,Low
Manipur,23.929871,94.410768,97.4,0.514,14.9,904.2,19.8,Low
Arunachal Pradesh,27.357275,93.880218,67.7,0.364,32.8,671.1,25.8,Low
Nagaland,26.502343,93.964912,65.0,0.409,59.3,2654.5,15.0,Moderate
Mizoram,22.047123,92.686097,62.2,0.176,41.6,1246.0,24.1,Low
Arunachal Pradesh,29.333346,95.029539,86.2,0.321,35.4,1726.6,21.0,Moderate
Manipur,25.07581,94.138108,58.7,0.064,37.0,1664.6,17.9,Low
Assam,24.835767,92.335503,142.5,0.261,48.3,2278.8,14.7,Moderate
Meghalaya,25.901128,90.104119,23.4,0.176,22.1,1642.6,18.3,Low
Tripura,23.344564,91.359215,143.1,0.477,50.0,1698.6,17.4,Moderate
Sikkim,27.518423,88.882332,303.7,0.667,45.3,1399.3,26.0,High
Manipur,23.928255,93.933662,34.1,0.29,25.7,947.3,23.5,Low
Nagaland,25.540793,95.241353,45.1,0.05,39.7,1213.4,22.2,Low
Tripura,23.081286,91.524681,118.4,0.341,8.0,957.3,28.0,Low
Tripura,24.080616,91.915921,300.3,0.548,20.4,837.2,21.9,Moderate
Tripura,23.576366,91.450481,256.9,0.386,23.1,835.0,28.5,Moderate
Arunachal Pradesh,27.692837,92.953519,204.9,0.38,15.3,118.5,35.0,Low
Meghalaya,25.2464,91.249119,63.9,0.174,53.8,2023.1,14.2,Moderate
Arunachal Pradesh,27.305601,93.081039,162.6,0.329,50.5,2210.0,18.4,Moderate
Nagaland,26.447837,95.237075,140.1,0.325,62.2,1979.3,17.9,Moderate
Arunachal Pradesh,28.310912,91.923387,78.9,0.116,62.3,2429.0,15.1,Moderate
Assam,24.317451,95.693966,102.9,0.168,14.4,1060.1,25.2,Low
Meghalaya,25.356749,90.076201,76.9,0.239,42.2,1154.8,21.8,Low
Meghalaya,25.718854,91.670946,91.1,0.31,2.3,128.9,29.1,Low
Nagaland,26.432159,93.834804,427.0,0.777,32.0,1237.0,24.1,High
Sikkim,27.018133,88.868514,80.9,0.395,33.5,2355.1,16.5,Moderate
Assam,25.053751,93.958966,71.5,0.168,37.1,2129.1,18.3,Moderate
Manipur,25.142597,94.098013,46.6,0.05,43.1,1682.7,21.6,Low
Arunachal Pradesh,27.438722,92.991029,51.8,0.207,11.0,1029.0,21.3,Low
Mizoram,23.453938,93.325924,204.7,0.181,12.1,716.6,26.5,Low
Arunachal Pradesh,29.340201,92.082482,146.1,0.214,46.1,3031.8,11.5,Moderate
Tripura,23.147726,92.228157,59.8,0.142,41.8,1286.5,25.8,Low
Arunachal Pradesh,28.709606,96.356466,158.0,0.422,53.1,2468.9,16.1,Moderate
Manipur,24.185002,94.057655,79.8,0.095,26.8,565.6,26.4,Low
Arunachal Pradesh,28.603419,95.240615,84.6,0.174,26.9,1239.5,24.0,Low
Assam,25.714237,89.796988,132.4,0.255,45.7,1592.5,21.2,Low
Assam,26.448289,91.29454,63.2,0.408,25.0,1385.4,23.9,Low
Meghalaya,25.540305,92.672743,51.3,0.197,3.2,901.0,26.5,Low
Nagaland,25.958167,94.979603,26.7,0.157,2.0,50.0,29.3,Low
Sikkim,27.226249,88.605214,96.2,0.352,15.6,753.9,26.8,Low
Mizoram,24.440218,92.332461,90.3,0.168,31.6,2283.9,18.0,Low
Tripura,22.913312,91.563658,133.6,0.43,68.1,2676.5,13.4,High
Arunachal Pradesh,26.777876,95.616114,85.9,0.05,33.6,1643.7,16.2,Low
Arunachal Pradesh,29.243646,93.887115,72.7,0.327,17.3,495.2,27.8,Low
Manipur,24.291552,93.781926,39.6,0.05,55.8,1905.4,18.6,Moderate
Nagaland,26.574551,93.318108,80.9,0.247,16.0,613.5,25.4,Low
Assam,26.475707,93.563738,119.6,0.372,19.5,701.2,29.1,Moderate
Mizoram,23.557989,92.514629,42.8,0.153,23.4,679.3,26.3,Low
Meghalaya,25.856863,90.074174,51.7,0.267,27.1,1148.6,21.7,Moderate
Assam,24.836935,95.228061,55.2,0.109,37.5,1328.3,17.0,Low
Tripura,24.081957,91.017869,184.2,0.404,41.8,801.8,25.5,Moderate
Nagaland,25.671915,93.728813,112.8,0.177,49.6,2098.6,20.8,Moderate
Tripura,23.33329,91.321828,90.5,0.251,2.4,50.0,29.2,Low
Sikkim,27.075032,88.413046,23.8,0.167,31.1,1479.7,19.0,Low
Meghalaya,25.87928,91.620195,69.0,0.279,11.7,1114.9,22.6,Low
Sikkim,27.807446,88.073034,30.9,0.05,9.6,649.5,21.6,Low
Manipur,25.607832,94.509285,313.6,0.417,50.0,2389.5,15.6,High
Tripura,24.188145,92.069879,23.2,0.168,57.4,2533.9,15.5,Moderate
Manipur,25.57215,93.979657,132.8,0.372,40.4,1567.1,22.6,Moderate
Arunachal Pradesh,27.100846,94.89231,159.2,0.463,39.1,1000.1,27.3,Low
Sikkim,27.891458,88.664126,297.4,0.618,45.0,1438.5,21.1,Moderate
Nagaland,26.190753,93.436917,68.6,0.207,28.6,1434.8,19.4,Low
Tripura,23.493781,92.196997,77.0,0.103,29.1,1079.1,22.5,Low
Mizoram,23.419567,92.899832,76.4,0.116,13.0,585.1,24.6,Low
Meghalaya,25.322624,90.905347,119.4,0.261,19.5,1106.3,24.2,Low
Assam,27.760454,93.898717,138.3,0.37,24.0,1593.1,20.6,Moderate
Nagaland,26.696035,94.208691,89.5,0.109,13.1,50.0,29.4,Low
Nagaland,26.39747,93.796767,191.9,0.411,18.5,364.3,26.9,Moderate
Manipur,25.140376,93.769682,159.3,0.303,37.3,1776.1,21.3,Moderate
Sikkim,27.531055,88.58439,67.7,0.162,10.3,349.2,31.9,Low
Tripura,24.398049,91.083208,195.9,0.392,29.3,1372.0,23.3,Moderate
Tripura,24.219589,91.380098,81.8,0.156,46.0,1815.6,18.6,Moderate
Arunachal Pradesh,27.831758,91.620523,70.8,0.188,16.3,591.8,25.3,Low
Arunachal Pradesh,27.403138,94.264472,20.3,0.208,18.3,50.0,30.8,Low
Meghalaya,25.067411,91.273287,119.9,0.238,2.0,615.4,26.1,Low
Manipur,25.56151,93.189708,149.5,0.337,20.4,697.3,25.7,Low
Nagaland,26.652437,94.119342,67.7,0.225,34.2,1319.5,20.7,Low
Tripura,23.948278,91.338308,43.7,0.226,36.5,1787.1,22.7,Low
Mizoram,22.31468,92.408601,51.6,0.072,45.8,1921.2,18.3,Low
Manipur,23.933935,93.334164,112.6,0.232,67.7,3500.0,9.8,Moderate
Meghalaya,25.797063,92.445072,59.2,0.163,14.7,1808.8,17.9,Low
Meghalaya,25.976951,91.855403,22.1,0.136,17.2,50.0,24.7,Low
Manipur,24.009821,93.520537,197.0,0.32,13.1,50.0,33.6,Low
Meghalaya,25.371768,90.549871,136.8,0.353,59.4,2753.2,14.2,Moderate
Manipur,24.778511,93.963997,137.7,0.332,17.1,445.4,22.7,Low
Assam,25.498921,91.928872,118.3,0.155,23.7,932.0,24.4,Low
Manipur,25.374256,94.420727,70.0,0.114,65.0,3252.2,8.3,Moderate
Sikkim,27.369355,88.82241,63.4,0.076,14.0,901.1,22.8,Low
Manipur,25.610349,93.588137,119.4,0.498,43.9,2199.3,15.5,Moderate
Meghalaya,25.42531,91.316902,37.1,0.203,46.5,2562.5,14.5,Moderate
Tripura,24.405793,92.139215,142.3,0.507,21.0,854.8,24.8,Moderate
Sikkim,27.123082,88.353458,51.9,0.263,44.2,1837.5,23.4,Moderate
Meghalaya,25.664045,91.309397,69.5,0.206,2.0,461.3,26.1,Low
Arunachal Pradesh,27.081589,96.223492,91.4,0.334,49.5,2200.6,16.7,Moderate
Arunachal Pradesh,28.530822,96.108496,162.6,0.303,26.2,2004.2,19.2,Moderate
Tripura,24.274023,91.972863,42.8,0.248,32.7,1798.5,18.0,Low
Tripura,23.602737,91.793711,83.5,0.233,66.6,2476.3,16.7,Moderate
Sikkim,27.192438,88.606281,83.7,0.195,41.1,1775.1,21.8,Low
Assam,24.752864,94.071882,227.3,0.494,68.2,2972.5,13.1,High
Tripura,23.267357,91.152817,318.1,0.755,4.1,50.0,27.2,Moderate
Arunachal Pradesh,26.995853,91.510957,153.9,0.266,36.6,1784.0,22.8,Moderate
Manipur,25.165605,94.318322,254.9,0.348,24.2,1116.5,26.8,Low
Meghalaya,25.61792,90.284088,142.4,0.278,16.4,289.5,29.7,Low
Arunachal Pradesh,26.750663,91.605209,147.1,0.365,63.0,1760.7,21.6,Moderate
Arunachal Pradesh,26.997245,96.399705,69.5,0.223,2.5,1110.0,26.2,Low
Assam,25.014455,91.931909,118.8,0.22,17.6,1537.0,26.3,Low
Sikkim,27.126415,88.200125,55.8,0.243,38.9,2690.6,10.9,Moderate
Sikkim,27.623069,88.546977,209.4,0.41,26.5,1373.5,21.4,Moderate
Nagaland,25.666169,93.415464,94.2,0.141,8.1,717.2,23.3,Low
Assam,25.642338,91.175481,63.2,0.091,2.0,50.0,31.4,Low
Manipur,24.217152,94.727753,112.1,0.398,15.3,946.4,22.2,Low
Sikkim,27.739561,88.501191,27.4,0.216,11.2,50.0,28.6,Low
Meghalaya,25.49893,91.086833,97.2,0.161,58.0,1965.6,15.7,Moderate
Tripura,23.765448,91.905359,26.2,0.209,48.1,2531.2,10.3,Low
Assam,26.949014,90.781672,88.6,0.238,45.8,1765.1,23.8,Moderate
Tripura,23.70018,91.535546,34.2,0.188,71.6,3471.6,9.7,Moderate
Arunachal Pradesh,29.111581,94.972804,38.2,0.145,6.4,1498.9,19.9,Low
Meghalaya,25.639005,90.146184,31.0,0.081,45.2,2428.2,17.3,Low
Meghalaya,25.726765,90.151612,132.0,0.304,15.9,1058.8,26.9,Low
Arunachal Pradesh,27.51162,92.285631,280.1,0.481,14.1,1205.2,20.1,Moderate
Assam,26.906709,90.999388,192.2,0.559,50.9,2561.5,15.0,Moderate
Arunachal Pradesh,27.675578,96.426211,76.6,0.306,33.1,1438.0,21.4,Low
Tripura,23.226906,91.660147,327.3,0.627,8.0,820.9,25.2,Moderate
Nagaland,25.996616,93.336248,111.8,0.239,4.3,563.2,28.6,Low
Meghalaya,25.95131,90.007138,49.8,0.225,35.2,1486.4,23.0,Moderate
Mizoram,23.133063,92.928882,281.5,0.46,36.3,1550.0,18.7,Moderate
Mizoram,23.533909,93.095221,20.4,0.207,44.5,1883.9,17.6,Low
Tripura,23.305236,91.012972,36.2,0.21,25.8,1133.0,22.9,Low
Manipur,25.174543,93.964182,156.0,0.288,63.8,2542.5,13.8,Moderate
Sikkim,28.003341,88.73925,147.8,0.228,27.7,1224.9,24.4,Moderate
Arunachal Pradesh,29.029979,94.168021,237.4,0.449,2.0,50.0,29.2,Low
Arunachal Pradesh,27.500885,95.85357,164.3,0.327,28.6,1845.9,19.1,Moderate
Manipur,24.657459,93.330196,279.7,0.447,39.4,2174.7,17.3,High
Manipur,25.424451,94.588608,280.3,0.458,17.9,1314.7,22.7,Moderate
Tripura,23.646096,91.09841,80.4,0.226,40.3,1494.8,19.0,Moderate
Tripura,23.520522,92.044599,421.3,0.678,41.0,898.1,25.1,High
Manipur,25.513371,93.366251,314.5,0.524,27.5,1531.0,21.2,High
Meghalaya,25.080368,92.432051,82.1,0.305,42.5,2577.4,9.0,Moderate
Tripura,23.523048,91.704289,86.4,0.297,50.8,2303.8,12.5,Moderate
Nagaland,27.039325,93.433129,15.6,0.147,44.7,701.3,31.6,Low
Tripura,23.937309,91.096337,323.8,0.724,31.0,1669.9,19.5,High
Arunachal Pradesh,27.626407,95.92098,87.4,0.05,13.1,711.0,27.6,Low
Tripura,23.593556,92.296337,14.2,0.123,41.2,1794.0,17.0,Low
Meghalaya,25.670871,90.763486,72.8,0.279,41.1,1584.6,22.3,Moderate
Manipur,24.218212,93.630937,77.6,0.168,22.9,729.3,27.6,Low
Arunachal Pradesh,27.6176,91.877925,99.8,0.265,19.7,763.2,23.3,Low
Tripura,23.491319,91.60351,29.2,0.305,16.6,202.6,27.7,Low
Meghalaya,25.867285,91.770188,218.3,0.491,34.6,2114.0,13.0,Moderate
Nagaland,26.546655,93.316727,366.4,0.54,25.1,1282.1,21.9,Moderate
Tripura,23.248268,91.86019,64.8,0.078,33.5,1789.4,15.5,Moderate
Meghalaya,25.580787,89.81594,29.1,0.185,44.8,1152.0,20.4,Low
Nagaland,26.72854,94.845619,189.1,0.312,23.2,1053.0,24.1,Moderate
Manipur,24.841996,93.119634,155.0,0.28,47.8,1802.3,20.1,Moderate
Tripura,24.126424,91.758828,118.9,0.237,43.9,1873.7,15.9,Moderate
Nagaland,26.685724,94.803494,105.2,0.403,40.3,671.5,24.0,Moderate
Arunachal Pradesh,28.909006,94.349044,218.0,0.458,26.8,1439.8,21.2,Moderate
Manipur,24.066617,94.208083,135.7,0.344,44.4,2379.0,18.5,Moderate
Arunachal Pradesh,28.361421,95.582393,144.3,0.246,11.8,1352.6,22.5,Low
Mizoram,22.341691,92.453468,50.8,0.156,18.1,565.3,27.0,Low
Assam,27.73972,94.42486,94.3,0.185,16.9,263.1,30.0,Low
Tripura,24.353166,91.98633,91.8,0.199,39.9,1447.3,17.7,Moderate
Nagaland,26.334595,94.608265,87.0,0.094,27.8,2049.0,18.9,Moderate
Assam,27.734337,93.346483,96.6,0.172,8.5,50.0,34.0,Low
Assam,26.656044,90.685803,286.7,0.309,31.9,2076.6,15.2,Moderate
Nagaland,26.10045,94.732794,145.8,0.369,28.7,2043.1,16.9,Low
Manipur,24.314791,93.364058,71.2,0.126,49.4,2367.2,20.1,Moderate
Tripura,23.402123,91.313951,40.3,0.246,52.7,2245.8,16.4,Moderate
Mizoram,22.458773,92.752306,277.1,0.463,9.8,899.4,24.1,Moderate
Arunachal Pradesh,29.223516,94.288828,206.9,0.547,44.8,1798.7,17.3,Moderate
Meghalaya,25.225504,90.030915,39.7,0.332,30.6,818.1,25.4,Low
Arunachal Pradesh,28.588468,93.605393,95.2,0.171,33.3,1856.4,19.6,Low
Meghalaya,25.986197,91.778532,33.4,0.254,2.0,167.4,28.8,Low
Arunachal Pradesh,28.888724,92.995703,113.7,0.453,25.3,448.2,26.9,Moderate
Nagaland,26.515482,93.828124,152.8,0.306,43.0,1856.0,20.9,Moderate
Mizoram,24.341578,93.027287,83.0,0.05,20.4,447.9,31.9,Low
Tripura,23.419219,91.350365,110.2,0.148,18.5,775.3,22.0,Low
Meghalaya,25.229112,91.883923,127.6,0.402,19.0,948.7,27.6,Moderate
Tripura,23.249945,91.773894,137.9,0.239,16.1,897.6,25.6,Low
Tripura,23.323416,91.86056,77.7,0.271,46.9,2044.2,23.2,Moderate
Tripura,24.203904,92.011433,88.0,0.3,51.1,2649.3,14.4,Moderate
Sikkim,27.913022,88.16895,52.1,0.085,29.1,1519.4,21.3,Low
Manipur,23.967931,94.258108,145.4,0.469,63.3,2836.6,9.8,Moderate
Arunachal Pradesh,27.605042,93.877904,24.2,0.249,18.9,297.1,29.7,Low
Tripura,22.949839,91.337449,47.9,0.165,13.9,711.9,24.6,Low
Arunachal Pradesh,26.601029,96.335522,49.4,0.129,24.3,627.6,23.9,Low
Tripura,23.289435,91.724538,32.9,0.122,13.5,564.1,27.5,Low
Meghalaya,25.046775,91.800542,163.3,0.435,70.1,3392.8,16.0,High
Manipur,24.413752,94.616255,149.2,0.317,45.8,2270.9,17.4,Moderate
Manipur,25.487425,93.585523,2.9,0.05,38.8,1165.8,20.7,Low
Nagaland,26.911826,95.292315,31.9,0.168,26.6,1052.3,21.6,Low
Sikkim,27.990499,88.760384,370.8,0.697,36.2,1925.8,13.5,High
Nagaland,25.673117,94.453405,121.1,0.415,22.6,464.6,30.3,Low
Nagaland,25.327786,93.489836,99.8,0.185,26.8,1068.9,20.8,Low
Nagaland,27.097896,93.953278,143.2,0.36,29.4,1056.4,25.3,Moderate
Nagaland,26.621549,94.91333,129.3,0.245,60.9,2776.7,14.0,Moderate
Nagaland,26.830244,95.295257,227.5,0.365,41.4,2013.0,23.2,Moderate
Mizoram,22.527891,92.252456,222.9,0.401,22.2,1155.5,22.1,Moderate
Manipur,24.581264,93.234145,161.3,0.318,19.7,1219.2,18.7,Low
Nagaland,25.242609,94.020854,153.3,0.373,13.7,1076.9,26.4,Moderate
Tripura,24.153981,91.736035,45.3,0.204,6.1,115.3,29.3,Low
Manipur,24.394278,94.177816,117.8,0.25,37.5,1489.8,19.6,Low
Manipur,24.240835,93.025887,90.6,0.14,30.3,1212.0,21.8,Low
Assam,27.210284,93.629581,101.8,0.286,24.6,861.2,25.1,Low
Mizoram,23.881987,92.250619,141.9,0.395,36.4,1100.5,19.9,Moderate
Nagaland,26.790527,94.539052,62.5,0.338,43.0,1716.9,18.7,Moderate
Arunachal Pradesh,28.190186,94.935377,44.4,0.116,53.9,3046.8,10.8,Moderate
Meghalaya,26.03732,91.56081,101.4,0.085,9.0,366.1,29.3,Low
Sikkim,27.69714,88.891611,62.8,0.066,48.6,1637.2,19.9,Moderate
Tripura,24.110768,91.574982,53.2,0.239,51.1,1864.6,15.8,Moderate
Arunachal Pradesh,28.622191,93.640768,61.9,0.292,12.7,50.0,31.9,Low
Mizoram,22.495076,92.975907,114.1,0.288,13.9,655.9,23.9,Low
Meghalaya,26.113819,92.587419,335.5,0.547,21.1,957.4,26.9,Moderate
Mizoram,22.788954,92.885981,83.4,0.284,33.3,638.3,26.8,Low
Tripura,23.238617,92.29432,188.9,0.271,57.2,2557.4,17.5,Moderate
Manipur,25.664124,94.169116,173.8,0.612,50.2,2024.3,18.8,High
Meghalaya,25.965297,91.9453,68.8,0.227,37.3,1633.7,21.2,Low
Manipur,24.927001,93.096026,207.6,0.423,35.8,1295.2,20.5,Moderate
Tripura,23.627623,91.877222,395.2,0.701,31.3,1431.1,17.7,High
Arunachal Pradesh,28.532595,93.552174,111.6,0.17,56.2,2870.3,11.7,Moderate
Tripura,24.406707,91.217564,74.5,0.071,46.9,1541.3,19.3,Moderate
Arunachal Pradesh,28.001078,95.299862,165.6,0.442,36.0,1920.1,20.9,Moderate
Meghalaya,25.836563,91.745917,364.3,0.396,2.0,381.7,25.0,Moderate
Meghalaya,25.330346,90.26862,41.9,0.05,10.0,194.2,33.6,Low
Nagaland,26.408287,94.498604,49.9,0.427,35.1,1596.5,22.3,Moderate
Mizoram,22.366326,93.116681,86.3,0.16,30.2,1334.3,21.7,Moderate
Nagaland,26.064827,94.635521,200.0,0.47,15.3,305.3,25.9,Moderate
Mizoram,24.077154,92.420647,45.9,0.373,12.3,1249.0,23.3,Low
Nagaland,25.236375,94.858205,230.3,0.51,22.7,1151.0,23.3,Moderate
Manipur,24.958425,94.259351,61.4,0.251,2.0,50.0,32.5,Low
Meghalaya,26.005786,92.208433,68.0,0.185,35.4,538.7,25.0,Low
Arunachal Pradesh,29.38276,94.447643,82.5,0.197,41.7,2425.5,13.3,Low
Mizoram,23.170089,92.722453,86.7,0.265,42.1,1764.2,20.6,Moderate
Tripura,23.145906,91.744389,39.2,0.206,34.2,880.6,27.3,Low
Mizoram,22.620233,93.3977,452.4,0.79,29.5,759.4,25.4,High
Arunachal Pradesh,28.249572,94.760621,125.5,0.306,47.1,1907.6,17.6,Moderate
Nagaland,25.874357,93.403979,101.6,0.262,75.0,3500.0,10.7,Moderate
Mizoram,21.982534,92.750336,107.2,0.282,23.7,1207.9,21.2,Low
Sikkim,27.101478,88.546162,87.0,0.37,11.1,1283.6,22.6,Low
Manipur,25.473849,94.589247,131.5,0.323,67.3,2549.2,11.0,High
Meghalaya,25.790854,90.433695,43.8,0.12,35.9,1358.6,23.1,Low
Arunachal Pradesh,29.08899,96.373514,129.5,0.255,20.3,1061.6,25.4,Low
Meghalaya,25.235984,92.012278,139.4,0.49,35.0,2293.6,15.6,Moderate
Sikkim,27.343823,88.722376,212.8,0.469,9.8,1034.8,25.6,Moderate
Mizoram,24.492819,92.239034,311.3,0.575,46.0,1796.5,20.4,High
Mizoram,24.233151,93.00942,71.1,0.175,34.9,1719.8,18.1,Moderate
Tripura,24.457412,91.604512,15.2,0.05,25.8,815.9,22.0,Low
Sikkim,28.016866,88.056155,98.7,0.271,52.8,2168.3,19.3,Moderate
Arunachal Pradesh,27.505837,91.868591,81.8,0.206,24.2,1143.9,23.1,Low
Tripura,24.460549,92.062066,298.2,0.548,38.7,1996.3,20.3,High
Manipur,25.41984,94.688337,124.1,0.393,28.8,2103.3,18.0,Moderate
Tripura,23.036166,91.501277,39.0,0.295,35.7,827.6,27.3,Low
Assam,24.298347,91.027997,164.0,0.288,16.9,350.5,26.1,Moderate
Arunachal Pradesh,27.188097,94.08009,55.7,0.15,28.1,959.2,20.5,Low
Assam,25.127961,90.336162,86.3,0.353,2.0,906.0,24.2,Low
Sikkim,27.200989,88.132548,121.2,0.312,20.8,717.1,32.4,Low
Nagaland,27.048846,94.818585,106.0,0.362,41.0,1371.7,19.1,Moderate
Assam,28.064598,92.470365,74.2,0.146,10.2,218.0,24.3,Low
Manipur,24.3289,94.436928,146.2,0.266,67.3,2810.7,12.3,Moderate
Tripura,23.422006,91.389198,106.3,0.262,38.4,1435.6,20.8,Moderate
Nagaland,25.641761,93.559358,57.8,0.194,27.0,1317.9,20.6,Low
Tripura,23.310341,91.461916,121.3,0.437,50.9,2420.9,14.5,Moderate
Assam,26.830776,90.094159,109.2,0.369,33.5,1514.6,17.5,Low
Tripura,23.236811,92.051731,174.0,0.313,46.8,1804.2,19.3,Moderate
Sikkim,27.176306,88.308381,103.9,0.343,32.5,1323.2,19.8,Moderate
Nagaland,26.842852,93.609851,101.3,0.279,24.1,698.2,26.5,Low
Sikkim,27.099284,88.436084,29.7,0.135,41.5,1811.2,16.9,Low
Assam,25.270162,93.249473,314.7,0.445,32.8,1750.5,21.0,Moderate
Sikkim,27.964566,88.123434,91.4,0.355,33.6,836.8,27.1,Moderate
Manipur,24.903328,93.909916,55.4,0.126,34.8,2056.6,16.0,Moderate
Assam,24.605131,93.63119,164.1,0.488,17.2,594.0,29.9,Low
Assam,25.14929,92.773356,100.8,0.231,31.3,1356.8,24.5,Low
Assam,24.345544,92.59538,77.5,0.115,59.1,2631.8,17.4,Moderate
Arunachal Pradesh,27.41939,96.023097,61.6,0.157,55.2,1984.3,19.3,Moderate
Tripura,22.991166,91.544189,117.9,0.194,58.7,2010.3,19.7,Moderate
Arunachal Pradesh,27.875294,95.487533,152.6,0.184,7.8,479.9,27.0,Low
Arunachal Pradesh,28.222863,95.169668,89.0,0.324,36.8,1351.6,20.3,Moderate
Manipur,25.276394,94.551965,88.7,0.187,37.2,1137.9,27.1,Low
Nagaland,25.796363,94.376045,156.3,0.498,51.7,1946.1,19.8,Moderate
Tripura,24.244173,92.286286,97.8,0.229,39.2,1885.7,15.6,Low
Sikkim,28.067423,88.334321,55.4,0.183,41.1,1231.3,21.0,Low
Mizoram,22.407433,92.83621,480.1,0.875,17.9,587.2,23.4,High
Assam,27.114894,92.803185,159.1,0.119,23.5,1315.6,22.5,Moderate
Sikkim,27.579817,88.754407,41.6,0.397,7.7,50.0,33.8,Low
Assam,25.517896,95.116706,108.8,0.268,44.0,1742.6,19.8,Moderate
Manipur,24.572929,93.59082,157.6,0.263,66.3,2899.1,14.0,Moderate
Assam,25.906758,94.503416,121.8,0.208,31.3,973.7,24.6,Moderate
Arunachal Pradesh,26.878006,92.580306,181.3,0.453,26.2,1566.3,19.3,Moderate
Tripura,24.422312,91.228139,291.8,0.472,28.1,630.7,31.0,Moderate
Mizoram,23.376091,92.953109,28.1,0.218,2.0,50.0,27.6,Low
Meghalaya,25.587549,91.734236,103.8,0.316,26.0,1183.4,25.8,Low
Assam,24.965272,93.181772,52.7,0.161,50.6,2354.4,17.3,Low
Sikkim,27.446608,88.595501,70.4,0.241,2.0,441.2,25.3,Low
Arunachal Pradesh,26.923671,94.639826,128.8,0.109,23.8,853.2,23.5,Low
Meghalaya,25.222324,90.635929,147.5,0.311,34.3,1408.1,20.3,Moderate
Mizoram,22.468645,92.437689,64.3,0.123,39.3,1391.1,23.7,Low
Meghalaya,25.990853,90.657123,118.3,0.404,51.9,2411.7,15.1,Moderate
Arunachal Pradesh,29.281371,96.834596,75.2,0.35,61.1,1718.2,20.9,Moderate
Tripura,23.814017,91.185901,83.0,0.504,29.4,807.9,23.7,Moderate
Tripura,23.499277,92.037052,373.7,0.813,2.0,50.0,28.9,Moderate
Nagaland,25.898042,93.474034,135.1,0.327,34.1,1711.9,17.3,Moderate
Tripura,23.790856,92.098657,27.9,0.232,47.3,2126.2,12.3,Moderate
Nagaland,26.71226,93.650246,65.8,0.284,22.8,715.5,28.1,Moderate
Meghalaya,25.807318,90.461513,393.9,0.633,60.1,2137.6,17.3,High
Manipur,24.214594,94.573329,182.1,0.157,27.2,1864.2,18.0,Low
Sikkim,27.299603,88.236923,209.9,0.449,21.8,645.4,28.8,Low
Sikkim,27.000784,88.783602,146.3,0.425,59.6,2562.5,12.0,Moderate
Meghalaya,25.951114,91.681987,79.9,0.404,38.6,877.3,26.1,Low
Assam,27.151116,90.657906,129.6,0.44,24.2,1422.4,22.4,Moderate
Assam,25.924959,91.912682,26.9,0.241,39.4,1382.8,21.4,Low
Tripura,23.050042,91.63197,116.6,0.299,43.0,2381.4,13.2,Moderate
Sikkim,28.104888,88.036053,104.6,0.173,38.3,746.0,25.5,Moderate
Sikkim,27.349753,88.186787,83.2,0.335,46.5,2355.8,17.5,Moderate
Nagaland,25.652479,95.116869,119.1,0.327,20.2,960.6,20.4,Moderate
Manipur,24.689331,93.839339,336.9,0.824,2.0,948.9,24.8,Moderate
Arunachal Pradesh,28.781727,92.349707,165.0,0.533,28.3,1614.2,20.6,Moderate
Assam,26.046514,92.408907,197.0,0.368,34.3,2075.5,15.9,Moderate
Sikkim,27.716293,88.899602,88.9,0.23,39.1,1417.0,23.0,Low
Nagaland,26.661953,94.095731,56.4,0.53,20.4,1364.2,23.7,Moderate
Mizoram,24.051638,92.421921,88.8,0.356,33.8,1325.5,21.9,Low
Nagaland,25.257881,93.708897,54.7,0.154,46.8,1643.6,23.4,Moderate
Assam,25.429729,92.916659,58.7,0.388,23.9,1511.1,21.6,Low
Assam,26.583542,95.436816,103.6,0.185,29.0,639.3,24.8,Low
Nagaland,26.168723,94.302551,120.4,0.278,23.8,705.0,19.9,Moderate
Arunachal Pradesh,26.650729,91.692014,187.8,0.311,10.9,90.6,29.7,Low
Meghalaya,25.661392,91.114536,117.2,0.304,34.8,983.2,23.7,Low
Assam,27.524558,90.712281,113.4,0.138,32.7,1321.3,23.5,Moderate
Nagaland,25.247446,94.198078,43.8,0.192,36.2,1884.9,23.7,Low
Sikkim,27.284974,88.044653,94.6,0.153,32.2,1789.5,19.6,Moderate
Nagaland,26.576737,93.523186,150.5,0.39,14.1,999.4,23.4,Low
Manipur,24.955807,93.50589,116.9,0.162,31.6,1626.3,20.6,Low
Meghalaya,25.208195,90.939255,14.5,0.28,47.8,1910.0,18.0,Moderate
Mizoram,23.983759,92.709722,203.3,0.51,32.5,1356.1,23.1,Moderate
Arunachal Pradesh,28.752309,92.190175,11.5,0.146,24.3,1144.8,24.0,Low
Tripura,24.136434,91.308013,69.3,0.331,29.5,1128.6,22.8,Low
Mizoram,23.661222,92.935516,135.4,0.174,36.3,2097.8,12.9,Moderate
Meghalaya,26.114974,90.961968,57.4,0.05,35.6,1298.5,18.3,Low
Meghalaya,25.079398,89.857466,113.2,0.192,49.7,2455.2,10.8,Moderate
Meghalaya,25.99223,91.374207,115.9,0.174,22.9,663.5,27.3,Low
Mizoram,23.915635,92.504753,76.8,0.198,58.5,2212.6,14.3,Moderate
Sikkim,27.4141,88.027093,49.1,0.217,8.7,1036.9,28.1,Low
Meghalaya,26.153791,91.803604,246.9,0.467,27.9,1441.6,18.4,Moderate
Nagaland,26.97309,93.830993,210.2,0.494,26.0,989.9,22.2,Moderate
Mizoram,23.489805,93.08205,7.0,0.069,26.7,1268.7,21.8,Low
Tripura,23.40808,92.102542,72.4,0.332,21.9,837.4,23.4,Low
Meghalaya,26.136594,92.454565,116.3,0.245,13.7,1314.0,24.2,Low
Nagaland,26.604227,93.854929,48.7,0.168,43.1,1225.6,19.9,Low
Sikkim,27.337939,88.867024,94.4,0.424,29.0,1045.2,25.1,Low
Manipur,23.819541,94.28889,12.8,0.062,57.3,2040.3,17.4,Low
Sikkim,27.847495,88.560421,201.2,0.46,36.5,1742.8,18.6,High
Tripura,24.484174,91.405443,12.4,0.2,33.9,806.6,25.6,Low
Meghalaya,25.407966,90.036818,43.6,0.109,18.0,1250.6,19.9,Low
Tripura,23.608477,91.339363,127.3,0.252,41.5,1765.3,21.7,Moderate
Mizoram,22.792805,93.284943,241.7,0.364,70.6,2530.9,13.7,High
Assam,27.929035,90.870118,76.1,0.347,33.6,1729.1,23.3,Moderate
Meghalaya,25.447011,92.585892,46.5,0.05,19.5,1808.4,19.1,Low
Assam,24.259596,90.281871,116.0,0.245,14.7,588.9,25.6,Low
Nagaland,25.509303,94.490426,156.5,0.412,54.1,1788.6,17.1,Moderate
Manipur,24.085897,94.742537,79.4,0.248,33.8,1397.7,21.8,Low
Arunachal Pradesh,27.840144,94.258349,38.7,0.05,2.0,595.0,24.0,Low
Tripura,23.294654,91.612248,107.0,0.314,20.2,1261.1,18.6,Low
Sikkim,27.794296,88.676059,82.3,0.27,22.1,942.5,24.9,Low
Manipur,25.232349,94.040204,34.1,0.127,38.6,812.7,24.3,Low
Meghalaya,26.085232,92.252224,95.8,0.352,38.9,1562.7,21.3,Moderate
Assam,27.179602,90.050315,230.9,0.43,2.0,108.7,30.7,Low
Sikkim,27.008254,88.191203,272.2,0.48,27.4,1293.7,19.7,Moderate
Assam,26.786799,92.290544,221.4,0.554,39.2,982.5,26.8,Moderate
Mizoram,22.946256,93.349963,97.3,0.059,16.5,1470.3,24.6,Low
Assam,27.761364,95.427804,191.1,0.507,54.6,1428.3,20.3,High
Mizoram,22.716083,93.098373,122.6,0.246,60.8,2265.7,16.5,Moderate
Nagaland,25.716103,93.68122,194.8,0.593,57.7,1433.7,18.8,High
Sikkim,27.221559,88.307897,100.0,0.322,13.1,252.2,32.2,Low
Sikkim,27.515949,88.747854,84.4,0.232,20.7,1050.6,24.1,Low
Arunachal Pradesh,26.859673,95.542092,66.8,0.229,30.4,1207.3,22.9,Low
Meghalaya,25.637746,90.663836,203.2,0.355,45.2,2316.4,16.7,Moderate
Mizoram,23.181331,92.589925,72.4,0.324,26.6,1544.4,22.0,Moderate
Arunachal Pradesh,28.288246,93.886142,107.5,0.247,27.8,1020.6,25.9,Low
Assam,24.690503,90.434473,93.8,0.372,2.0,446.6,26.8,Low
Assam,26.296122,95.385202,181.9,0.573,46.3,1613.2,18.9,High
Arunachal Pradesh,27.531873,95.531501,204.2,0.267,18.6,1012.6,17.5,Low
Sikkim,27.790394,88.838399,98.0,0.299,34.5,2175.9,15.0,Moderate
Assam,27.44812,93.269613,59.3,0.321,46.3,2405.3,13.8,Moderate
Tripura,23.951249,92.167902,55.4,0.32,16.9,1196.2,22.4,Low
Nagaland,25.959086,93.953589,246.5,0.477,40.9,1000.0,26.1,Moderate
Nagaland,25.220541,94.953102,83.2,0.249,36.8,1071.0,23.3,Low
Tripura,24.181569,91.135791,93.7,0.326,24.8,1070.0,21.0,Low
Arunachal Pradesh,28.230572,94.051899,122.1,0.238,22.8,770.4,27.2,Low
Tripura,23.089935,92.274739,135.4,0.364,47.1,1590.1,14.9,Moderate
Mizoram,22.458209,92.287404,113.8,0.27,12.6,759.1,25.9,Low
Mizoram,23.446603,93.160527,98.2,0.182,21.5,829.6,23.8,Low
Arunachal Pradesh,26.59733,95.122947,60.8,0.194,19.3,1105.9,24.6,Low
Tripura,23.751667,91.134245,145.8,0.3,40.6,1426.3,20.7,Moderate
Mizoram,22.348562,92.938367,160.9,0.539,29.4,1640.9,22.0,Moderate
Sikkim,27.355629,88.844484,166.3,0.426,32.5,1503.3,21.4,Moderate
Tripura,24.209984,92.278637,154.7,0.344,19.8,1144.5,19.9,Moderate
Sikkim,27.311605,88.872751,68.9,0.158,40.2,1712.9,23.4,Low
Mizoram,23.021208,92.651774,64.1,0.465,12.3,687.5,23.3,Low
Nagaland,25.295664,93.405531,78.6,0.082,22.3,842.9,25.1,Low
Mizoram,23.699229,92.795308,56.1,0.211,2.0,790.3,26.1,Low
Sikkim,27.271826,88.552573,33.2,0.133,2.0,50.0,29.8,Low
Manipur,24.28043,94.039737,37.9,0.145,28.7,1653.1,23.0,Low
Meghalaya,25.43105,92.270657,145.5,0.352,44.1,1674.5,17.4,Moderate
Assam,27.446924,92.707308,144.8,0.293,29.0,1122.7,22.7,Low
Tripura,23.461311,91.471328,40.6,0.188,23.4,453.9,22.9,Low
Manipur,25.330858,93.590723,69.4,0.294,57.6,2357.6,15.3,Moderate
Mizoram,22.443554,92.310095,257.5,0.349,29.7,1348.2,27.5,Moderate
Nagaland,26.086717,94.264264,176.4,0.306,61.1,1746.5,21.9,Moderate
Arunachal Pradesh,29.022726,92.716813,54.9,0.19,18.7,950.2,23.8,Low
Mizoram,22.890577,93.250927,148.0,0.275,47.3,2691.4,18.3,Moderate
Nagaland,26.764885,94.069222,27.8,0.05,53.3,2056.4,16.8,Low
Meghalaya,25.550949,90.709858,132.8,0.405,3.1,358.7,24.1,Low
Mizoram,24.324643,92.354237,178.1,0.12,21.7,1025.7,20.9,Low
Sikkim,28.120499,88.61548,156.8,0.43,13.3,471.4,27.6,Low
Arunachal Pradesh,28.094716,91.679625,144.2,0.318,12.9,623.2,26.0,Low
Nagaland,26.103633,94.115496,194.8,0.552,30.7,1228.7,25.4,Moderate
Nagaland,25.506316,94.612819,90.9,0.274,2.0,520.4,28.6,Low
Nagaland,27.045187,94.424378,65.2,0.133,21.4,1092.1,23.1,Low
Meghalaya,25.857704,90.005351,142.7,0.314,44.2,1752.0,20.1,Low
Mizoram,22.985934,92.351266,65.7,0.084,36.1,1195.9,23.3,Low
Meghalaya,25.735355,92.615446,68.1,0.268,18.8,1126.4,15.9,Low
Tripura,23.958844,91.099844,98.9,0.388,49.6,2113.5,17.8,Moderate
Assam,25.489598,93.169179,127.4,0.281,4.4,532.8,26.0,Moderate
Assam,25.693473,94.951957,200.3,0.481,63.5,3124.4,9.6,High
Tripura,24.203474,91.79538,27.1,0.414,36.1,2357.2,15.4,Moderate
Mizoram,22.870991,92.531937,280.8,0.422,11.5,269.6,24.5,Moderate
Sikkim,27.127049,88.319408,81.2,0.25,22.0,890.1,22.6,Low
Meghalaya,25.495807,91.827469,15.0,0.111,50.0,1869.7,20.2,Low
Arunachal Pradesh,28.474479,91.885595,16.4,0.259,30.7,1194.5,26.5,Low
Nagaland,25.950993,93.663558,47.5,0.234,34.5,1708.8,22.0,Low
Nagaland,25.497944,94.954604,49.5,0.05,39.1,1486.3,23.4,Moderate
Mizoram,22.00898,92.744938,92.5,0.363,22.2,536.7,20.9,Low
Sikkim,27.201844,88.791397,129.8,0.365,30.3,780.5,31.6,Low
Assam,26.33957,91.157698,113.2,0.227,30.5,2183.8,14.8,Moderate
Assam,26.110195,94.308364,149.3,0.231,7.5,587.0,26.9,Low
Nagaland,27.020424,93.740892,203.3,0.266,13.8,1022.1,23.6,Moderate
Mizoram,24.204073,93.414595,16.6,0.31,9.6,302.9,25.6,Low
Meghalaya,26.099705,91.706243,126.6,0.333,16.1,1133.6,19.8,Moderate
Assam,26.645247,92.240227,17.4,0.201,32.3,1024.5,25.6,Low
Meghalaya,25.902877,91.393882,24.6,0.061,23.6,1396.7,19.2,Low
Sikkim,27.812926,88.385612,176.7,0.296,69.5,2842.4,11.6,High
Assam,27.072285,94.894171,174.2,0.33,20.6,422.0,27.0,Low
Assam,24.615032,94.947457,54.6,0.151,24.9,2029.2,18.5,Low
Manipur,24.826563,94.520399,145.7,0.407,36.0,1835.7,18.8,Moderate
Assam,25.811467,92.087955,136.7,0.364,27.2,1383.9,19.5,Moderate
Tripura,24.364097,91.32652,127.0,0.336,43.0,1150.1,26.6,Low
Arunachal Pradesh,29.032637,94.162113,99.4,0.312,32.4,1437.1,16.5,Moderate
Tripura,23.722553,91.401009,101.6,0.256,32.2,912.1,24.0,Low
Mizoram,23.38991,92.622775,151.0,0.387,16.8,333.8,29.5,Moderate
Mizoram,22.0021,92.553598,113.9,0.075,24.9,610.2,24.5,Low
Meghalaya,25.007655,92.735064,93.6,0.217,19.9,656.9,30.8,Low
Tripura,24.445196,91.513702,19.1,0.05,41.4,2230.1,15.0,Low
Tripura,24.065393,91.449548,85.2,0.161,36.7,2096.0,20.3,Low
Tripura,23.973749,92.047059,145.9,0.374,31.9,1061.2,21.9,Moderate
Sikkim,28.136107,88.360191,419.2,0.913,44.8,1809.2,15.2,High
Assam,27.289852,91.375349,78.5,0.275,42.6,1754.7,24.2,Low
Arunachal Pradesh,29.470997,91.641733,107.1,0.266,2.0,50.0,29.1,Low
Meghalaya,25.724235,91.778518,31.5,0.317,41.6,2127.8,17.3,Moderate
Tripura,24.000873,91.156504,111.7,0.232,39.7,706.6,25.8,Low
Tripura,24.401648,91.235538,307.1,0.525,38.4,2237.3,19.0,High
Manipur,24.983231,93.400817,62.2,0.269,7.7,50.0,30.8,Low
Meghalaya,25.36866,91.439376,86.9,0.177,23.5,1171.0,23.6,Low
Tripura,23.567509,91.208293,142.4,0.292,61.0,1890.8,16.7,Moderate
Meghalaya,25.205124,91.054434,76.4,0.101,29.8,631.0,26.2,Low
Assam,27.180589,95.357177,243.4,0.574,65.9,1687.7,23.7,Moderate
Manipur,23.959843,93.707587,53.1,0.267,41.5,2510.8,17.3,Moderate
Meghalaya,25.120295,89.849777,96.6,0.088,31.4,539.9,28.7,Low
Arunachal Pradesh,28.485156,94.813472,143.2,0.165,39.0,1238.3,22.9,Moderate
Arunachal Pradesh,26.989057,92.785971,89.4,0.494,19.6,1097.3,20.1,Moderate
Mizoram,21.96164,93.285431,122.8,0.462,30.7,1671.3,16.9,Low
Manipur,25.651912,93.243827,22.9,0.098,54.1,2633.9,14.8,Low
Manipur,24.239803,94.563137,223.5,0.463,35.4,2048.0,15.0,Moderate
Mizoram,24.308806,92.745516,35.6,0.05,40.0,1138.5,23.6,Low
Meghalaya,25.060747,89.918176,143.7,0.307,18.6,685.5,21.5,Low
Manipur,24.890505,93.707211,58.2,0.152,18.0,630.7,21.2,Low
Arunachal Pradesh,26.585957,94.707888,23.9,0.062,25.0,762.5,26.6,Low
Arunachal Pradesh,26.533908,95.830546,125.8,0.314,2.0,50.0,30.7,Low
Tripura,23.390293,91.052335,198.5,0.418,31.6,638.0,23.7,Moderate
Assam,26.471079,92.205412,192.6,0.541,2.0,50.0,32.6,Low
Manipur,25.650221,93.979558,160.4,0.309,6.6,50.0,32.8,Low
Meghalaya,25.330287,91.928317,88.2,0.176,55.2,2697.1,15.7,Moderate
Mizoram,22.605879,93.375516,87.7,0.234,20.0,1444.2,23.9,Low
Mizoram,22.874277,92.914829,24.1,0.148,62.0,2429.9,15.5,Moderate
Meghalaya,25.060688,91.078364,67.7,0.125,55.4,2110.2,16.1,Moderate
Sikkim,27.998836,88.725084,127.5,0.202,26.4,1267.9,23.1,Low
Nagaland,25.626205,93.752158,158.9,0.391,55.6,2850.0,9.6,Moderate
Assam,27.432682,95.56151,115.1,0.154,12.3,901.2,29.0,Low
Mizoram,22.147938,92.785076,121.9,0.345,2.0,353.0,23.9,Low
Manipur,24.441163,94.567239,30.4,0.319,50.0,2360.8,14.0,Moderate
Assam,24.350805,91.030093,87.8,0.365,26.6,549.9,24.7,Moderate
Manipur,25.22969,93.092329,144.4,0.368,21.2,533.9,28.1,Low
Sikkim,27.591042,88.397896,77.5,0.301,36.6,246.6,24.9,Moderate
Arunachal Pradesh,27.503204,93.670148,118.0,0.405,33.0,1629.1,19.9,Moderate
Assam,26.22575,90.716614,26.0,0.155,26.4,1445.2,20.6,Low
Tripura,23.815193,92.047062,255.2,0.515,3.9,50.0,29.1,Moderate
Mizoram,23.876418,92.40007,112.4,0.4,52.7,2731.7,15.1,Moderate
Assam,24.626848,91.389499,140.9,0.319,48.7,2222.4,12.7,Moderate
Assam,25.516514,92.27327,95.4,0.249,16.9,1243.4,22.5,Low
Assam,26.854728,90.057087,106.7,0.228,20.5,528.4,23.4,Low
Nagaland,25.265878,94.083821,52.0,0.306,11.7,521.9,29.8,Low
Assam,26.928088,90.918643,124.3,0.196,23.9,1806.3,18.9,Moderate
Manipur,25.018859,93.467691,65.7,0.105,23.4,961.9,21.8,Low
Arunachal Pradesh,29.158258,96.426295,99.0,0.267,31.9,1713.0,20.6,Moderate
Sikkim,27.356745,88.206994,45.2,0.248,27.4,393.2,24.2,Low
Meghalaya,25.493565,90.521595,203.3,0.59,38.3,1432.5,22.6,High
Assam,26.824012,94.904208,74.2,0.241,25.7,1123.5,21.0,Low
Mizoram,23.65004,93.271656,77.9,0.353,28.9,1156.9,19.2,Moderate
Assam,25.667367,90.684797,90.0,0.119,33.3,963.6,22.5,Low
Mizoram,23.818672,92.668617,158.2,0.437,37.8,1663.3,18.2,Moderate
Manipur,25.075415,93.487159,81.6,0.158,45.2,2237.1,17.2,Moderate
Mizoram,22.111197,93.490356,55.9,0.135,4.8,929.6,23.6,Low
Tripura,23.149922,92.284947,178.3,0.421,46.6,2255.9,14.3,Moderate
Meghalaya,26.172736,92.181454,101.7,0.122,29.0,820.2,26.3,Low
Arunachal Pradesh,28.478269,94.677939,254.8,0.558,11.9,458.0,27.4,Moderate
Mizoram,24.151864,92.576271,84.4,0.119,55.3,2483.6,17.1,Low
Mizoram,23.115971,93.005207,282.2,0.613,74.7,3227.3,14.7,Critical
Arunachal Pradesh,27.733571,93.851175,209.6,0.356,18.8,1417.0,18.8,Moderate
Meghalaya,25.396342,91.492695,83.8,0.144,50.0,2384.9,14.8,Low
Assam,27.572413,90.969629,121.1,0.187,45.6,1778.7,16.4,Moderate
Mizoram,24.329526,93.095814,99.6,0.333,52.9,1893.0,19.1,Moderate
Arunachal Pradesh,28.96982,94.559049,84.9,0.255,46.8,2495.1,16.5,Moderate
Tripura,24.147227,91.021061,107.2,0.419,25.4,906.9,22.7,Low
Tripura,24.209409,91.052181,156.2,0.474,36.9,1555.5,18.1,Low
Manipur,25.490835,94.785533,191.5,0.375,35.1,1450.5,21.6,Moderate
Arunachal Pradesh,27.382202,92.656752,144.9,0.291,27.3,658.0,24.6,Moderate
Manipur,25.25419,93.455447,95.0,0.233,21.3,1676.3,18.7,Moderate
Tripura,24.2849,91.133695,212.1,0.282,20.4,400.2,27.8,Low
Meghalaya,25.151146,92.737455,160.6,0.303,33.7,1874.2,18.0,Moderate
Assam,26.830123,95.03539,335.5,0.708,10.4,50.0,29.6,High
Arunachal Pradesh,27.472988,95.220661,69.6,0.337,43.5,2057.4,19.9,Moderate
Sikkim,27.71309,88.542835,98.0,0.05,37.0,1801.0,17.2,Low
Tripura,23.992052,91.747967,138.2,0.235,41.6,1485.0,14.0,Moderate
Tripura,23.5865,91.3587,286.6,0.563,31.0,2239.4,14.1,Moderate
Sikkim,27.922298,88.203645,176.5,0.376,31.9,1799.5,22.2,Moderate
Nagaland,26.515473,93.766666,214.9,0.406,40.3,2084.7,22.3,Moderate
Tripura,23.900528,91.971202,283.2,0.523,40.8,1445.7,23.6,Moderate
Mizoram,22.468656,92.277926,40.2,0.216,5.7,439.7,24.8,Low
Meghalaya,25.157168,91.617991,186.2,0.383,29.1,1567.9,21.9,Moderate
Arunachal Pradesh,29.048339,91.747483,18.9,0.151,16.4,1263.5,21.3,Low
Sikkim,27.880982,88.307187,53.3,0.222,33.0,1727.6,16.9,Low
Mizoram,23.144174,93.407517,270.8,0.567,24.5,1477.2,20.6,Moderate
Sikkim,27.398366,88.418803,48.0,0.327,73.4,2592.2,11.1,Moderate
Arunachal Pradesh,26.541047,91.948793,65.1,0.207,11.3,50.0,25.2,Low
Manipur,24.291324,93.050134,169.7,0.441,15.9,651.5,28.9,Low
Arunachal Pradesh,28.394126,93.845191,145.2,0.306,44.8,1442.0,21.6,Moderate
Nagaland,26.241476,93.649294,208.4,0.237,2.0,622.2,22.4,Low
Arunachal Pradesh,27.387796,95.151035,127.5,0.137,28.5,1538.6,22.1,Low
Arunachal Pradesh,29.395908,91.777292,299.6,0.632,58.6,2773.6,14.9,High
Nagaland,26.89173,94.453762,7.7,0.072,19.9,1208.2,23.5,Low
Meghalaya,25.676703,91.300836,33.0,0.192,53.8,2440.9,18.7,Moderate
Tripura,23.011031,91.11684,220.1,0.595,23.3,583.8,25.7,Moderate
Arunachal Pradesh,28.302736,93.375272,468.2,0.846,22.5,1017.2,26.2,High
Nagaland,26.942809,94.113181,28.6,0.128,20.9,1122.3,19.4,Low
Mizoram,22.272532,93.129134,69.0,0.263,36.6,927.6,26.4,Low
Manipur,24.357372,93.945847,25.4,0.263,52.6,2301.4,18.2,Moderate
Manipur,25.125882,94.620475,184.6,0.361,22.3,744.7,26.9,Moderate
Arunachal Pradesh,28.876574,95.219986,161.7,0.205,45.7,1664.1,20.4,Moderate
Meghalaya,25.81556,92.637774,81.2,0.305,32.8,1059.0,22.7,Moderate
Meghalaya,25.354989,89.803336,20.7,0.05,31.3,1552.9,23.9,Low
Mizoram,22.607082,92.483259,126.8,0.358,53.1,2022.3,18.6,Moderate
Arunachal Pradesh,28.485504,94.985414,40.4,0.05,2.0,252.8,30.3,Low
Manipur,24.927577,93.029238,37.0,0.154,26.5,1315.7,24.8,Low
Meghalaya,25.874534,90.770591,130.0,0.205,46.1,1265.5,21.2,Low
Arunachal Pradesh,28.495168,94.561181,57.9,0.05,34.5,1504.7,19.1,Low
Sikkim,27.411277,88.121119,31.1,0.094,16.2,334.2,30.4,Low
Meghalaya,25.113303,92.294555,123.2,0.218,44.8,2156.8,19.5,Moderate
Nagaland,26.944955,94.599576,70.4,0.14,40.8,1280.4,20.6,Moderate
Sikkim,27.124121,88.361824,89.1,0.388,2.7,393.9,28.9,Low
Tripura,24.066303,92.013767,67.8,0.366,50.2,1880.9,24.2,Moderate
Meghalaya,25.141862,89.800092,131.2,0.159,15.1,698.1,25.0,Low
Manipur,25.15306,93.641873,249.5,0.332,35.8,1916.5,16.0,Moderate
Assam,25.068822,89.781254,97.1,0.318,2.0,50.0,28.4,Low
Sikkim,27.648359,88.766036,105.9,0.407,25.0,908.4,22.6,Moderate
Tripura,24.432211,91.735468,52.8,0.363,19.0,1024.9,25.5,Low
Mizoram,23.237599,92.310573,130.0,0.203,21.6,1010.1,27.0,Moderate
Mizoram,23.327069,92.693973,87.1,0.228,12.4,1296.5,22.4,Low
Manipur,24.953557,93.699707,18.6,0.185,50.2,1807.1,17.0,Low
Meghalaya,25.288359,90.084896,77.2,0.25,43.9,1587.8,24.5,Moderate
Arunachal Pradesh,27.444755,92.031547,105.3,0.268,39.9,1810.6,20.1,Moderate
Meghalaya,25.212276,92.762008,33.7,0.28,51.5,1840.3,20.8,Moderate
Manipur,24.643797,93.957369,37.1,0.169,47.9,2189.3,17.2,Low
Mizoram,24.171408,93.49424,226.4,0.294,40.7,1501.8,21.3,Moderate
Meghalaya,25.699257,92.237421,193.9,0.402,22.1,743.6,22.4,Moderate
Mizoram,22.750047,92.597467,119.4,0.454,25.5,1542.8,19.5,Moderate
Sikkim,27.483244,88.605257,179.2,0.52,47.6,2044.8,15.2,Moderate
Tripura,23.991507,91.409811,106.3,0.193,44.0,2580.0,9.6,Moderate
Arunachal Pradesh,26.89963,94.978179,202.1,0.427,33.6,1779.8,16.4,Moderate
Sikkim,27.153991,88.520643,63.3,0.306,18.0,1102.1,22.1,Low
Mizoram,23.702898,93.110795,73.8,0.199,55.1,2671.4,16.4,Moderate
Mizoram,23.859027,93.334717,183.8,0.394,18.6,531.1,26.0,Low
Assam,26.099828,94.30057,228.5,0.57,53.5,2564.4,14.4,High
Assam,26.600525,90.875832,200.2,0.446,47.3,1536.5,17.8,Moderate
Sikkim,27.030828,88.256087,36.2,0.335,28.1,1039.7,25.2,Moderate
Nagaland,26.041764,94.534212,46.0,0.299,67.4,2431.2,14.6,Moderate
Sikkim,28.019951,88.176621,49.0,0.181,23.5,50.0,31.6,Low
Assam,24.527309,95.769924,41.9,0.14,23.8,1551.3,20.8,Low
Mizoram,22.180916,92.822038,67.4,0.399,33.5,1668.9,16.5,Low
Manipur,24.912571,93.974474,147.7,0.238,18.4,677.3,26.9,Low
Sikkim,27.103239,88.051324,45.8,0.092,8.7,435.8,23.2,Low
Mizoram,22.174257,92.961264,144.8,0.35,26.0,990.6,20.4,Low
Manipur,24.834255,93.420733,44.0,0.05,27.4,1272.3,23.5,Low
Manipur,25.011771,94.476122,58.4,0.389,40.6,1178.1,29.4,Moderate
Assam,24.174632,92.838219,50.3,0.05,35.1,997.7,23.6,Low
Sikkim,27.827172,88.227081,127.7,0.394,22.3,806.3,21.6,Low
Meghalaya,25.369325,91.640914,102.8,0.361,61.9,2169.1,14.5,Moderate
Arunachal Pradesh,29.193806,95.954584,40.3,0.063,39.0,1791.3,17.2,Moderate
Assam,26.449147,94.300397,293.6,0.43,52.7,1256.2,20.2,High
Assam,25.532254,93.738083,67.6,0.313,27.9,1739.1,17.0,Moderate
Meghalaya,25.559418,90.369808,308.6,0.393,17.5,1138.5,19.8,Moderate
Arunachal Pradesh,28.605215,94.560556,117.8,0.303,33.7,1544.2,14.6,Moderate
Mizoram,22.832416,93.384741,265.7,0.543,45.7,2315.7,16.7,High
Nagaland,25.239775,93.931546,148.3,0.357,15.3,1129.8,20.0,Moderate
Sikkim,27.068258,88.689875,54.4,0.05,8.8,584.7,26.2,Low
Nagaland,26.534004,93.962704,119.1,0.272,75.0,2923.3,11.0,Moderate
Mizoram,23.656724,92.714718,129.4,0.442,27.7,1305.1,24.7,Moderate
Tripura,24.110006,91.590439,118.2,0.323,70.7,3189.6,10.0,High
Assam,25.731575,95.588798,27.8,0.117,18.6,881.3,25.1,Low
Arunachal Pradesh,27.252637,92.16246,85.8,0.301,49.6,1651.4,18.1,Moderate
Assam,26.455081,95.806727,187.4,0.327,7.4,531.6,24.6,Low
Manipur,24.517895,93.111666,187.4,0.274,34.2,1944.8,20.2,Moderate
Assam,25.425082,92.887369,169.6,0.34,58.7,1766.6,22.6,Moderate
Assam,24.680077,93.846044,114.1,0.345,2.0,1033.6,24.2,Low
Mizoram,24.494148,92.787261,63.4,0.059,35.8,1482.9,21.7,Low
Mizoram,22.822294,92.720915,111.0,0.241,42.9,995.5,21.8,Moderate
Mizoram,22.19938,93.348256,153.1,0.5,43.6,2227.7,15.2,Moderate
Nagaland,25.988169,94.074549,53.1,0.337,46.8,1529.6,20.9,Moderate
Manipur,25.053412,93.79566,89.9,0.357,8.9,953.6,26.6,Low
Tripura,23.937174,91.07988,456.7,0.728,42.6,1954.3,18.7,High
Tripura,24.201957,92.222655,75.9,0.257,27.2,1607.8,21.6,Low
Mizoram,23.58679,93.440936,2.5,0.145,25.6,1088.9,23.1,Low
Arunachal Pradesh,26.954297,94.125789,169.0,0.366,57.5,2552.5,16.4,Moderate
Nagaland,26.343433,94.463473,303.5,0.334,31.3,1629.8,19.4,Moderate
Meghalaya,25.481754,90.814253,170.9,0.504,32.8,1931.5,20.4,Moderate
Arunachal Pradesh,26.880472,93.654583,72.4,0.05,44.4,913.3,23.0,Low
Sikkim,27.195193,88.660929,39.9,0.177,40.4,1293.6,23.8,Low
Sikkim,27.250597,88.052709,92.1,0.273,36.5,1629.5,24.9,Moderate
Arunachal Pradesh,28.157098,94.773764,32.0,0.05,38.8,1421.8,23.0,Low
Mizoram,24.166974,92.950076,12.1,0.175,44.8,1732.7,18.4,Low
Meghalaya,25.414577,92.209036,217.4,0.378,37.5,2340.6,14.3,Moderate
Meghalaya,25.648335,90.037841,181.1,0.255,42.4,1088.4,27.0,Moderate
Nagaland,26.275116,95.116037,201.9,0.397,39.8,1592.0,21.1,Moderate
Meghalaya,25.475575,90.688977,57.6,0.139,12.8,990.5,25.7,Low
Sikkim,27.172163,88.136301,316.8,0.4,35.6,1155.7,28.3,Moderate
Manipur,24.622266,94.072224,164.6,0.2,15.0,405.0,26.6,Low
Mizoram,22.1096,93.421439,191.8,0.245,39.2,1980.0,21.1,Low
Meghalaya,25.90616,91.559872,205.0,0.613,51.6,1883.8,23.0,High
Nagaland,26.774033,93.460374,89.5,0.338,34.5,1335.9,21.0,Moderate
Sikkim,27.572207,88.567084,65.5,0.448,47.2,1555.4,16.1,Low
Manipur,25.374441,94.410245,158.2,0.564,32.9,1413.9,23.3,Moderate
Assam,25.163691,95.627545,279.5,0.586,27.3,734.8,22.7,Moderate
Assam,24.522253,95.213342,92.4,0.088,32.7,1990.1,16.0,Low
Manipur,25.644786,93.318876,135.9,0.431,6.7,1024.8,23.7,Low
Sikkim,27.866479,88.036257,135.7,0.3,20.3,1410.5,16.6,Moderate
Nagaland,25.970303,94.332567,53.8,0.126,41.8,1924.4,18.8,Low
Manipur,24.903226,94.684687,158.0,0.294,35.6,874.6,22.1,Moderate
Mizoram,23.647852,92.825661,134.6,0.478,12.3,383.1,23.7,Moderate
Mizoram,24.005155,93.435693,19.5,0.15,8.4,50.0,32.6,Low
Assam,24.092678,95.889884,75.5,0.183,37.9,2125.1,17.7,Moderate
Meghalaya,25.103359,92.24316,41.6,0.225,12.4,370.6,30.1,Low
Nagaland,25.732636,93.564359,125.9,0.362,38.3,2266.5,16.7,Moderate
Assam,25.847394,93.756926,101.0,0.317,33.7,1507.0,18.9,Low
Meghalaya,25.457142,89.963696,105.7,0.388,40.6,2056.1,17.5,Moderate
Meghalaya,25.719353,92.50721,177.3,0.416,36.5,921.5,27.5,Moderate
Tripura,23.513145,91.281233,92.0,0.315,39.3,1508.7,22.5,Moderate
Mizoram,23.050701,92.262872,141.1,0.193,36.0,1543.1,21.1,Moderate
Sikkim,27.984585,88.743707,56.2,0.134,15.6,50.0,30.7,Low
Arunachal Pradesh,28.264001,93.442066,130.7,0.262,58.4,3425.1,9.4,Moderate
Sikkim,27.95974,88.499218,260.6,0.32,59.4,2260.2,17.2,Moderate
Arunachal Pradesh,28.977797,94.973023,25.6,0.097,34.1,1061.7,25.2,Low
Manipur,25.29037,94.077413,67.8,0.183,24.7,2322.9,18.0,Low
Mizoram,22.976767,93.44533,224.8,0.555,51.7,2436.6,16.7,Moderate
Meghalaya,25.649337,91.615269,137.8,0.47,24.6,1057.7,24.3,Moderate
Nagaland,25.618927,94.551302,174.7,0.277,19.9,644.8,24.3,Low
Arunachal Pradesh,28.214823,92.516611,38.3,0.193,44.3,1699.0,21.1,Moderate
Sikkim,27.071505,88.543923,107.3,0.123,34.6,1025.3,27.6,Low
Meghalaya,25.916431,91.370204,180.1,0.35,23.2,857.6,23.9,Moderate
Arunachal Pradesh,27.180318,95.165871,48.1,0.117,23.1,1257.3,23.7,Low
Arunachal Pradesh,26.740317,93.930085,104.7,0.265,41.5,1606.9,19.0,Low
Tripura,23.161387,91.239797,51.4,0.18,30.0,1322.2,21.8,Low
Arunachal Pradesh,27.106882,93.626889,316.4,0.646,33.8,1554.5,21.9,Moderate
Nagaland,25.297185,94.095587,35.4,0.154,19.7,756.8,20.9,Low
Mizoram,23.230439,92.828283,167.1,0.345,33.3,2040.0,17.3,Moderate
Nagaland,25.92729,94.978293,106.1,0.103,27.5,1036.5,24.7,Low
Assam,24.610372,92.885889,86.6,0.214,18.0,1138.6,24.1,Low
Meghalaya,25.07445,90.013467,152.5,0.331,33.4,1385.6,21.9,Low
Mizoram,23.392051,92.935824,97.7,0.456,36.0,1071.5,23.6,Moderate
Tripura,24.304854,91.725236,39.2,0.162,16.3,995.2,23.7,Low
Mizoram,24.395457,92.263303,500.0,0.758,17.7,580.3,29.4,High
Mizoram,22.15482,92.257286,183.6,0.279,28.7,692.2,26.6,Moderate
Sikkim,27.222332,88.487143,177.5,0.192,30.0,1166.6,25.0,Moderate
Mizoram,23.578488,92.259261,58.1,0.298,43.8,1620.6,20.4,Moderate
Tripura,24.413553,92.094815,94.9,0.348,32.3,1973.9,14.1,Moderate
Nagaland,25.763564,93.454375,254.3,0.474,22.0,1252.9,27.1,Moderate
Mizoram,22.341706,92.365028,67.3,0.229,7.3,50.0,29.8,Low
Manipur,24.034239,93.933411,113.1,0.251,2.0,773.7,23.4,Low
Meghalaya,25.295017,90.874419,138.6,0.332,27.5,1106.4,20.3,Low
Mizoram,24.472714,93.089609,21.4,0.146,41.9,2425.9,14.5,Low
Meghalaya,26.138777,90.22767,500.0,0.876,34.1,2324.9,11.8,Critical
Manipur,24.526065,93.998517,121.7,0.266,34.5,1523.5,20.2,Low
Manipur,23.94584,93.007537,141.2,0.51,47.2,2195.8,21.7,Moderate
Meghalaya,25.804521,91.725459,129.9,0.164,36.6,1443.5,25.5,Low
Arunachal Pradesh,27.732366,94.193042,55.4,0.078,37.6,2228.1,22.6,Low
Assam,25.744861,89.851232,217.2,0.517,52.1,2060.2,18.1,High
Sikkim,27.402446,88.159374,48.4,0.298,22.6,1572.3,20.6,Low
Arunachal Pradesh,26.795273,96.761962,83.1,0.129,43.6,1994.2,15.7,Moderate
Arunachal Pradesh,28.298079,95.50761,16.2,0.284,55.6,1403.5,22.3,Moderate
Nagaland,25.799191,94.086294,485.3,0.754,25.8,950.6,24.8,High
Sikkim,27.284309,88.087269,51.2,0.33,32.5,994.7,25.6,Moderate
Sikkim,27.214838,88.717763,89.9,0.21,48.8,2124.0,18.5,Moderate
Arunachal Pradesh,28.532637,94.508109,168.1,0.391,51.5,1918.1,17.6,Moderate
Mizoram,23.135234,93.399165,188.2,0.514,32.5,2323.3,17.6,Moderate
Nagaland,25.338196,93.861202,200.1,0.386,7.3,314.3,26.9,Moderate
Nagaland,25.864882,94.864852,46.6,0.082,25.3,1258.1,26.9,Low
Manipur,25.685778,93.433207,66.0,0.123,22.1,172.8,31.3,Low
Tripura,24.298892,92.07981,44.9,0.165,14.2,1036.6,22.5,Low
Sikkim,27.269589,88.359399,123.5,0.27,41.2,1659.3,19.3,Low
Arunachal Pradesh,27.729019,96.880214,190.5,0.613,51.0,2857.8,9.9,High
Manipur,24.143695,94.438484,106.5,0.252,56.8,2851.6,12.3,Moderate
Meghalaya,25.401031,91.992611,160.6,0.208,52.4,2317.7,14.4,Moderate
Assam,25.764046,93.343667,145.6,0.301,53.2,3044.7,10.7,Moderate
Tripura,24.232179,92.045415,64.0,0.373,28.4,1105.1,25.5,Moderate
Tripura,24.286277,91.077503,226.8,0.532,38.1,349.0,31.6,Moderate
Tripura,24.007281,91.181984,9.9,0.278,27.7,1832.9,15.8,Moderate
Nagaland,25.990055,94.397177,122.2,0.285,51.8,2437.1,12.4,Moderate
Meghalaya,25.483287,91.358835,135.3,0.289,21.6,913.1,26.9,Moderate
Tripura,24.494442,91.175783,156.9,0.441,20.9,1120.8,21.4,Moderate
Meghalaya,25.810547,90.988003,151.8,0.41,38.8,2292.2,16.1,Moderate
Mizoram,22.245825,92.406358,301.1,0.68,50.1,2361.9,18.3,High
Tripura,24.418837,92.143482,116.8,0.411,71.7,3111.1,11.5,Moderate
Assam,27.809576,95.946656,53.7,0.185,12.1,186.1,32.1,Low
Meghalaya,25.249978,90.866318,275.7,0.422,48.0,1094.6,23.3,Moderate
Meghalaya,25.803063,91.251408,174.4,0.65,48.3,2210.1,18.3,Moderate
Assam,25.757236,91.954211,58.0,0.164,25.3,637.4,28.3,Low
Tripura,23.850049,91.748271,203.6,0.366,55.4,1954.2,20.3,Moderate
Assam,24.678123,92.671961,264.7,0.596,26.7,1525.9,19.4,Moderate
Meghalaya,25.664166,91.510861,59.8,0.227,2.0,478.2,28.2,Low
Assam,24.88245,94.37631,185.5,0.496,42.0,1910.4,15.3,Moderate
Meghalaya,25.030239,90.864496,45.8,0.161,50.3,2771.9,15.9,Low
Meghalaya,25.936255,91.491679,98.5,0.18,8.3,448.6,31.9,Low
Mizoram,22.579022,93.103439,80.4,0.183,47.5,2157.6,18.6,Moderate
Arunachal Pradesh,28.202173,95.87934,70.7,0.228,21.3,636.2,27.5,Low
Meghalaya,25.88203,91.630324,126.5,0.509,35.9,1890.5,17.2,Moderate
Tripura,23.681084,91.173137,10.3,0.308,43.4,2153.6,12.8,Low
Manipur,24.296533,93.754379,216.0,0.374,39.4,1816.7,19.5,Moderate
Nagaland,26.338669,94.327416,264.5,0.576,36.4,1837.5,16.8,High
Sikkim,27.345821,88.005818,31.0,0.092,47.9,1807.1,19.1,Low
Arunachal Pradesh,27.988718,93.070943,61.5,0.241,48.4,1936.5,17.3,Low
Arunachal Pradesh,28.703825,91.631704,133.4,0.25,37.3,2150.2,21.3,Moderate
Arunachal Pradesh,28.254483,96.678108,116.0,0.342,46.8,1617.9,22.2,Moderate
Mizoram,22.353464,92.813144,115.8,0.418,32.5,2048.4,15.0,Moderate
Meghalaya,25.109706,91.677046,118.6,0.297,26.9,1198.3,23.8,Moderate
Mizoram,23.331382,92.729575,142.0,0.199,25.7,906.9,27.7,Low
Meghalaya,25.625652,92.489724,168.2,0.441,8.0,50.0,26.9,Low
Tripura,23.214071,91.029334,22.4,0.126,35.9,1613.0,19.8,Low
Mizoram,24.140329,92.950252,60.0,0.206,32.3,1105.7,23.2,Low
Mizoram,24.215712,92.976029,58.1,0.255,32.6,2346.6,14.9,Low
Nagaland,26.739306,94.159347,146.5,0.267,29.0,870.5,24.8,Low
Manipur,25.224734,94.643475,208.9,0.472,12.0,266.0,25.4,Moderate
Mizoram,23.38752,92.435021,139.8,0.372,34.3,895.9,26.3,Moderate
Nagaland,25.710715,93.697289,242.1,0.463,29.6,1160.3,21.8,Moderate
Assam,25.0368,91.630417,173.9,0.366,35.3,2156.4,16.6,Moderate
Manipur,24.854754,94.058385,40.7,0.29,40.7,1465.5,20.7,Low
Tripura,23.5824,91.800047,140.2,0.339,20.1,1133.7,21.0,Low
Mizoram,22.112095,92.314125,64.0,0.304,32.3,1732.6,15.6,Low
Sikkim,27.206195,88.46627,89.4,0.397,47.0,2899.1,12.1,Moderate
Arunachal Pradesh,27.141984,93.058064,125.4,0.342,16.1,297.0,26.8,Low
Assam,25.681314,94.814757,216.6,0.324,51.7,1872.6,23.2,Moderate
Assam,24.058221,93.791087,121.1,0.26,13.1,392.4,27.5,Low
Tripura,23.970202,92.038253,170.8,0.281,61.3,1875.9,15.0,Moderate
Nagaland,26.972231,93.340276,97.2,0.29,48.9,1906.2,15.4,Moderate
Assam,24.645892,95.282879,99.7,0.328,38.0,1702.8,21.5,Low
Manipur,24.671185,94.016263,109.1,0.254,38.1,1522.7,21.8,Moderate
Mizoram,23.623871,93.082787,86.8,0.189,31.4,1056.3,23.3,Low
Mizoram,24.322525,93.496034,60.2,0.275,43.9,1698.8,15.0,Moderate
Sikkim,27.864189,88.258499,285.8,0.514,45.8,2248.3,13.7,Moderate
Tripura,24.307604,91.063987,138.4,0.42,44.5,1458.6,23.7,Moderate
Arunachal Pradesh,27.193243,96.435621,157.3,0.385,33.3,1924.7,20.7,Moderate
Nagaland,25.686764,93.741302,101.4,0.293,43.1,2698.1,16.9,Low
Arunachal Pradesh,26.914376,96.225115,82.8,0.192,2.0,398.6,27.7,Low
Assam,26.100245,93.951827,50.5,0.092,39.1,1946.1,18.5,Low
Tripura,23.282506,91.985453,76.3,0.238,12.0,246.5,29.0,Low
Sikkim,27.912007,88.281338,63.5,0.232,5.4,728.9,23.8,Low
Arunachal Pradesh,27.732048,92.653297,116.1,0.333,26.3,1269.3,25.3,Moderate
Manipur,25.655466,94.162085,108.6,0.234,19.0,896.6,22.0,Low
Mizoram,24.329814,92.594401,228.1,0.369,16.9,677.8,22.5,Low
Assam,27.283942,94.524909,250.7,0.518,46.9,2744.0,13.2,Moderate
Sikkim,27.829987,88.869075,180.2,0.518,8.9,184.1,30.4,Moderate
Arunachal Pradesh,27.680666,92.218945,262.1,0.632,49.8,2221.2,20.3,High
Nagaland,26.476247,94.75862,153.5,0.333,32.0,1644.0,18.6,Moderate
Manipur,24.892615,93.372272,15.7,0.091,42.0,1583.9,20.1,Low
Manipur,24.758466,93.561942,42.1,0.068,28.0,735.0,27.9,Low
Arunachal Pradesh,27.7824,95.048702,201.4,0.322,44.3,2186.4,16.9,Moderate
Mizoram,23.837558,92.501892,86.9,0.06,39.6,1836.9,19.1,Low
Arunachal Pradesh,27.715976,92.980389,72.3,0.221,43.2,1361.2,24.0,Low
Assam,24.834253,94.635339,81.9,0.238,32.7,866.1,23.1,Low
Arunachal Pradesh,29.227758,93.536277,43.0,0.061,63.2,2229.9,17.4,Low
Manipur,25.22743,94.614592,277.0,0.436,53.7,2262.2,14.4,High
Sikkim,28.015349,88.164532,87.1,0.368,55.3,2226.8,21.0,Moderate
Arunachal Pradesh,29.368876,93.57172,84.3,0.201,48.4,1455.7,22.1,Moderate
Mizoram,22.782026,92.281161,138.6,0.386,39.6,1357.1,17.9,Moderate
Tripura,23.677878,91.141718,258.6,0.437,26.6,886.1,26.1,Moderate
Sikkim,27.298248,88.285248,130.6,0.304,53.5,2125.5,21.0,Moderate
Nagaland,26.73677,95.050977,311.1,0.538,2.0,50.0,27.5,Moderate
Meghalaya,25.36296,92.376094,76.4,0.108,46.7,1525.9,24.5,Low
Arunachal Pradesh,29.071693,95.70558,234.2,0.471,47.1,2200.6,16.8,Moderate
Mizoram,22.281407,93.09742,10.0,0.128,16.7,547.9,25.1,Low
Sikkim,28.134029,88.614286,78.1,0.309,24.6,849.7,25.3,Low
Mizoram,22.762204,92.850753,242.6,0.528,23.4,915.9,23.1,Moderate
Nagaland,26.426878,94.321141,158.5,0.247,44.5,1846.8,20.3,Moderate
Manipur,24.027911,93.561715,130.3,0.383,32.5,1639.1,17.9,Moderate
Mizoram,23.98623,93.319843,96.2,0.25,12.7,743.7,29.1,Low
Sikkim,27.16476,88.857148,109.8,0.318,27.1,1009.5,23.8,Low
Mizoram,22.754939,93.061008,76.2,0.15,6.2,258.6,27.5,Low
Mizoram,23.854745,93.25553,57.6,0.331,47.2,2675.3,13.1,Moderate
Mizoram,24.358949,92.606795,42.2,0.195,18.6,108.9,26.3,Low
Assam,27.605727,90.529627,69.6,0.307,35.0,1450.7,23.5,Low
Assam,26.961172,94.37446,100.3,0.261,44.7,2215.3,15.5,Moderate
Manipur,25.087674,93.454167,60.5,0.203,19.7,979.3,24.9,Low
Arunachal Pradesh,29.119129,92.428722,44.6,0.05,40.7,1657.2,22.8,Low
Mizoram,22.03945,93.132704,254.3,0.57,49.7,2378.6,11.9,Moderate
Nagaland,26.103404,94.998196,77.3,0.05,36.3,1548.1,24.5,Low
Arunachal Pradesh,27.650191,92.425532,229.8,0.595,18.8,418.6,22.3,Moderate
Nagaland,26.78924,94.397819,62.2,0.05,48.8,1878.1,21.8,Moderate
Arunachal Pradesh,27.067587,95.462112,204.0,0.456,29.6,1645.9,20.1,Moderate
Manipur,24.771116,94.087763,128.9,0.347,14.8,323.8,27.9,Low
Mizoram,23.098336,93.277322,167.5,0.478,45.5,1404.2,25.3,Moderate
Mizoram,24.056863,93.122205,31.5,0.231,33.6,1094.9,22.2,Low
Meghalaya,25.126482,92.316562,102.4,0.259,12.9,1516.3,23.3,Low
Nagaland,26.474925,94.694048,63.8,0.163,2.0,974.3,26.2,Low
Arunachal Pradesh,27.588949,96.336038,66.7,0.126,20.4,1824.2,19.1,Low
Arunachal Pradesh,28.676115,92.119248,139.5,0.31,43.2,1397.1,20.2,Moderate
Tripura,23.552445,92.152294,111.7,0.32,56.3,1891.6,15.1,Moderate
Tripura,22.975515,92.249842,57.3,0.239,39.6,1845.4,15.2,Low
Assam,26.852483,93.677669,97.5,0.147,24.4,1755.0,20.7,Low
Meghalaya,25.324671,90.546375,98.0,0.119,17.7,1725.2,17.2,Low
Sikkim,28.13047,88.268445,92.5,0.205,26.3,656.7,27.8,Moderate
Tripura,24.140808,91.511058,152.4,0.344,12.5,1076.4,23.0,Low
Sikkim,27.167105,88.009644,150.1,0.295,39.8,1453.6,20.3,Moderate
Assam,26.285881,95.847407,215.2,0.455,2.0,1039.7,22.0,Low
Assam,25.550372,91.950312,203.9,0.422,41.3,2126.3,14.6,Moderate
Assam,25.445185,92.979426,50.6,0.242,61.7,2604.0,20.1,Low
Nagaland,26.037263,95.059829,95.4,0.16,35.1,1873.3,18.9,Low
Nagaland,26.16049,94.315516,10.2,0.262,62.2,2268.9,17.9,Moderate
Manipur,24.062906,94.768931,94.8,0.244,30.3,1037.5,22.2,Moderate
Manipur,24.274948,93.132055,93.2,0.277,61.9,3500.0,9.1,Moderate
Assam,26.785214,93.450808,193.1,0.378,64.1,2355.0,19.0,High
Meghalaya,25.498175,91.066577,168.1,0.357,52.7,1998.3,19.3,Moderate
Arunachal Pradesh,28.855192,92.57642,38.1,0.071,29.6,1659.2,23.2,Low
Nagaland,26.758481,94.597494,58.6,0.344,29.6,669.3,26.9,Moderate
Meghalaya,25.502764,91.174086,122.7,0.383,27.1,1492.9,17.6,Moderate
Mizoram,22.567283,93.177749,141.7,0.434,23.5,1370.2,22.2,Moderate
Nagaland,26.174462,93.941709,197.8,0.241,41.5,1947.0,18.6,Moderate
Nagaland,26.332495,95.291469,81.9,0.186,44.6,2218.6,18.3,Low
Manipur,24.626998,94.657245,143.4,0.275,2.0,767.8,33.0,Low
Arunachal Pradesh,27.535051,91.80103,106.0,0.216,44.2,1248.9,21.5,Moderate
Arunachal Pradesh,27.112726,93.802823,55.1,0.243,41.5,1668.5,25.4,Low
Tripura,23.251416,91.000295,99.9,0.242,47.5,1997.0,19.3,Moderate
Sikkim,28.098002,88.759491,173.6,0.435,10.8,953.7,25.3,Moderate
Sikkim,27.890751,88.151033,57.2,0.084,29.8,1359.2,28.6,Low
Sikkim,27.144436,88.060844,63.4,0.149,51.0,1701.9,16.9,Low
Sikkim,27.868835,88.835927,45.6,0.1,29.3,1133.4,24.5,Low
Mizoram,23.019393,92.354883,53.0,0.124,29.0,1209.2,16.6,Low
Mizoram,23.232221,92.653481,228.9,0.496,40.9,2470.7,15.3,Moderate
Nagaland,25.912167,94.542661,167.1,0.426,43.3,2244.9,17.0,Moderate
Assam,27.018616,90.396803,118.2,0.174,56.6,1819.6,18.4,Moderate
Manipur,23.867621,94.789795,66.1,0.266,32.6,1212.8,20.7,Moderate
Manipur,24.242184,93.096895,107.1,0.179,48.0,2352.2,16.5,Moderate
Sikkim,27.22785,88.035062,65.9,0.122,37.3,1324.9,23.4,Moderate
Nagaland,25.944441,94.904804,65.2,0.146,40.9,1242.6,18.0,Low
Tripura,23.445991,91.577438,34.4,0.101,2.6,790.4,27.2,Low
Meghalaya,25.810704,91.326682,217.8,0.542,36.5,942.0,24.0,Moderate
Assam,27.618072,95.156025,161.4,0.331,67.7,3063.7,6.9,Moderate
Nagaland,25.21883,94.856093,231.3,0.324,36.6,1621.2,18.9,Moderate
Assam,25.935081,95.929695,96.3,0.162,30.9,1242.6,20.3,Low
Assam,26.029575,95.917444,29.4,0.17,26.4,1075.0,28.2,Low
Assam,27.169191,91.266211,214.1,0.609,4.9,138.6,27.0,Moderate
Nagaland,26.22295,95.284271,220.5,0.466,28.6,1100.4,21.8,Moderate
Sikkim,28.029037,88.08763,24.5,0.125,48.0,2390.7,17.3,Low
Manipur,25.142107,93.622043,150.1,0.373,29.9,1387.4,25.6,Moderate
Manipur,23.813266,93.726266,374.3,0.874,36.6,1509.6,20.1,High
Sikkim,27.281705,88.736982,89.8,0.282,60.6,1883.7,19.0,Moderate
Assam,25.416789,94.913399,38.1,0.219,46.9,1625.1,20.5,Moderate
Meghalaya,25.000718,90.723457,387.3,0.658,53.9,2164.6,14.9,High
Arunachal Pradesh,27.223496,92.78462,65.1,0.214,30.3,1773.9,22.4,Low
Nagaland,25.329555,93.674249,74.2,0.081,43.7,1300.8,26.4,Low
Arunachal Pradesh,28.166649,93.102486,45.4,0.153,20.9,1467.0,17.3,Low
Tripura,23.567832,91.489927,166.2,0.315,24.2,1544.7,23.2,Moderate
Sikkim,28.051086,88.814769,321.8,0.611,33.5,2266.1,17.2,High
Meghalaya,25.591548,90.790468,52.7,0.217,50.0,1887.3,21.9,Low
Nagaland,25.402921,95.206806,50.2,0.088,35.0,1435.9,20.6,Low
Sikkim,27.072272,88.267885,94.2,0.206,23.8,1469.8,21.1,Low
Assam,25.251878,91.718528,87.4,0.192,59.6,2724.3,17.0,Moderate
Manipur,24.112145,94.409691,77.5,0.29,34.4,1164.6,22.1,Moderate
Arunachal Pradesh,26.867494,94.991987,113.1,0.371,24.1,50.0,30.9,Moderate
Mizoram,22.222,92.291696,146.6,0.138,21.2,1174.6,20.9,Low
Mizoram,24.264517,92.447167,189.2,0.244,25.8,618.6,26.4,Moderate
Meghalaya,25.9855,91.433893,91.0,0.228,45.6,2387.2,17.7,Moderate
Assam,24.326997,95.719324,53.4,0.201,32.5,1429.3,19.5,Low
Tripura,23.295138,92.117539,137.4,0.348,34.4,1789.6,20.9,Moderate
Arunachal Pradesh,27.00643,96.196686,116.4,0.383,20.9,865.4,27.4,Low
Assam,24.055561,92.924217,40.7,0.097,7.4,426.2,28.0,Low
Arunachal Pradesh,28.808328,96.641375,25.2,0.05,30.8,1001.3,29.5,Low
Meghalaya,26.091043,92.258875,217.7,0.51,33.3,1912.4,14.8,Moderate
Meghalaya,26.06583,90.397659,21.5,0.208,35.3,1540.4,24.4,Low
Tripura,23.354695,91.375659,219.3,0.43,60.0,2544.5,11.7,Moderate
Mizoram,22.88034,92.711317,56.2,0.335,45.5,1989.5,18.4,Moderate
Assam,26.287132,90.707243,184.2,0.299,46.4,2210.8,20.0,Moderate
Nagaland,26.513369,93.635133,129.0,0.33,15.9,780.8,31.9,Low
Mizoram,22.706802,92.854349,241.6,0.296,21.3,968.4,20.6,Moderate
Assam,27.34505,94.358656,195.1,0.431,8.4,989.6,22.1,Moderate
Mizoram,23.578389,92.402505,128.6,0.355,58.6,2778.0,11.7,Moderate
Nagaland,26.239386,93.474893,72.1,0.331,28.1,1248.9,21.0,Low
Manipur,24.51699,93.74433,31.1,0.224,33.8,1614.5,20.1,Low
Manipur,23.875642,93.493179,134.5,0.237,28.5,1462.8,21.1,Low
Tripura,24.429039,92.239722,18.3,0.106,13.2,558.0,27.0,Low
Manipur,24.469421,93.07758,91.8,0.471,43.1,2782.1,14.3,Moderate
Manipur,24.14028,93.705992,63.7,0.298,32.0,2419.0,14.5,Moderate
Sikkim,28.137336,88.127079,96.3,0.317,3.2,300.2,26.4,Low
Arunachal Pradesh,28.790548,92.097754,104.3,0.35,27.2,1612.2,19.1,Moderate
Sikkim,28.177509,88.343455,170.2,0.446,37.6,2655.1,13.7,Moderate
Sikkim,27.930281,88.308332,140.9,0.324,45.2,2633.6,10.7,Moderate
Tripura,23.90427,91.249621,353.1,0.728,75.0,2682.6,20.0,Critical
Sikkim,27.175225,88.844258,191.3,0.423,26.9,1221.5,21.3,Moderate
Manipur,25.54353,94.597444,102.9,0.259,51.9,1977.8,14.1,Moderate
Nagaland,26.388324,94.916536,236.0,0.579,18.8,1233.1,21.1,Moderate
Tripura,23.010459,91.435226,96.2,0.22,45.6,2418.0,13.4,Moderate
Tripura,23.401925,91.826339,57.1,0.071,18.7,1417.6,23.6,Low
Meghalaya,25.427149,90.24552,256.4,0.479,34.9,824.4,24.0,Moderate
Tripura,23.854347,92.058699,138.6,0.371,24.4,838.3,30.1,Low
Meghalaya,25.458548,90.196806,131.3,0.32,12.1,592.9,28.8,Low
Tripura,23.214701,91.308728,63.2,0.18,53.1,1823.3,20.3,Low
Arunachal Pradesh,27.399693,95.035373,171.1,0.302,50.6,2710.2,8.5,Moderate
Manipur,24.941796,94.252944,83.7,0.409,29.9,791.8,27.6,Moderate
Tripura,23.480003,92.071197,275.6,0.409,28.3,1836.0,15.9,Moderate
Manipur,24.187767,93.844273,72.2,0.32,32.5,1342.2,24.8,Low
Manipur,25.321784,93.324286,59.6,0.366,50.7,2079.9,19.4,Moderate
Mizoram,22.185644,93.348789,284.1,0.342,27.0,283.4,31.2,Low
Tripura,23.448687,91.889031,81.1,0.268,43.1,1713.7,20.2,Low
Assam,24.106464,94.047295,99.1,0.239,27.7,1329.1,21.3,Low
Mizoram,22.721863,92.272463,49.5,0.269,45.9,1687.7,18.3,Low
Assam,26.561214,91.217064,24.5,0.078,20.0,245.9,31.2,Low
Manipur,24.534934,93.145045,36.2,0.333,26.3,1282.8,22.8,Low
Manipur,24.07961,93.536359,136.0,0.379,47.3,1346.6,16.0,Moderate
Mizoram,22.133375,93.384074,34.9,0.263,28.1,1577.2,19.9,Low
Mizoram,21.915722,92.829018,23.3,0.155,60.7,1582.8,22.8,Low
Assam,24.517639,91.638378,115.8,0.27,27.1,917.2,22.9,Low
Meghalaya,26.111271,90.285084,113.8,0.263,2.0,222.5,31.2,Low
Assam,28.056496,90.996505,100.6,0.278,23.8,496.6,30.7,Low
Mizoram,23.828072,92.91068,38.1,0.062,22.1,1297.8,23.4,Low
Nagaland,26.88051,94.407987,85.0,0.236,41.8,2301.6,22.2,Moderate
Mizoram,23.289854,92.454095,245.4,0.426,31.7,1281.3,20.8,Moderate
Nagaland,25.515836,95.132978,167.4,0.392,27.8,1194.3,24.4,Moderate
Arunachal Pradesh,27.483515,93.546452,66.6,0.163,26.6,899.5,23.2,Low
Mizoram,23.875542,92.640471,94.3,0.195,45.1,2106.4,17.5,Moderate
Arunachal Pradesh,29.356187,95.558603,119.1,0.41,48.6,2019.9,21.3,Moderate
Meghalaya,25.716915,92.442685,224.8,0.448,14.9,163.8,29.5,Moderate
Assam,24.208345,91.319495,230.5,0.292,36.1,963.9,25.2,Moderate
Nagaland,26.083569,93.753957,192.2,0.39,40.9,2218.3,16.2,Moderate
Assam,27.124402,95.491011,307.2,0.585,27.0,969.7,22.9,Moderate
Arunachal Pradesh,27.77131,93.381729,362.6,0.74,43.5,2329.9,13.2,Critical
Nagaland,27.026946,94.189705,48.9,0.397,31.2,2000.2,18.1,Moderate
Assam,26.054003,91.915394,128.7,0.46,58.5,2832.7,13.2,Moderate
Mizoram,24.264826,92.939642,287.2,0.483,36.2,907.2,22.8,Moderate
Manipur,25.248132,94.461252,4.0,0.242,22.8,1478.2,17.8,Low
Arunachal Pradesh,27.525547,93.885319,29.9,0.166,28.7,1564.7,20.4,Low
Assam,27.563581,91.988509,69.4,0.353,46.6,1389.4,22.1,Low
Arunachal Pradesh,28.881805,96.675458,7.6,0.335,53.0,2217.1,18.7,Low
Sikkim,27.747852,88.667465,257.9,0.632,29.8,359.8,26.4,Moderate
Arunachal Pradesh,28.915292,96.147718,56.2,0.275,25.7,1530.8,18.5,Low
Nagaland,25.950601,93.402527,91.9,0.251,40.2,1232.5,24.7,Low
Sikkim,27.482252,88.606381,144.2,0.281,20.6,1596.0,20.3,Low
Tripura,23.620561,91.973652,26.3,0.171,14.0,268.1,29.3,Low
Nagaland,25.878267,94.569488,105.5,0.287,22.3,827.7,24.3,Low
Manipur,24.154198,94.348865,91.4,0.286,9.7,582.3,29.7,Low
Sikkim,27.654835,88.183658,97.2,0.159,27.5,656.0,23.1,Low
Tripura,23.367058,91.973191,140.2,0.216,3.6,155.2,26.0,Low
Mizoram,23.154763,92.480841,119.1,0.273,53.4,1641.4,23.6,Moderate
Arunachal Pradesh,29.401814,95.433188,42.6,0.156,46.2,1963.7,18.7,Moderate
Assam,28.019966,92.390762,261.9,0.543,31.1,1341.1,20.8,Moderate
Meghalaya,25.57012,92.493866,123.1,0.239,45.9,1568.3,20.2,Moderate
Arunachal Pradesh,28.075148,95.390034,67.0,0.206,20.5,735.0,24.6,Low
Tripura,23.303477,91.580744,216.4,0.365,43.3,1808.3,21.7,Moderate
Arunachal Pradesh,26.87035,92.63289,136.1,0.402,56.9,2513.8,18.1,Moderate
Manipur,23.801792,93.070677,299.1,0.545,28.3,1197.2,26.7,Moderate
Mizoram,24.440938,92.51506,47.6,0.164,15.3,840.9,23.8,Low
Meghalaya,25.795973,92.317299,68.8,0.122,25.0,1373.6,17.3,Low
Sikkim,27.660793,88.13783,247.8,0.434,22.2,1175.7,22.7,Moderate
Sikkim,27.87374,88.540226,39.0,0.093,19.7,669.8,27.4,Low
Sikkim,27.877501,88.692772,174.6,0.499,32.3,2268.1,17.5,Moderate
Tripura,24.460657,91.745632,89.8,0.253,36.9,2876.4,12.6,Moderate
Nagaland,25.849118,94.596929,181.4,0.367,49.8,2048.6,15.2,Moderate
Nagaland,25.330037,95.094795,125.7,0.321,12.8,950.6,24.0,Low
Assam,24.5014,91.76541,51.0,0.151,2.0,50.0,27.0,Low
Meghalaya,25.978894,91.591937,78.0,0.496,17.6,768.8,25.4,Moderate
Sikkim,27.472363,88.426092,13.7,0.077,23.2,189.1,27.3,Low
Nagaland,26.82364,93.980009,63.6,0.14,49.8,1781.7,19.4,Low
Tripura,24.291439,91.114575,66.5,0.069,5.1,50.0,29.6,Low
Assam,27.262553,95.03955,319.4,0.652,5.4,584.5,26.4,Moderate
Mizoram,22.372726,92.75945,83.8,0.184,16.1,839.6,27.0,Low
Assam,24.695099,94.151606,101.2,0.185,45.1,2221.2,15.8,Moderate
Nagaland,26.217161,94.570647,212.0,0.441,44.0,2935.8,12.7,Moderate
Manipur,24.173325,93.381143,18.6,0.05,33.3,1769.0,23.4,Low
Tripura,22.966396,91.418688,113.7,0.342,27.7,1221.3,24.0,Moderate
Manipur,24.863515,94.544283,162.9,0.307,35.3,1645.8,19.9,Moderate
Sikkim,27.800313,88.391857,156.6,0.335,39.3,1503.3,19.2,Moderate
Manipur,25.610928,94.294641,16.0,0.05,41.1,2100.5,16.4,Moderate
Sikkim,28.116198,88.474829,224.4,0.44,26.8,1027.8,25.9,Moderate
Sikkim,27.310685,88.047544,141.5,0.267,59.2,2012.3,20.0,Moderate
Nagaland,26.579561,93.542606,131.4,0.422,52.8,1724.7,19.4,Moderate
Manipur,24.375273,93.958448,126.3,0.285,14.9,593.7,23.6,Moderate
Sikkim,27.6773,88.540525,56.1,0.295,33.1,1900.5,18.7,Moderate
Meghalaya,25.199506,90.939212,65.9,0.181,57.0,1727.3,17.7,Moderate
Mizoram,23.504705,93.460765,267.0,0.498,58.3,1633.5,15.4,High
Assam,27.056051,95.512404,144.4,0.496,42.8,2482.8,17.0,High
Assam,27.201291,93.427817,13.4,0.113,39.6,2073.4,21.7,Low
Nagaland,25.564844,94.633371,33.8,0.225,52.9,1314.7,21.6,Low
Manipur,24.984421,94.084445,29.2,0.05,28.5,1356.0,20.0,Low
Manipur,24.730593,93.951582,18.8,0.213,34.4,1261.3,22.8,Low
Sikkim,27.401331,88.467381,101.2,0.266,43.7,1649.8,16.5,Moderate
Tripura,23.216089,92.046727,107.1,0.372,29.3,1606.5,15.9,Low
Arunachal Pradesh,27.057331,91.967315,87.0,0.325,29.8,1986.5,16.9,Low
Sikkim,27.523495,88.592477,228.7,0.361,36.5,1147.7,24.1,Moderate
Mizoram,23.038064,92.55978,208.5,0.17,2.0,50.0,29.3,Low
Meghalaya,25.669805,90.841007,76.2,0.127,43.5,1829.3,19.1,Low
Assam,27.918044,95.512664,119.4,0.31,37.7,1185.1,26.6,Moderate
Sikkim,27.602846,88.295096,181.3,0.489,9.0,386.5,31.9,Moderate
Arunachal Pradesh,28.711397,91.701921,113.5,0.357,53.4,2480.1,15.9,Moderate
Arunachal Pradesh,27.924307,93.349779,193.1,0.465,43.3,2819.5,11.7,High
Sikkim,28.104643,88.010803,172.6,0.464,46.8,2176.2,16.7,Moderate
Nagaland,26.250348,94.781327,40.4,0.346,24.8,462.2,26.7,Low
Assam,26.037076,90.238039,117.2,0.23,21.7,886.8,23.2,Moderate
Nagaland,27.047677,94.336021,142.8,0.189,41.2,1488.5,20.6,Moderate
Meghalaya,25.737023,90.509829,220.2,0.332,31.8,1460.4,21.6,Moderate
Arunachal Pradesh,27.950494,93.860322,327.5,0.638,32.6,1379.8,18.8,High
Arunachal Pradesh,26.724688,92.083882,246.8,0.46,52.9,1969.0,18.6,High
Mizoram,24.077429,92.511766,36.5,0.068,37.7,1726.5,22.9,Low
Meghalaya,25.23395,91.314734,189.1,0.351,24.5,1473.8,23.2,Low
Arunachal Pradesh,28.806241,91.840706,97.3,0.367,42.2,2231.4,15.8,Moderate
Meghalaya,25.69217,90.157631,53.3,0.144,37.4,2056.9,16.8,Moderate
Assam,24.153136,90.032287,61.2,0.23,25.9,917.5,25.5,Low
Manipur,25.384912,93.21235,44.0,0.247,55.2,2543.2,18.1,Moderate
Arunachal Pradesh,26.635454,93.908449,500.0,0.876,14.7,321.5,32.0,High
Mizoram,24.094383,92.541131,125.1,0.415,36.8,1998.3,17.8,Moderate
Assam,25.771193,89.951512,117.3,0.291,2.0,428.0,26.7,Low
Sikkim,27.538894,88.519852,80.3,0.235,51.3,2258.5,9.0,Low
Meghalaya,25.685088,90.79728,12.1,0.162,21.5,1147.7,25.1,Low
Sikkim,27.37864,88.095961,137.3,0.291,35.9,1527.3,25.6,Low
Nagaland,25.896917,93.498989,85.7,0.178,11.7,1084.6,20.0,Low
Assam,27.219703,95.787528,74.6,0.082,37.8,1592.7,19.9,Low
Sikkim,28.164089,88.778564,31.4,0.185,46.1,1939.5,21.5,Moderate
Tripura,23.861267,91.911125,123.8,0.325,25.9,1871.8,21.5,Low
Tripura,23.356329,91.820002,99.8,0.376,8.3,50.0,29.9,Low
Arunachal Pradesh,27.866949,94.151095,63.1,0.251,50.5,1962.6,16.9,Moderate
Meghalaya,25.909332,90.645755,117.7,0.406,16.3,2023.1,18.5,Moderate
Manipur,24.404275,94.664355,53.2,0.084,35.3,1465.9,22.6,Low
Assam,24.236142,92.759496,59.7,0.217,30.7,1543.3,20.8,Low
Arunachal Pradesh,29.238402,94.856997,207.3,0.416,31.3,1370.3,21.7,Moderate
Mizoram,23.320658,92.524667,118.2,0.334,13.8,838.2,30.1,Low
Nagaland,25.852223,95.004097,63.3,0.155,20.6,1824.9,21.7,Low
Meghalaya,25.671062,91.344227,43.7,0.168,2.0,240.9,28.1,Low
Assam,24.418235,89.800977,144.8,0.395,55.3,3306.8,11.7,Moderate
Tripura,24.441896,91.490082,37.5,0.102,2.0,324.9,30.1,Low
Assam,26.533495,90.202205,58.6,0.314,38.5,1940.3,17.2,Moderate
Manipur,25.097917,94.67862,234.8,0.529,32.8,1379.9,21.7,Moderate
Tripura,23.821064,91.16395,212.9,0.284,13.4,525.3,28.0,Moderate
Manipur,24.905271,94.379425,119.3,0.241,50.4,2063.8,16.7,Moderate
Mizoram,22.956683,93.343789,32.0,0.067,38.9,1032.0,25.4,Low
Nagaland,26.432498,95.098498,93.8,0.361,45.1,1761.1,16.3,Moderate
Mizoram,23.521114,92.370674,43.0,0.233,5.9,723.4,28.2,Low
Arunachal Pradesh,27.429075,92.609872,134.5,0.11,33.5,1600.1,18.1,Low
Arunachal Pradesh,29.226479,95.6822,290.2,0.328,18.3,769.3,22.0,Moderate
Mizoram,23.658636,92.591256,153.5,0.396,37.6,1278.8,22.9,Moderate
Nagaland,25.549685,94.812902,159.7,0.071,22.8,612.3,30.7,Low
Mizoram,23.132811,92.493526,104.8,0.461,29.3,1584.5,23.3,Low
Nagaland,26.371582,93.380668,196.1,0.328,45.3,2857.3,13.5,Moderate
Nagaland,25.819723,94.237114,59.6,0.243,22.2,1640.7,17.4,Low
Sikkim,27.17755,88.886189,216.9,0.434,15.2,1680.4,20.5,Moderate
Tripura,23.234556,91.169459,235.0,0.557,20.1,1455.2,18.9,Moderate
Meghalaya,25.244242,92.107183,106.2,0.416,47.3,2732.3,10.8,Moderate
Nagaland,26.008461,94.430832,195.8,0.39,23.6,1137.5,22.2,Moderate
Manipur,23.839917,93.061976,154.8,0.353,31.6,1213.1,22.1,Moderate
Nagaland,26.047069,94.93331,98.0,0.354,32.1,1778.3,20.1,Low
Nagaland,26.881954,93.473413,95.5,0.451,18.4,1205.6,21.5,Low
Nagaland,26.22289,95.126459,62.6,0.405,30.7,991.5,28.4,Low
Sikkim,27.465567,88.746609,74.0,0.338,26.3,892.9,22.3,Low
Tripura,23.113913,92.216013,80.0,0.315,42.5,1858.8,14.8,Low
Sikkim,27.901708,88.847201,62.3,0.179,21.8,1677.4,22.5,Low
Arunachal Pradesh,28.529852,93.498722,99.1,0.464,20.8,913.6,21.3,Low
Sikkim,28.125817,88.24801,71.8,0.31,17.6,1095.2,17.6,Low
Manipur,24.431128,94.261455,255.5,0.38,36.7,946.1,21.2,Moderate
Manipur,25.254101,94.672926,114.7,0.53,29.0,1250.9,21.8,Moderate
Sikkim,27.245763,88.718198,51.2,0.077,7.4,172.5,28.6,Low
Tripura,24.081674,91.082933,85.9,0.182,31.6,2141.2,15.0,Low
Mizoram,22.90678,92.567595,102.6,0.215,34.3,1284.3,23.4,Low
Meghalaya,25.365389,92.748841,99.0,0.234,26.8,1308.5,18.8,Low
Tripura,23.928444,91.932979,169.1,0.293,21.3,735.4,33.0,Low
Sikkim,28.171941,88.339482,72.3,0.261,7.8,495.6,29.2,Low
Nagaland,26.723496,94.169062,256.8,0.39,30.8,1278.9,24.3,Moderate
Assam,27.652041,90.838143,46.2,0.312,52.4,2012.9,17.9,Moderate
Meghalaya,26.137223,90.456315,261.0,0.508,17.6,249.6,29.4,Moderate
Meghalaya,25.391465,92.068577,36.7,0.05,23.2,1290.3,21.9,Low
Manipur,24.548135,94.09478,49.0,0.123,2.0,157.4,27.0,Low
Meghalaya,25.533488,92.02711,135.3,0.468,51.2,2346.2,16.1,Moderate
Sikkim,27.273998,88.052612,236.0,0.506,24.2,667.1,27.3,Moderate
Nagaland,25.769866,94.248617,35.7,0.164,23.6,560.3,24.7,Low
Nagaland,25.519238,94.009595,95.8,0.206,58.6,2857.8,16.9,Moderate
Arunachal Pradesh,27.699949,91.815655,270.2,0.44,13.5,459.1,29.8,Moderate
Nagaland,26.308284,95.068687,93.3,0.087,29.0,976.3,30.3,Low
Tripura,23.142789,91.77715,139.7,0.416,15.6,252.4,26.9,Moderate
Nagaland,26.463004,94.138669,95.1,0.317,51.4,2460.8,19.3,Moderate
Manipur,25.132085,93.739317,78.6,0.05,24.5,1022.0,25.4,Low
Nagaland,26.158811,93.314706,55.3,0.168,35.5,1436.5,23.7,Low
Arunachal Pradesh,28.57516,95.137385,17.0,0.149,37.0,751.9,31.6,Low
Assam,24.161284,92.019976,268.6,0.374,27.8,928.0,27.0,Moderate
Sikkim,28.174838,88.378663,80.1,0.253,36.7,1171.0,24.0,Moderate
Manipur,24.753696,94.637874,277.9,0.568,22.1,1376.9,18.7,Moderate
Tripura,24.047619,91.756691,41.3,0.156,31.4,1015.4,23.5,Low
Assam,27.35078,95.145507,105.1,0.471,20.8,232.3,21.8,Low
Manipur,24.668087,93.855195,23.1,0.365,32.0,872.4,25.0,Low
Mizoram,22.903732,93.456718,75.3,0.252,45.3,2575.2,15.6,Moderate
Meghalaya,25.8366,90.049669,66.6,0.279,44.4,1944.0,22.6,Moderate
Mizoram,24.143695,92.824728,114.1,0.244,42.0,2336.4,14.5,Moderate
Nagaland,25.330632,94.399435,155.9,0.297,38.1,1999.5,18.0,Moderate
Assam,25.75209,95.229821,99.6,0.28,38.1,2050.2,20.5,Moderate
Nagaland,25.58759,94.952929,148.3,0.217,20.2,1869.1,19.2,Low
Meghalaya,25.669226,89.963831,53.7,0.243,45.8,1727.8,21.5,Moderate
Manipur,25.646506,93.922707,233.5,0.367,34.6,1721.7,22.5,Moderate
Meghalaya,25.349052,91.208221,24.7,0.268,31.9,1519.7,18.4,Low
Arunachal Pradesh,29.073573,93.176967,61.5,0.204,11.6,784.3,22.8,Low
Meghalaya,25.231212,90.187214,93.1,0.406,2.0,674.0,28.4,Low
Arunachal Pradesh,27.393578,95.790264,112.2,0.326,32.8,1325.2,20.0,Low
Meghalaya,25.565952,90.482445,88.8,0.241,38.2,1829.0,21.8,Low
Sikkim,27.199422,88.299457,113.8,0.16,24.9,1538.3,19.3,Low
Arunachal Pradesh,29.319773,93.386647,202.5,0.494,18.9,1123.5,26.1,Moderate
Assam,28.150121,92.756952,60.7,0.05,19.4,1080.3,28.4,Low
Nagaland,25.540411,95.08228,83.2,0.239,26.2,1856.0,18.5,Low
Tripura,23.636569,91.922573,58.9,0.283,23.4,945.4,24.0,Moderate
Nagaland,27.069052,93.400351,292.3,0.461,35.1,1117.7,20.2,Moderate
Mizoram,22.151406,93.136594,429.5,0.752,31.2,1717.5,16.8,High
Nagaland,25.735468,93.668603,83.3,0.277,9.5,506.8,31.8,Low
Manipur,23.874788,93.039324,60.7,0.241,49.2,2496.8,15.7,Moderate
Sikkim,27.929383,88.12099,129.7,0.364,17.3,490.0,22.7,Moderate
Meghalaya,25.561265,91.61769,330.6,0.491,31.3,1275.0,21.1,Moderate
Mizoram,23.013715,92.235239,13.1,0.268,60.6,3092.8,12.2,Moderate
Manipur,25.288653,93.018924,39.6,0.173,35.9,1392.7,18.5,Low
Manipur,25.247591,94.607948,74.9,0.147,33.6,1995.4,14.7,Moderate
Arunachal Pradesh,27.79852,94.445484,185.4,0.364,13.1,1245.2,20.8,Low
Nagaland,26.106268,94.078417,180.7,0.46,24.6,1472.5,18.1,Moderate
Assam,27.727183,95.331781,154.2,0.301,44.8,1721.9,22.5,Moderate
Tripura,23.437306,91.799591,193.6,0.409,31.6,1241.9,22.8,Moderate
Assam,27.893012,95.760969,46.6,0.149,17.9,767.9,23.7,Low
Mizoram,23.223294,92.788672,58.7,0.268,33.0,911.5,28.0,Low
Sikkim,27.334433,88.862985,104.5,0.342,25.7,986.3,21.7,Moderate
Assam,24.59982,93.352926,47.1,0.06,45.7,1710.2,16.6,Low
Meghalaya,25.33906,90.637025,37.7,0.194,36.6,1432.3,22.8,Low
Assam,25.700868,95.992395,227.9,0.528,40.9,1481.2,22.9,Moderate
Mizoram,22.042912,92.952104,122.3,0.05,14.6,1346.5,24.8,Low
Tripura,23.032115,91.200877,3.0,0.08,43.3,1659.8,19.1,Low
Assam,25.846164,92.915899,189.9,0.296,24.2,620.1,26.3,Low
Meghalaya,25.310551,90.749371,182.1,0.448,13.9,618.6,25.8,Low
Arunachal Pradesh,26.760901,93.167709,74.4,0.151,37.2,1271.1,21.9,Low
Sikkim,28.15987,88.850237,35.1,0.05,20.5,868.7,24.6,Low
Mizoram,22.770684,92.94211,148.9,0.395,20.9,1074.6,18.1,Moderate
Arunachal Pradesh,29.228786,91.534011,39.4,0.336,19.2,1144.8,23.3,Low
Arunachal Pradesh,28.932051,96.716033,117.4,0.372,41.4,2059.3,14.9,Moderate
Arunachal Pradesh,26.773977,92.387962,142.5,0.454,29.3,1382.6,20.4,Moderate
Manipur,25.625418,93.967572,189.0,0.42,2.0,50.0,29.3,Low
Sikkim,27.017036,88.231869,205.9,0.516,55.4,1971.5,17.0,High
Tripura,23.61991,91.900782,80.0,0.26,17.3,326.5,27.4,Low
Nagaland,26.593005,95.290843,411.6,0.584,37.9,1016.1,21.5,Moderate
Sikkim,27.345013,88.484398,34.3,0.195,40.0,1684.6,16.2,Moderate
Manipur,24.813315,93.730161,173.8,0.443,15.9,511.8,22.5,Moderate
Nagaland,25.521408,95.254913,78.0,0.237,20.0,611.1,25.8,Low
Sikkim,28.023981,88.4485,53.3,0.25,14.9,80.4,27.0,Low
Arunachal Pradesh,28.309736,92.749936,32.8,0.212,37.7,2246.2,13.5,Low
Mizoram,23.313846,93.103461,109.0,0.355,39.1,1571.3,23.3,Low
Nagaland,26.178817,95.28057,90.7,0.143,24.1,986.9,20.3,Low
Meghalaya,25.73361,90.912921,91.1,0.187,56.1,2458.3,17.4,Moderate
Meghalaya,25.926582,90.311388,29.4,0.194,17.1,802.7,28.0,Low
Assam,25.614966,91.885841,16.0,0.435,27.9,1555.5,20.2,Moderate
Nagaland,26.020433,94.86356,132.2,0.214,52.2,2158.6,16.7,Moderate
Mizoram,23.15885,93.232219,99.3,0.213,23.4,1453.5,25.9,Moderate
Tripura,23.822382,91.44469,18.6,0.069,22.2,428.3,31.1,Low
Manipur,25.33896,93.428921,244.3,0.452,25.3,1466.4,18.2,Moderate
Arunachal Pradesh,27.173149,94.274766,42.1,0.198,30.4,1470.0,18.7,Low
Assam,25.095567,89.757248,132.0,0.293,42.9,1900.5,17.1,Moderate
Meghalaya,25.777957,91.333281,125.2,0.277,11.6,78.4,31.6,Low
Manipur,24.646484,94.740543,80.2,0.31,38.2,1837.4,22.2,Low
Manipur,24.885278,94.554177,173.4,0.077,4.8,953.0,23.7,Low
Arunachal Pradesh,26.918351,94.630636,266.8,0.549,34.8,642.0,24.5,Moderate
Tripura,24.288767,91.758037,253.6,0.62,35.3,2030.8,17.8,Moderate
Tripura,24.048823,91.483657,33.5,0.136,33.3,1067.6,22.7,Low
Nagaland,25.375654,94.215801,89.0,0.259,2.0,124.0,28.8,Low
Meghalaya,25.473375,92.401181,96.1,0.296,28.8,805.8,22.5,Low
Tripura,23.290392,92.256754,70.3,0.095,49.3,2638.0,13.6,Moderate
Mizoram,24.391159,92.521921,186.3,0.449,75.0,3500.0,12.8,High
Tripura,23.456883,92.164222,87.7,0.244,11.5,623.6,23.8,Low
Manipur,25.636582,93.79819,62.9,0.142,33.1,1391.6,15.0,Low
Arunachal Pradesh,27.462991,94.393517,15.1,0.175,24.5,839.7,22.8,Low
Mizoram,23.6882,92.555517,188.0,0.384,19.4,355.6,30.0,Moderate
Nagaland,26.599299,93.403315,144.4,0.256,25.7,1503.6,25.8,Moderate
Meghalaya,25.059153,90.958863,94.4,0.318,50.0,2542.3,15.0,Moderate
Nagaland,25.871599,93.931266,223.0,0.344,40.9,2044.5,17.9,Moderate
Manipur,24.732938,93.57732,162.7,0.498,29.4,1721.1,17.4,Moderate
Mizoram,22.399871,92.60231,148.7,0.379,17.5,801.4,30.3,Moderate
Mizoram,24.434751,92.734447,241.9,0.407,53.7,2648.4,14.7,Moderate
Mizoram,23.056253,92.949508,93.3,0.197,11.4,902.5,23.2,Low
Manipur,25.668347,93.434882,159.2,0.341,65.5,2758.4,13.3,High
Manipur,25.094436,94.288772,85.6,0.294,56.2,1906.8,22.2,Moderate
Nagaland,26.353916,93.477157,21.6,0.084,26.9,966.4,26.1,Low
Assam,26.842864,90.103797,32.9,0.05,9.3,283.5,27.3,Low
Nagaland,26.332671,94.779162,26.6,0.165,24.6,1505.7,18.8,Low
Meghalaya,25.253164,92.324866,129.0,0.181,43.0,2396.1,16.6,Moderate
Arunachal Pradesh,26.591061,96.140971,192.6,0.433,29.6,1040.8,25.3,Moderate
Mizoram,23.096856,92.482864,110.5,0.203,35.7,1181.3,22.0,Moderate
Assam,24.561868,95.705835,56.4,0.133,27.6,830.4,25.6,Low
Arunachal Pradesh,26.717997,92.595014,193.9,0.425,15.0,944.4,24.3,Low
Assam,25.460854,93.60748,109.2,0.17,29.4,231.2,27.9,Low
Tripura,23.771682,91.163337,47.2,0.349,22.2,835.4,22.0,Moderate
Tripura,23.363565,91.310377,112.1,0.3,44.7,1092.2,25.0,Low
Sikkim,27.256251,88.37003,137.4,0.475,23.4,1499.7,22.3,Moderate
Tripura,24.02645,91.282689,126.8,0.203,14.3,1014.6,23.1,Low
Nagaland,25.89669,94.081835,66.5,0.15,16.5,910.7,22.4,Low
Tripura,24.46233,92.241066,43.8,0.2,75.0,2840.9,6.7,Moderate
Manipur,25.320261,93.434986,54.3,0.05,53.7,1866.7,20.2,Low
Mizoram,22.076897,92.611975,32.9,0.334,25.5,1370.0,20.1,Low
Nagaland,25.70691,94.311852,205.9,0.556,2.0,366.1,26.8,Moderate
Arunachal Pradesh,28.833184,96.220776,87.3,0.05,29.3,1147.7,19.9,Low
Sikkim,28.013837,88.323708,85.2,0.267,41.0,1886.0,15.2,Low
Sikkim,27.824681,88.281551,244.5,0.402,42.3,1609.6,22.1,Moderate
Sikkim,27.073087,88.631409,177.5,0.131,22.9,1332.9,16.9,Low
Arunachal Pradesh,26.529483,93.750504,40.1,0.115,22.9,1154.0,19.4,Low
Arunachal Pradesh,27.488138,95.313576,101.9,0.275,29.5,840.6,21.8,Low
Arunachal Pradesh,28.798736,93.17252,313.3,0.3,13.0,853.8,25.0,Moderate
Arunachal Pradesh,28.934881,93.116542,253.6,0.346,20.0,1024.8,22.4,Moderate
Sikkim,27.535592,88.654317,178.0,0.211,44.7,2808.7,12.2,Moderate
Sikkim,27.831504,88.888632,94.1,0.378,50.3,2677.9,17.3,Moderate
Assam,24.945676,93.872603,244.4,0.282,17.8,1592.3,21.8,Low
Nagaland,26.358396,95.130197,109.3,0.453,22.7,1025.2,26.7,Low
Mizoram,22.306542,93.177338,4.8,0.05,26.1,1175.3,23.1,Low
Tripura,23.80923,91.357066,122.9,0.316,20.1,685.3,24.6,Low
Tripura,23.659096,91.43391,43.7,0.238,42.7,1224.6,17.0,Moderate
Manipur,24.900695,94.600201,45.5,0.147,40.5,2341.2,14.9,Low
Sikkim,27.683166,88.56855,2.4,0.232,4.7,733.7,21.9,Low
Manipur,24.785621,93.092098,118.1,0.208,53.8,2294.8,19.0,Moderate
Nagaland,25.642431,94.284003,110.2,0.235,40.1,1819.9,21.6,Moderate
Nagaland,25.789447,93.663527,96.5,0.314,61.7,2337.8,15.7,Moderate
Manipur,24.757852,93.581058,31.1,0.232,44.7,1754.0,18.8,Moderate
Sikkim,27.309729,88.417587,287.3,0.654,7.6,356.4,24.1,Moderate
Manipur,24.05324,94.669942,100.0,0.45,19.4,846.1,25.8,Low
Tripura,24.288323,91.919907,164.0,0.265,32.5,1651.6,23.0,Moderate
Assam,24.446098,94.588027,106.0,0.266,21.4,716.4,28.4,Low
Tripura,24.192732,91.998094,228.9,0.484,33.4,1641.6,19.9,Moderate
Meghalaya,25.136759,91.731724,127.2,0.353,21.7,400.9,28.8,Low
Sikkim,28.00119,88.519618,36.4,0.201,54.9,1604.8,24.2,Low
Sikkim,27.775689,88.412527,18.7,0.315,27.3,1921.9,21.0,Low
Mizoram,23.274639,92.24469,127.6,0.409,44.1,1835.7,16.3,Moderate
Arunachal Pradesh,28.416889,91.94796,257.2,0.396,28.1,2015.4,17.0,Moderate
Meghalaya,25.522018,90.677965,155.4,0.25,53.2,1693.1,21.7,Moderate
Nagaland,26.236313,93.566833,93.7,0.32,34.5,1129.7,21.0,Low
Sikkim,27.829972,88.71551,189.4,0.406,56.6,1389.5,21.7,Moderate
Manipur,24.110373,93.187764,155.3,0.415,43.5,1784.2,19.1,Moderate
Meghalaya,25.174619,92.431383,64.0,0.337,39.4,1011.5,18.7,Moderate
Mizoram,23.273292,92.807439,86.2,0.05,60.5,1653.1,18.1,Moderate
Nagaland,25.402752,94.599112,81.5,0.21,29.1,894.9,21.7,Low
Arunachal Pradesh,29.103999,96.055022,123.8,0.279,20.2,1002.2,26.7,Low
Arunachal Pradesh,28.378164,91.914033,20.5,0.159,60.2,3364.7,11.4,Moderate
Mizoram,22.192232,92.264102,103.1,0.385,14.6,1083.0,23.4,Low
Mizoram,22.569446,92.37636,203.4,0.387,28.5,887.4,25.7,Moderate
Manipur,24.294091,93.693105,95.1,0.05,24.2,1070.5,19.6,Moderate
Sikkim,28.131579,88.549338,60.2,0.299,2.0,278.6,27.4,Low
Arunachal Pradesh,29.004921,95.406933,129.4,0.275,54.2,1459.1,22.5,Moderate
Nagaland,25.413756,94.771841,45.9,0.12,11.0,1303.4,21.9,Low
Meghalaya,25.330119,91.717324,128.8,0.386,30.6,973.9,27.8,Moderate
Nagaland,25.847828,95.295345,97.1,0.34,39.1,1548.6,17.0,Moderate
Assam,25.106916,91.458522,46.6,0.237,37.9,1443.7,20.2,Low
Assam,27.908823,89.85526,123.6,0.394,42.7,842.2,26.6,Moderate
Mizoram,23.711391,93.142924,26.2,0.061,2.0,50.0,27.9,Low
Manipur,25.389119,94.753991,131.0,0.143,21.2,1368.5,23.5,Low
Assam,28.097528,90.111244,220.4,0.479,52.5,1896.9,17.4,Moderate
Arunachal Pradesh,28.965518,95.054705,148.6,0.376,32.5,1075.6,26.2,Moderate
Nagaland,26.42995,93.5567,203.2,0.542,18.7,1094.5,25.5,Moderate
Nagaland,26.435356,95.264965,93.7,0.308,39.4,1194.0,25.1,Low
Mizoram,24.270728,92.77087,86.8,0.143,6.3,1103.0,19.3,Low
Sikkim,27.047938,88.326064,190.6,0.398,32.5,954.0,23.6,Moderate
Sikkim,27.991668,88.631349,192.5,0.46,20.6,717.6,25.4,Moderate
Meghalaya,25.551212,89.965305,130.4,0.477,40.6,1302.8,21.6,Moderate
Mizoram,23.009926,92.809732,182.0,0.476,40.8,2119.1,18.4,Moderate
Tripura,24.385689,91.833412,162.0,0.408,39.7,1660.5,18.2,Moderate
Meghalaya,25.373983,91.375955,78.3,0.241,28.3,1633.7,17.8,Low
Tripura,23.005688,92.264339,58.4,0.273,46.4,1356.4,19.6,Moderate
Sikkim,27.432072,88.430081,209.1,0.481,37.7,1612.4,20.9,Moderate
Mizoram,22.823738,93.087265,106.0,0.188,39.0,2000.5,19.9,Low
Tripura,23.959571,91.929919,142.7,0.391,34.8,814.2,24.2,Moderate
Mizoram,22.597172,92.610369,82.8,0.246,2.0,516.7,27.2,Low
Mizoram,22.225653,93.052163,55.5,0.184,43.4,1563.0,21.0,Low
Sikkim,27.047757,88.537914,353.6,0.5,18.1,772.5,26.1,Moderate
Meghalaya,26.043635,92.472496,133.2,0.35,36.1,211.6,29.6,Low
Meghalaya,25.538845,91.177911,158.9,0.332,33.3,1047.0,21.5,Moderate
Mizoram,22.10012,93.071995,243.1,0.404,33.8,670.9,25.0,Moderate
Assam,27.44929,91.241327,234.6,0.339,35.4,1301.9,20.0,Moderate
Manipur,24.600472,94.509911,61.2,0.088,28.3,1123.4,26.7,Low
Sikkim,28.052545,88.218862,105.2,0.42,3.7,460.8,30.0,Low
Manipur,24.846084,93.346488,175.1,0.389,2.0,439.7,24.1,Low
Manipur,23.99357,94.640017,303.4,0.604,15.6,1047.8,21.2,Moderate
Meghalaya,25.984609,92.080105,288.8,0.438,40.9,1163.9,19.4,High
Meghalaya,25.05852,92.331186,139.0,0.254,40.3,1567.1,22.6,Moderate
Assam,25.839785,91.857089,129.0,0.199,57.9,2799.0,14.4,Moderate
Manipur,24.838305,93.164436,183.2,0.325,19.3,1044.4,26.5,Low
Manipur,25.237628,94.048383,280.3,0.529,47.4,1902.0,19.2,High
Mizoram,22.385134,92.444702,133.9,0.253,26.1,1666.4,21.4,Moderate
Meghalaya,25.221098,89.971007,155.5,0.302,38.4,1441.3,23.6,Moderate
Manipur,24.916817,94.512627,209.7,0.4,30.7,1466.9,20.7,Moderate
Nagaland,25.233247,93.398009,101.0,0.358,14.2,78.0,27.5,Low
Assam,26.405635,94.862823,90.1,0.481,2.0,509.0,25.8,Low
Tripura,23.422782,91.454499,158.5,0.379,11.5,139.4,29.9,Low
Nagaland,26.333058,93.848426,214.8,0.273,45.9,1540.1,24.8,Moderate
Nagaland,25.250556,94.770457,192.0,0.553,35.9,2107.8,17.0,Moderate
Tripura,23.90104,91.754983,168.2,0.398,21.0,1114.2,23.4,Low
Sikkim,27.890021,88.607708,66.6,0.346,61.7,3174.1,12.9,Moderate
Sikkim,27.247058,88.317233,69.3,0.296,15.9,1187.4,20.8,Low
Assam,24.529663,90.518099,145.1,0.147,44.4,2540.4,14.7,Moderate
Nagaland,26.484772,95.0172,130.2,0.314,18.7,1039.4,26.8,Low
Manipur,25.629192,94.131025,95.8,0.218,33.1,1520.4,21.9,Low
Meghalaya,25.220922,90.116951,232.4,0.411,40.2,2297.5,15.9,Moderate
Assam,27.413974,93.346166,139.9,0.556,48.4,2127.2,16.7,Moderate
Mizoram,23.507541,93.215901,172.7,0.394,53.7,2397.2,13.6,High
Tripura,24.025244,92.084796,51.6,0.05,44.7,1610.7,19.0,Low
Nagaland,25.306806,94.795041,95.7,0.098,62.7,1733.3,17.1,Moderate
Assam,27.573582,91.502651,14.5,0.242,46.7,1819.8,21.4,Low
Arunachal Pradesh,28.421342,93.227891,89.9,0.297,13.6,93.9,29.6,Low
Arunachal Pradesh,29.373913,91.68383,125.9,0.317,44.7,1994.4,18.4,Moderate
Sikkim,27.695751,88.149853,89.5,0.174,12.9,427.9,27.7,Low
Tripura,24.039552,91.228657,61.6,0.203,23.5,1317.2,23.3,Low
Meghalaya,25.28246,91.283112,182.3,0.294,46.2,1484.4,25.9,Moderate
Manipur,25.538186,93.381086,164.7,0.448,42.2,2096.4,21.7,Moderate
Meghalaya,25.173088,92.07693,90.1,0.285,39.4,1628.7,18.9,Moderate
Meghalaya,25.600743,92.535355,100.9,0.466,14.9,1767.5,22.4,Low
Meghalaya,25.175937,91.737784,164.1,0.449,40.4,2268.2,21.8,Moderate
Tripura,23.272607,91.203789,42.2,0.05,20.3,1106.2,25.0,Low
Meghalaya,25.820115,91.581054,201.1,0.449,26.8,860.3,23.9,Moderate
Mizoram,23.862551,92.602301,57.6,0.281,23.1,943.4,22.1,Low
Tripura,23.616755,91.527113,92.7,0.393,32.1,2283.7,16.8,Moderate
Mizoram,24.458633,92.579924,113.0,0.462,21.1,1102.8,24.1,Low
Tripura,23.371708,91.460913,12.5,0.146,26.7,1368.4,20.0,Low
Sikkim,27.677513,88.22709,50.8,0.141,2.0,50.0,29.3,Low
Assam,27.844218,91.373819,83.4,0.345,47.1,2361.4,13.8,Moderate
Arunachal Pradesh,29.187447,92.069113,22.0,0.268,28.2,1230.9,22.1,Low
Meghalaya,25.787875,92.520957,15.1,0.296,13.6,624.0,22.0,Low
Sikkim,27.202499,88.871494,44.6,0.236,17.8,1643.1,20.4,Low
Assam,25.90211,95.658005,113.2,0.349,26.1,420.0,26.6,Low
Arunachal Pradesh,28.53046,93.158728,281.4,0.453,45.3,1704.8,18.1,Moderate
Nagaland,25.557775,93.90747,132.8,0.27,20.8,103.2,29.0,Low
Manipur,23.976733,93.258962,70.5,0.379,34.2,1986.3,19.2,Low
Mizoram,22.172117,92.749827,72.7,0.315,19.1,1262.1,23.4,Low
Nagaland,26.711599,93.582767,80.6,0.223,19.1,1154.2,20.0,Low
Tripura,23.108513,91.836458,34.2,0.264,46.7,1805.2,20.5,Low
Arunachal Pradesh,27.091549,92.036855,168.4,0.202,9.8,1612.6,19.5,Low
Nagaland,25.517012,95.147463,145.7,0.295,26.1,1247.5,21.4,Low
Manipur,25.360795,93.637316,39.9,0.05,39.3,1156.3,23.5,Low
Sikkim,27.786985,88.483548,29.3,0.144,33.2,2109.6,16.2,Low
Arunachal Pradesh,28.531373,95.254691,99.9,0.294,42.3,2467.2,17.2,Moderate
Nagaland,26.394595,93.832203,111.6,0.187,22.1,638.7,27.5,Low
Mizoram,22.001417,92.792237,35.5,0.09,30.8,1726.0,15.0,Low
Mizoram,24.216532,92.940346,31.4,0.142,54.7,2707.6,15.5,Moderate
Assam,27.496042,95.947233,94.8,0.2,11.4,1005.0,24.3,Low
Nagaland,25.510871,94.683555,97.6,0.05,23.0,636.5,28.1,Low
Meghalaya,25.809152,92.739866,205.9,0.277,25.6,463.4,27.5,Low
Nagaland,27.072641,94.673357,136.1,0.417,2.0,295.0,29.7,Low
Sikkim,27.292338,88.7187,53.7,0.25,7.8,439.2,24.7,Low
Arunachal Pradesh,26.821087,95.793846,166.4,0.305,39.0,1616.9,22.0,Moderate
Arunachal Pradesh,29.230588,93.605584,245.0,0.599,23.2,1053.3,25.5,Moderate
Sikkim,27.756762,88.387128,54.9,0.244,44.8,2142.4,17.0,Low
Nagaland,26.031754,93.920742,70.0,0.258,21.5,114.2,33.7,Low
Sikkim,27.914556,88.842559,109.7,0.346,10.9,1153.6,19.0,Moderate
Manipur,25.587427,93.314606,113.2,0.251,22.6,1746.5,16.9,Low
Tripura,24.29959,91.958661,236.1,0.554,44.3,1756.2,19.3,Moderate
Sikkim,27.303405,88.060556,91.5,0.07,18.3,423.9,26.9,Low
Mizoram,22.596793,93.385871,59.3,0.05,12.7,71.4,27.3,Low
Sikkim,27.759814,88.648949,355.1,0.538,27.5,975.3,26.1,Moderate
Arunachal Pradesh,27.271457,95.456635,55.8,0.235,65.4,2727.2,12.3,Moderate
Mizoram,21.973116,92.687918,104.1,0.261,45.9,1580.9,23.9,Moderate
Arunachal Pradesh,28.38026,92.303531,94.5,0.26,17.0,529.8,25.3,Low
Assam,27.456615,91.180697,153.8,0.384,24.2,725.3,26.9,Moderate
Meghalaya,25.782737,91.015591,16.9,0.262,30.3,1412.2,22.1,Low
Arunachal Pradesh,28.288131,92.090978,131.0,0.321,30.5,1551.2,17.6,Moderate
Mizoram,21.943973,93.382434,78.5,0.199,32.3,1647.9,25.0,Low
Assam,25.132446,94.863965,71.5,0.139,10.6,191.3,30.4,Low
Arunachal Pradesh,29.498051,92.662872,118.4,0.425,38.3,1247.0,22.6,Moderate
Manipur,24.303824,94.193148,82.3,0.391,48.9,1529.2,19.9,Low
Sikkim,28.158538,88.824233,50.8,0.05,31.9,1906.4,16.3,Low
Meghalaya,25.603451,92.185331,47.3,0.095,12.5,502.5,29.0,Low
Arunachal Pradesh,26.907238,96.87591,49.3,0.183,40.9,1798.2,19.3,Low
Assam,28.050284,90.731492,72.6,0.391,26.8,988.3,25.7,Moderate
Manipur,24.368904,93.180279,79.5,0.275,14.5,1261.7,26.0,Low
Nagaland,25.716263,94.931912,159.5,0.388,36.3,1279.8,17.1,Moderate
Assam,25.588926,90.256901,142.3,0.413,25.2,1255.0,16.2,Moderate
Sikkim,27.410671,88.883245,162.7,0.244,54.0,2280.5,14.5,Moderate
Assam,26.644671,92.321814,85.7,0.094,51.1,2060.2,19.8,Low
Manipur,24.116423,94.775118,100.3,0.311,30.2,761.4,28.4,Low
Assam,27.447566,91.473307,96.5,0.225,24.3,677.4,30.0,Low
Manipur,23.933131,93.101926,67.0,0.179,34.6,1988.8,21.0,Moderate
Arunachal Pradesh,26.861134,94.694227,76.0,0.152,24.6,1786.2,17.2,Low
Tripura,24.386021,91.645766,70.1,0.05,38.4,1648.3,20.1,Moderate
Manipur,25.401596,93.802596,186.0,0.48,32.1,1914.6,16.2,Moderate
Manipur,25.146309,94.317371,30.4,0.104,56.9,1935.2,17.6,Moderate
Meghalaya,25.208756,90.883648,118.6,0.45,28.5,2136.6,17.7,Moderate
Manipur,25.010874,93.127254,45.9,0.253,12.5,1288.5,22.9,Low
Manipur,24.486926,93.962639,40.5,0.144,36.4,1751.3,16.0,Low
Nagaland,27.092827,94.249067,45.4,0.063,24.2,964.1,25.0,Low
Tripura,24.205691,91.561687,233.4,0.322,30.7,805.9,27.9,Moderate
Arunachal Pradesh,28.889172,94.774781,139.1,0.481,33.6,1748.9,15.2,Moderate
Sikkim,28.063915,88.369848,125.0,0.469,44.5,1952.0,17.4,Moderate
Meghalaya,25.725165,91.690056,79.2,0.25,26.8,617.2,23.7,Low
Nagaland,25.993028,93.588624,86.3,0.368,22.6,1242.6,20.8,Low
Mizoram,22.143254,92.221673,81.9,0.371,37.8,477.7,26.6,Moderate
Tripura,24.297655,91.307417,56.0,0.377,18.4,1320.8,17.4,Low
Arunachal Pradesh,27.13452,95.548195,175.9,0.263,19.7,848.5,26.8,Low
Arunachal Pradesh,27.460048,94.283246,221.0,0.493,32.8,1844.9,19.6,Moderate
Mizoram,22.322529,93.447669,157.2,0.387,33.7,2122.1,18.5,Moderate
Sikkim,28.021898,88.777411,110.5,0.285,22.3,616.4,27.7,Low
Manipur,24.57287,94.37225,31.6,0.19,63.0,1750.9,17.5,Moderate
Nagaland,25.473365,93.317238,110.6,0.211,60.3,2482.9,16.3,Moderate
Assam,24.083886,93.395591,240.8,0.373,41.3,1544.0,14.1,Moderate
Meghalaya,25.546474,91.354046,112.7,0.185,46.6,2179.4,20.2,Low
Assam,24.031345,92.362926,157.2,0.458,6.6,50.0,29.4,Moderate
Mizoram,23.766977,92.775502,233.1,0.462,47.1,1425.5,19.0,Moderate
Arunachal Pradesh,28.696658,92.781604,107.9,0.249,17.1,499.5,31.7,Low
Sikkim,27.97577,88.529588,214.1,0.404,25.4,541.8,28.4,Moderate
Arunachal Pradesh,27.132289,92.801963,126.6,0.364,66.3,2347.8,19.3,Moderate
Meghalaya,25.753637,92.289819,44.8,0.21,44.2,1290.9,24.2,Moderate
Arunachal Pradesh,27.746883,92.920652,55.7,0.254,26.8,1491.9,16.9,Moderate
Arunachal Pradesh,29.101035,95.180976,21.8,0.306,35.1,1457.7,22.2,Low
Meghalaya,25.537703,91.263701,39.3,0.251,55.0,1923.3,21.5,Moderate
Nagaland,25.588087,94.553605,141.3,0.309,4.8,588.6,23.9,Low
Nagaland,25.881611,95.29129,161.2,0.25,51.3,2420.3,19.0,Moderate
Meghalaya,25.57622,91.257657,132.1,0.359,17.0,738.4,21.8,Low
Sikkim,27.679022,88.82508,177.7,0.358,31.4,1125.7,24.4,Moderate
Mizoram,23.982127,92.786469,35.5,0.185,47.9,1233.6,24.5,Low
Tripura,24.049919,91.762106,109.7,0.478,40.4,1498.2,16.9,Moderate
Arunachal Pradesh,27.977101,92.557737,385.6,0.74,23.8,1458.4,16.5,High
Sikkim,27.556724,88.221237,120.5,0.495,28.7,985.0,26.8,Moderate
Arunachal Pradesh,29.244526,93.344737,114.7,0.325,29.2,1935.2,18.7,Moderate
Tripura,24.423622,91.692972,40.5,0.171,16.5,796.6,25.5,Low
Mizoram,23.542015,92.905823,194.5,0.281,34.9,2066.8,14.8,Moderate
Nagaland,25.445823,94.051642,207.9,0.672,66.0,2895.0,12.7,High
Sikkim,27.118975,88.560659,184.4,0.555,16.6,446.6,25.0,Moderate
Manipur,24.649061,94.400373,207.5,0.327,54.7,2582.4,17.0,Moderate
Manipur,24.218894,93.296219,100.1,0.244,17.9,1160.0,22.3,Low
Tripura,23.550132,92.204561,120.1,0.255,40.1,1610.1,20.8,Moderate
Manipur,25.149801,93.754063,27.7,0.133,39.3,1128.2,22.7,Low
Nagaland,26.182817,93.468426,32.5,0.123,25.7,996.0,22.0,Low
Tripura,24.475321,91.866329,36.0,0.149,32.7,1517.5,18.3,Moderate
Nagaland,25.742268,94.471617,126.4,0.369,27.4,1151.1,22.1,Moderate
Mizoram,22.184654,93.455588,86.4,0.407,40.6,1332.9,22.3,Moderate
Arunachal Pradesh,27.024355,95.064167,127.1,0.306,37.5,1319.4,23.1,Moderate
Mizoram,22.538182,93.13283,127.6,0.152,31.9,2322.2,11.0,Moderate
Mizoram,23.919736,93.075446,79.7,0.344,48.6,3100.1,7.9,Moderate
Nagaland,26.367549,95.084938,74.7,0.217,22.6,447.2,25.1,Low
Tripura,23.025803,91.430189,65.9,0.175,32.2,1163.7,22.8,Low
Tripura,23.29726,92.284418,173.5,0.555,48.5,2171.3,18.5,Moderate
Manipur,24.539841,94.318703,51.8,0.339,30.4,1843.1,20.4,Low
Assam,26.875846,91.036112,137.9,0.339,46.6,1709.9,17.7,Moderate
Arunachal Pradesh,27.216993,93.047065,186.8,0.512,42.8,2118.3,19.2,High
Nagaland,25.981142,93.76865,115.0,0.279,35.2,757.4,23.2,Moderate
Manipur,23.837338,94.582908,14.4,0.231,2.0,651.0,23.2,Low
Sikkim,28.158732,88.307413,82.1,0.354,46.1,2177.7,13.4,Moderate
Assam,25.421729,89.744678,44.2,0.211,26.7,668.2,26.5,Low
Assam,26.857053,94.900271,128.8,0.253,39.9,1738.3,19.7,Low
Nagaland,25.478556,93.619333,145.0,0.374,41.2,1774.9,24.2,Moderate
Meghalaya,25.9481,91.648872,306.7,0.547,19.7,1053.7,28.0,Moderate
Arunachal Pradesh,26.634582,94.924008,69.2,0.281,16.0,760.9,22.7,Low
Assam,25.297454,92.022968,42.0,0.151,50.6,1679.0,18.3,Moderate
Nagaland,26.66249,94.92187,44.7,0.23,39.4,2187.0,15.3,Low
Nagaland,25.960678,95.194306,119.9,0.221,39.8,717.0,21.7,Low
Manipur,24.572279,94.389305,233.4,0.306,39.2,1187.0,22.4,Moderate
Sikkim,27.580653,88.807779,74.7,0.216,14.3,1704.2,19.9,Low
Meghalaya,26.089313,90.06225,196.6,0.308,52.7,1686.2,14.5,Moderate
Arunachal Pradesh,29.30948,96.040442,197.2,0.382,39.5,1566.6,18.8,Moderate
Tripura,24.166097,91.261185,80.4,0.238,26.2,1336.1,21.6,Moderate
Mizoram,23.99331,93.305173,52.9,0.272,44.5,1535.0,22.5,Moderate
Sikkim,27.34698,88.857034,77.1,0.14,31.5,1076.3,25.5,Moderate
Sikkim,27.059832,88.134918,85.4,0.474,62.8,3445.9,12.7,High
Manipur,24.821404,94.036426,238.4,0.418,3.3,50.0,30.0,Moderate
Tripura,23.93224,91.02206,81.1,0.336,49.3,2061.8,18.7,Moderate
Assam,28.03354,89.980905,20.0,0.069,39.8,1607.5,22.1,Low
Assam,24.60086,89.788291,110.9,0.353,41.8,1605.2,24.9,Moderate
Manipur,24.877031,94.67808,73.5,0.217,34.1,1873.4,15.0,Low
Nagaland,26.4653,94.945315,290.7,0.623,8.4,600.2,26.6,Moderate
Assam,24.055781,93.114696,138.1,0.181,46.2,2092.6,16.7,Moderate
Meghalaya,25.551476,91.296904,42.8,0.175,19.5,568.1,28.2,Low
Arunachal Pradesh,26.71664,95.264394,154.2,0.454,37.5,619.0,24.9,Moderate
Sikkim,27.603864,88.688634,81.7,0.111,2.0,687.6,21.5,Low
Sikkim,27.582349,88.134443,266.4,0.61,42.8,1892.7,19.7,High
Meghalaya,25.777908,90.317159,96.6,0.434,10.9,1032.0,20.2,Low
Tripura,24.295831,91.797051,175.1,0.412,75.0,3400.3,8.2,High
Assam,24.660256,95.76273,45.3,0.169,32.1,1102.1,24.0,Low
Sikkim,27.622039,88.065609,98.1,0.261,15.6,385.4,27.6,Low
Mizoram,23.529766,92.529159,71.3,0.064,16.8,1136.4,19.4,Low
Tripura,24.18591,92.063169,78.3,0.283,17.9,1601.3,22.0,Low
Arunachal Pradesh,29.436842,94.260282,216.7,0.422,47.8,1915.5,20.5,Moderate
Arunachal Pradesh,27.864871,95.644116,100.1,0.364,26.8,980.3,27.4,Moderate
Sikkim,27.158965,88.492224,156.4,0.332,13.9,788.8,23.1,Moderate
Manipur,24.83787,93.161052,110.8,0.338,39.6,1600.3,21.0,Moderate
Tripura,23.568775,92.10927,49.9,0.184,33.8,2348.1,17.3,Moderate
Sikkim,28.027384,88.089314,192.5,0.364,15.8,414.8,28.8,Low
Manipur,23.97237,93.472852,64.3,0.28,2.0,248.5,28.9,Low
Sikkim,28.049719,88.116012,64.4,0.071,43.2,1337.9,22.8,Low
Mizoram,23.771992,92.331515,121.3,0.339,15.2,998.4,23.1,Low
Tripura,23.897021,91.462887,53.7,0.233,41.2,1740.7,20.8,Low
Nagaland,26.698937,93.767381,136.7,0.374,12.6,679.3,27.2,Low
Arunachal Pradesh,28.417605,92.796254,6.1,0.141,51.5,2382.1,16.4,Moderate
Sikkim,27.856392,88.78631,130.3,0.166,22.2,1691.1,19.3,Low
Mizoram,22.229685,93.326574,92.0,0.267,21.3,1175.6,20.3,Low
Manipur,24.927793,93.228799,136.6,0.259,20.8,814.2,26.2,Low
Manipur,24.61233,93.289549,148.9,0.393,28.4,1161.9,21.7,Moderate
Arunachal Pradesh,28.601044,95.673775,201.1,0.336,48.8,2480.5,16.6,Moderate
Meghalaya,25.126956,91.31842,48.9,0.05,20.8,427.8,25.1,Low
Sikkim,27.97755,88.842547,29.1,0.05,19.8,1100.8,21.1,Low
Tripura,23.721629,92.235363,134.2,0.245,26.1,472.0,27.1,Low
Assam,26.249894,92.1834,23.0,0.193,2.0,50.0,32.5,Low
Manipur,25.411586,93.887369,41.9,0.367,40.5,1668.3,22.1,Moderate
Tripura,23.655044,91.637406,125.9,0.31,24.9,808.6,22.7,Moderate
Tripura,24.254856,92.081524,43.7,0.165,15.5,588.1,27.9,Low
Nagaland,25.966688,93.9666,100.5,0.235,33.4,1532.0,20.1,Low
Tripura,23.687085,91.744604,51.0,0.267,3.9,230.2,30.5,Low
Tripura,23.28134,92.032142,143.4,0.383,43.0,1982.2,18.9,Moderate
Nagaland,26.124317,93.968091,83.4,0.172,38.2,1815.2,19.1,Moderate
Manipur,24.00296,93.429921,73.5,0.098,12.0,970.7,25.1,Low
Tripura,24.41885,91.39663,32.4,0.194,39.4,1724.9,18.6,Low
Meghalaya,25.202631,91.182018,109.1,0.184,23.7,1827.1,15.3,Low
Meghalaya,25.368505,89.905478,25.7,0.297,39.9,1631.6,19.1,Low
Mizoram,22.740178,92.907341,96.8,0.182,36.4,1414.5,23.4,Low
Nagaland,26.248254,94.013118,175.0,0.293,47.5,1034.5,25.7,Moderate
Mizoram,23.062987,93.455173,165.1,0.452,19.1,1179.3,20.9,Moderate
Nagaland,25.916962,93.816454,25.6,0.05,28.2,765.1,23.9,Low
Sikkim,27.29216,88.411988,153.1,0.388,46.1,2977.6,9.0,Moderate
Sikkim,27.911424,88.185389,53.1,0.199,28.9,1621.8,21.4,Low
Tripura,24.034874,91.027495,97.9,0.165,52.3,1944.2,21.0,Moderate
Assam,25.759519,94.58795,195.1,0.393,12.1,50.0,28.3,Moderate
Sikkim,27.40648,88.507363,65.4,0.191,22.7,830.7,25.0,Low
Assam,24.860913,94.374571,124.0,0.489,40.4,1161.2,19.8,Moderate
Sikkim,27.062735,88.767288,129.5,0.33,15.3,731.7,22.7,Low
Arunachal Pradesh,27.094589,96.309189,28.2,0.157,34.9,1440.4,15.4,Low
Sikkim,27.423035,88.650415,17.0,0.138,34.0,1201.6,25.4,Low
Mizoram,22.729986,93.377685,143.2,0.236,28.6,1204.5,23.6,Moderate
Manipur,24.040611,93.321336,54.6,0.05,36.9,1937.0,20.2,Low
Tripura,23.688848,91.10652,52.5,0.328,40.3,1971.6,14.9,Moderate
Mizoram,22.409548,93.426896,136.4,0.495,29.7,1396.4,22.4,Moderate
Manipur,25.65533,93.677267,98.5,0.101,27.9,1008.7,21.2,Low
Meghalaya,26.107943,91.434474,61.1,0.35,35.5,1394.8,20.7,Moderate
Mizoram,22.60133,93.113118,13.9,0.081,10.7,203.6,29.2,Low
Meghalaya,25.790682,92.767376,12.4,0.075,30.5,1596.1,22.4,Low
Assam,25.113199,93.933975,44.4,0.1,2.0,50.0,28.8,Low
Assam,24.2185,90.41597,103.6,0.324,33.6,1428.1,22.7,Low
Arunachal Pradesh,26.511755,96.997034,175.5,0.328,20.3,497.6,28.8,Low
Sikkim,27.962728,88.708051,107.8,0.245,22.1,2614.9,17.2,Low
Mizoram,23.225288,92.590087,28.8,0.064,4.2,50.0,27.2,Low
Meghalaya,25.181517,90.654024,90.8,0.213,38.9,2255.7,19.1,Low
Manipur,24.514345,94.361358,45.1,0.05,19.1,581.6,22.9,Low
Assam,26.26658,90.188147,139.9,0.405,22.1,1191.4,22.9,Moderate
Sikkim,27.021635,88.092099,51.9,0.376,38.9,1201.5,20.4,Low
Assam,25.724095,95.579115,169.4,0.539,16.5,675.7,20.8,Moderate
Manipur,25.011065,94.443287,93.5,0.174,46.0,1933.9,19.0,Low
Sikkim,27.55965,88.325499,137.5,0.403,30.0,1108.6,22.3,Moderate
Sikkim,27.13008,88.78834,114.9,0.05,24.4,906.6,18.3,Low
Meghalaya,25.939792,90.304354,99.0,0.314,13.9,870.2,22.6,Low
Meghalaya,25.614713,91.262124,101.3,0.08,40.2,735.4,25.6,Low
Mizoram,23.525238,93.430043,161.4,0.302,7.9,341.9,25.7,Low
Mizoram,23.407406,92.902282,89.5,0.507,25.5,329.4,24.1,Low
Nagaland,25.295614,93.425815,178.9,0.245,38.4,1786.7,19.0,Moderate
Tripura,23.199755,91.042212,77.0,0.42,52.2,2431.1,17.2,Moderate
Nagaland,26.612371,94.746661,86.6,0.264,18.7,247.0,26.4,Low
Arunachal Pradesh,26.908169,96.098434,104.9,0.188,63.6,2641.9,19.5,Moderate
Assam,24.650101,91.597406,210.7,0.502,40.0,1249.5,22.2,Moderate
Mizoram,22.54734,92.683999,198.5,0.354,31.9,1358.6,19.3,Moderate
Meghalaya,25.305597,91.266853,139.9,0.471,12.7,841.1,28.9,Moderate
Manipur,24.574075,94.775825,90.2,0.218,46.0,2145.4,13.1,Moderate
Meghalaya,25.067112,90.226544,166.4,0.345,50.6,2000.2,18.8,High
Assam,24.221869,93.6428,211.5,0.343,33.3,1337.6,23.4,Moderate
Nagaland,25.303568,94.972879,198.5,0.346,54.6,1816.4,18.6,Moderate
Meghalaya,25.614326,91.381023,55.9,0.164,13.8,1278.4,21.1,Low
Tripura,23.798551,91.222058,121.3,0.314,32.6,1501.2,19.9,Moderate
Arunachal Pradesh,27.093071,93.253495,56.5,0.223,53.1,2426.2,14.8,Low
Assam,26.492685,91.023742,70.2,0.23,9.6,50.0,27.7,Low
Nagaland,25.42103,95.240234,111.5,0.441,15.1,518.2,23.2,Low
Tripura,22.935171,92.043507,138.1,0.192,32.8,1518.5,16.1,Moderate
Manipur,25.297267,93.534985,140.3,0.189,28.4,1684.1,20.6,Low
Nagaland,25.457691,93.591257,146.5,0.246,36.0,2382.9,19.6,Low
Sikkim,27.836918,88.578526,53.9,0.257,4.4,596.6,23.7,Low
Tripura,24.152393,92.218726,56.4,0.235,16.6,827.6,23.3,Low
Tripura,24.007084,91.202607,114.5,0.237,24.0,1665.4,20.0,Low
Arunachal Pradesh,27.230328,96.132066,92.7,0.407,26.7,916.9,23.7,Moderate
Assam,24.879086,90.156891,172.8,0.346,10.7,154.4,30.1,Low
Manipur,25.136232,93.724547,78.0,0.303,46.9,1528.4,20.8,Low
Arunachal Pradesh,29.26012,95.076403,145.9,0.359,19.1,1020.6,21.0,Low
Nagaland,25.371796,95.195713,66.6,0.05,2.0,50.0,31.7,Low
Arunachal Pradesh,27.275672,93.354669,157.7,0.329,65.8,2764.0,14.1,Moderate
Tripura,23.543617,91.066592,104.8,0.264,70.8,2707.2,13.1,Moderate
Assam,26.085365,90.476906,63.5,0.145,28.7,1000.1,20.4,Low
Mizoram,22.942523,92.655923,29.1,0.286,21.6,1133.8,24.6,Moderate
Arunachal Pradesh,28.81852,95.917438,103.5,0.349,44.3,1627.0,19.4,Moderate
Sikkim,27.184095,88.329896,1.9,0.198,34.4,2080.1,19.5,Moderate
Arunachal Pradesh,27.620059,92.332757,97.7,0.293,19.7,386.3,29.0,Low
Nagaland,26.717062,94.714457,391.3,0.63,28.8,1231.6,23.2,Moderate
Nagaland,25.561725,94.033444,60.7,0.292,34.3,1304.5,23.7,Low
Manipur,24.00103,94.130772,105.8,0.226,41.5,1508.0,20.7,Low
Nagaland,25.430607,95.271868,84.4,0.389,2.0,928.2,24.3,Low
Meghalaya,25.936818,90.970716,264.4,0.51,33.6,1585.5,19.9,Moderate
Assam,26.429969,95.441453,47.8,0.168,30.2,1218.6,23.4,Low
Assam,26.327217,90.79934,179.5,0.477,44.8,1330.2,17.0,Moderate
Mizoram,22.884629,93.296088,85.3,0.271,24.8,1216.1,24.3,Low
Mizoram,23.574954,93.045942,149.0,0.264,40.1,1891.8,18.9,Moderate
Assam,27.64065,95.33203,114.3,0.285,30.9,1155.5,26.1,Moderate
Sikkim,28.103751,88.085364,41.4,0.287,44.5,1308.6,19.5,Low
Mizoram,23.314728,93.162662,51.3,0.05,26.5,1145.4,23.8,Low
Manipur,25.238161,94.092089,98.6,0.411,10.6,174.0,30.9,Low
Nagaland,25.516896,94.894841,43.4,0.3,2.0,50.0,29.6,Low
Assam,27.024468,90.242655,35.1,0.094,35.4,1558.0,17.1,Low
Tripura,23.642096,91.226171,176.4,0.389,3.6,50.0,28.2,Low
Mizoram,22.77744,92.223505,356.0,0.468,25.2,600.4,22.9,Moderate
Assam,25.681385,93.164225,59.0,0.105,22.6,1138.9,25.6,Low
Meghalaya,25.743499,91.790471,81.5,0.186,7.3,491.6,27.0,Low
Arunachal Pradesh,29.008874,92.685046,297.9,0.496,10.3,391.4,26.2,Moderate
Nagaland,25.428915,95.003074,92.4,0.145,59.0,2225.1,19.0,Moderate
Assam,24.657774,95.840989,144.7,0.24,42.7,1351.7,26.1,Low
Arunachal Pradesh,29.027615,94.254821,25.7,0.354,17.6,953.1,25.6,Moderate
Mizoram,24.451696,92.32659,201.3,0.439,30.0,961.7,21.3,Moderate
Arunachal Pradesh,27.409197,95.010234,142.7,0.298,24.0,378.3,29.3,Low
Nagaland,25.865013,95.156745,100.9,0.268,54.3,2429.0,21.0,Moderate
Assam,24.27563,93.161295,56.9,0.279,45.1,2189.2,16.4,Moderate
Meghalaya,25.70904,91.758184,43.4,0.154,43.7,1934.8,19.8,Moderate
Sikkim,27.306799,88.32811,114.1,0.446,20.7,493.8,23.2,Moderate
Mizoram,24.093569,92.453426,52.3,0.229,44.6,1518.3,20.2,Low
Assam,27.472845,93.244729,70.2,0.157,31.3,1837.7,19.4,Low
Nagaland,26.648156,94.727215,77.0,0.222,34.3,1653.9,20.6,Low
Mizoram,22.43953,92.939457,81.7,0.105,53.2,2411.7,14.4,Moderate
Manipur,25.448674,93.777809,164.4,0.391,24.5,1529.2,25.8,Low
Arunachal Pradesh,29.399772,93.987183,98.0,0.369,43.7,2465.7,10.3,Moderate
Sikkim,27.171343,88.350491,91.0,0.214,40.1,1731.4,18.4,Moderate
Nagaland,27.008235,93.939442,135.7,0.371,41.6,1598.2,19.4,Moderate
Manipur,25.449387,94.586251,159.3,0.217,23.8,352.0,30.5,Moderate
Tripura,23.460298,91.108235,78.9,0.256,34.1,1658.7,19.4,Low
Assam,27.043143,91.662527,55.0,0.328,72.4,1956.0,16.1,Moderate
Meghalaya,25.939508,91.127965,94.1,0.24,54.4,1942.3,22.0,Moderate
Mizoram,23.161694,93.211282,116.9,0.17,46.2,2514.8,19.1,Moderate
Arunachal Pradesh,27.64709,93.9372,291.3,0.496,18.3,430.6,25.1,Moderate
Mizoram,22.878095,92.677543,75.5,0.05,6.8,50.0,33.0,Low
Sikkim,27.631136,88.72792,56.8,0.22,35.3,1645.2,20.6,Low
Assam,25.519427,93.002805,217.6,0.529,48.7,2332.6,17.9,Moderate
Mizoram,23.643891,92.550271,100.2,0.21,18.0,388.3,27.2,Low
Arunachal Pradesh,27.332568,96.633772,202.4,0.512,28.9,1457.4,22.5,Moderate
Assam,27.038845,93.336276,113.7,0.384,10.1,50.0,32.8,Low
Mizoram,23.584072,92.238089,133.1,0.493,44.4,2254.8,18.4,Moderate
Meghalaya,25.741724,91.328527,102.1,0.221,6.2,976.5,24.0,Low
Nagaland,26.236924,94.018848,125.0,0.399,28.9,1108.3,22.2,Low
Assam,24.34219,90.918037,264.9,0.631,22.0,1537.2,24.6,Moderate
Nagaland,27.006415,94.117399,127.4,0.462,36.7,1407.1,26.5,Moderate
Tripura,23.646693,91.068523,183.6,0.512,16.9,429.1,27.7,Moderate
Assam,24.157778,94.218243,106.1,0.253,43.4,2077.2,17.2,Moderate
Meghalaya,25.645714,91.326118,113.6,0.214,71.0,2550.0,14.6,Moderate
Nagaland,25.661937,94.789501,233.2,0.509,51.5,2711.1,12.6,High
Manipur,24.11965,93.341883,194.6,0.433,48.5,1677.2,21.2,Moderate
Arunachal Pradesh,27.882137,93.074539,306.2,0.6,61.3,3243.0,7.9,High
Manipur,24.27018,94.161428,222.3,0.535,30.8,1412.3,21.8,Moderate
Mizoram,23.592527,93.271872,89.0,0.368,35.8,1606.3,23.2,Moderate
Meghalaya,25.50125,90.019255,163.2,0.373,23.1,909.8,28.0,Low
Manipur,24.319966,94.76401,206.2,0.421,37.7,1524.3,23.3,Moderate
Assam,26.504286,94.171344,87.0,0.248,2.0,50.1,33.7,Low
Mizoram,21.91913,92.873667,132.5,0.306,42.1,1058.7,22.5,Moderate
Mizoram,21.997575,92.939999,281.7,0.622,34.7,1783.1,19.4,High
Manipur,25.549465,94.743154,81.9,0.298,28.0,2056.3,17.3,Moderate
Tripura,23.764884,91.595666,91.8,0.13,48.5,2550.2,15.2,Low
Manipur,25.595532,94.212498,129.1,0.347,53.2,2435.8,19.5,Moderate
Tripura,23.003839,91.605443,135.1,0.133,10.4,235.8,29.1,Low
Meghalaya,25.288294,91.209413,107.6,0.263,60.3,2015.7,16.4,Moderate
Arunachal Pradesh,27.866397,94.701796,159.8,0.366,17.2,619.0,26.2,Low
Manipur,24.477864,93.295687,95.2,0.25,29.4,1495.9,16.1,Moderate
Sikkim,27.604463,88.747183,79.4,0.296,38.7,942.8,29.1,Moderate
Tripura,23.96242,91.439878,14.8,0.133,58.5,2337.7,16.3,Moderate
Manipur,25.577494,94.641974,23.4,0.22,30.6,1076.6,27.0,Low
Nagaland,25.597762,93.378835,87.4,0.138,35.9,2292.6,12.5,Low
Assam,27.113497,94.913945,213.8,0.547,57.5,1236.3,20.2,High
Sikkim,28.161437,88.800853,59.6,0.346,51.9,1425.9,20.0,Moderate
Sikkim,27.720642,88.477047,112.8,0.354,31.2,1466.9,21.1,Moderate
Tripura,22.944546,91.320653,134.2,0.306,13.1,1524.1,19.2,Low
Nagaland,26.073268,94.557008,143.8,0.304,40.6,2125.6,15.0,Moderate
Nagaland,26.258778,94.785272,110.2,0.178,48.9,1122.3,26.4,Moderate
Mizoram,22.627394,92.934438,24.3,0.183,43.5,1553.9,20.5,Low
Tripura,23.041028,91.537765,41.3,0.184,39.2,1481.0,18.7,Low
Arunachal Pradesh,28.750482,95.313705,265.6,0.528,2.0,56.3,29.1,Moderate
Assam,28.160699,91.450714,145.8,0.456,34.9,1816.5,19.1,Moderate
Meghalaya,25.597827,90.788591,159.4,0.482,16.6,910.4,25.8,Low
Sikkim,27.528724,88.771255,128.9,0.326,47.0,2344.3,16.2,Moderate
Meghalaya,25.821051,92.447324,141.3,0.276,75.0,2987.6,14.3,High
Manipur,24.186671,94.57205,89.5,0.361,17.4,670.5,25.7,Low
Manipur,23.913548,94.599479,94.6,0.28,60.0,1873.9,17.9,Moderate
Meghalaya,25.394889,90.743763,156.0,0.375,19.3,1119.6,26.6,Low
Manipur,24.772968,94.693242,48.5,0.147,49.7,1509.0,21.9,Low
Arunachal Pradesh,26.643344,93.43727,64.6,0.213,31.6,1437.6,23.4,Low
Nagaland,26.827487,94.092109,146.5,0.325,34.0,1388.4,22.4,Moderate
Manipur,24.178398,93.76463,49.2,0.26,27.8,421.7,26.7,Low
Mizoram,22.902437,93.390041,112.1,0.292,22.4,1152.6,22.8,Low
Manipur,25.247675,93.909208,216.0,0.511,48.5,2089.5,16.0,Moderate
Assam,28.151156,92.631248,75.2,0.213,36.0,1247.9,24.9,Low
Arunachal Pradesh,26.674713,92.942509,45.3,0.242,18.3,601.1,24.5,Low
Assam,25.831496,90.688487,166.6,0.461,37.3,2092.7,18.2,Moderate
Assam,27.979774,94.531148,130.1,0.378,37.9,1063.1,21.8,Low
Mizoram,22.597547,92.968046,69.2,0.5,36.4,1063.2,25.1,Moderate
Arunachal Pradesh,28.664347,96.677034,155.0,0.427,20.7,749.9,24.4,Moderate
Arunachal Pradesh,29.144906,94.333557,61.3,0.187,33.5,2128.7,13.0,Moderate
Tripura,24.139444,91.730788,39.7,0.117,42.1,1816.4,18.1,Moderate
Arunachal Pradesh,28.158112,92.131081,29.2,0.145,22.9,601.2,28.3,Low
Arunachal Pradesh,26.878413,94.412435,181.6,0.357,44.7,1651.4,17.6,Moderate
Arunachal Pradesh,27.306585,91.615703,58.4,0.05,26.7,1477.8,21.8,Low
Mizoram,23.779382,92.242233,46.5,0.05,45.9,1216.6,18.6,Low
Manipur,24.931026,93.970549,60.9,0.25,56.5,2482.5,19.0,Moderate
Tripura,24.450104,91.629477,81.3,0.196,20.1,1006.8,22.0,Low
Assam,24.267126,93.175634,274.5,0.374,16.5,616.6,28.8,Moderate
Arunachal Pradesh,29.023289,96.982671,54.9,0.341,24.9,2174.9,14.9,Moderate
Sikkim,27.516412,88.288269,66.1,0.186,43.0,1921.9,17.0,Low
Manipur,25.522641,93.344236,84.5,0.247,19.7,1273.9,21.2,Low
Manipur,24.969315,93.730286,68.3,0.39,52.6,2313.8,13.7,Moderate
Assam,24.172546,91.887917,55.7,0.262,35.7,2374.5,12.2,Moderate
Mizoram,22.589594,93.091919,44.1,0.153,55.6,2329.6,16.9,Moderate
Meghalaya,26.138549,90.604142,210.0,0.37,51.0,1974.7,16.9,Moderate
Meghalaya,25.973759,89.966079,141.7,0.552,24.3,810.8,25.5,Moderate
Manipur,24.82243,93.12699,67.9,0.087,25.4,486.5,30.0,Low
Nagaland,26.974663,94.832703,73.6,0.229,43.5,1549.7,21.0,Low
Nagaland,26.450105,94.947793,245.2,0.494,38.7,953.6,22.2,High
Assam,26.719583,95.80435,82.7,0.193,27.0,182.8,25.7,Low
Meghalaya,25.85675,92.573976,116.1,0.254,27.7,986.4,23.9,Low
Manipur,24.782551,93.210716,61.7,0.134,26.5,1044.1,23.4,Low
Mizoram,23.273262,92.364935,164.2,0.281,30.3,1212.0,23.3,Moderate
Meghalaya,25.710992,91.247479,146.8,0.297,25.7,300.0,28.5,Low
Manipur,24.982893,93.018085,29.2,0.276,39.8,1134.8,22.2,Low
Manipur,24.170197,93.884395,64.4,0.092,33.1,1568.0,25.3,Low
Arunachal Pradesh,29.351511,93.60985,65.5,0.233,16.7,655.5,25.4,Low
Mizoram,23.003367,93.129105,215.5,0.33,43.5,2139.4,15.3,Moderate
Arunachal Pradesh,28.311378,93.144094,104.1,0.223,14.1,574.4,27.9,Low
Assam,25.725429,91.071509,55.8,0.132,15.5,124.7,26.5,Low
Arunachal Pradesh,29.398064,92.218489,231.4,0.414,32.1,1022.3,19.6,Moderate
Sikkim,27.446204,88.023255,70.8,0.184,18.3,1142.0,23.1,Low
Arunachal Pradesh,27.165338,95.792591,22.6,0.255,19.8,989.5,28.0,Low
Sikkim,27.24141,88.072057,374.5,0.512,29.3,1398.0,26.8,Moderate
Meghalaya,25.569344,89.829908,133.7,0.322,14.5,1444.8,19.0,Low
Nagaland,25.361056,94.915252,195.8,0.391,7.3,433.5,28.4,Low
Tripura,24.134357,92.18968,31.6,0.07,7.7,469.4,26.8,Low
Tripura,24.267225,91.888128,101.7,0.155,8.2,760.0,26.0,Low
Manipur,23.899432,94.409128,41.5,0.154,4.9,50.0,31.3,Low
Tripura,24.252817,92.038807,139.6,0.441,18.9,1304.6,23.7,Moderate
Sikkim,27.610175,88.209612,274.3,0.599,31.9,1310.8,26.1,Moderate
Mizoram,24.097858,93.145312,77.8,0.102,27.3,848.4,23.0,Low
Arunachal Pradesh,29.442284,92.356309,206.1,0.257,26.4,782.6,26.1,Low
Sikkim,27.270797,88.190618,60.5,0.108,20.3,491.9,24.5,Low
Mizoram,23.960603,92.442979,386.2,0.693,46.1,1549.5,18.8,High
Nagaland,25.326654,95.297122,64.9,0.081,43.3,2547.6,16.2,Low
Tripura,22.939708,92.085817,156.6,0.465,53.1,2207.9,12.8,Moderate
Nagaland,25.894197,94.983231,66.1,0.276,31.8,1123.3,25.3,Moderate
Tripura,23.787393,92.172121,66.6,0.252,46.6,1606.0,21.7,Moderate
Arunachal Pradesh,29.278579,91.55004,161.6,0.419,23.3,964.1,25.2,Moderate
Assam,24.316731,91.27726,10.6,0.05,44.6,1619.7,17.6,Low
Arunachal Pradesh,28.507946,96.385497,201.3,0.36,4.0,50.0,30.4,Low
Meghalaya,25.55193,91.620919,282.1,0.529,38.0,1984.6,15.2,Moderate
Sikkim,27.2262,88.72447,184.3,0.257,35.5,1642.2,24.7,Moderate
Manipur,25.637923,93.483478,75.8,0.215,57.6,2154.4,15.0,Low
Assam,26.078269,90.242531,233.1,0.505,59.7,2457.7,17.2,Moderate
Arunachal Pradesh,28.17741,94.265309,35.9,0.253,22.8,1855.4,16.2,Low
Mizoram,22.275535,92.774686,205.7,0.341,42.8,1617.7,20.8,Moderate
Assam,25.40324,92.987535,155.0,0.337,48.7,2453.7,17.7,Moderate
Sikkim,27.702785,88.007646,117.5,0.522,2.0,255.2,27.2,Low
Tripura,24.11761,91.926919,42.9,0.269,14.9,421.1,28.5,Low
Assam,25.538403,90.033496,174.1,0.26,27.6,1077.8,27.3,Moderate
Tripura,24.107892,92.241728,17.8,0.308,33.4,2183.3,16.4,Moderate
Sikkim,27.288182,88.291172,38.5,0.199,24.5,1873.0,17.5,Low
Arunachal Pradesh,27.051439,94.673149,192.8,0.394,8.4,50.0,30.0,Low
Sikkim,27.18581,88.320575,98.3,0.315,41.3,2083.9,19.4,Moderate
Assam,26.927455,93.228731,82.4,0.142,13.2,582.6,26.8,Low
Mizoram,22.904803,92.746324,167.3,0.394,7.9,387.3,30.5,Moderate
Nagaland,26.268011,93.311729,64.0,0.275,24.7,1415.5,26.2,Low
Assam,24.329741,95.251926,123.5,0.152,67.3,2277.6,19.8,Moderate
Sikkim,27.093455,88.636123,150.6,0.417,22.7,1405.4,24.4,Moderate
Nagaland,26.948073,93.841367,71.3,0.311,10.1,89.4,30.4,Low
Sikkim,27.44459,88.512029,88.7,0.223,36.7,1126.6,23.9,Low
Mizoram,24.192443,93.424477,80.0,0.54,14.4,748.6,25.2,Low
Sikkim,27.887476,88.077958,51.0,0.133,49.4,2200.4,19.7,Moderate
Arunachal Pradesh,28.507462,93.75667,138.1,0.245,6.8,223.0,26.0,Low
Manipur,24.694332,93.088467,27.4,0.136,47.1,2136.0,18.5,Moderate
Tripura,23.205699,92.027668,78.9,0.36,49.7,1929.2,17.8,Moderate
Tripura,23.626334,91.392161,382.3,0.746,50.1,2536.5,16.8,High
Assam,25.61288,95.082717,100.7,0.293,15.7,50.0,29.9,Low
Manipur,25.223098,93.490168,425.5,0.718,22.6,1090.2,21.5,High
Sikkim,27.141002,88.226798,71.2,0.338,53.7,3247.2,10.1,Moderate
Mizoram,24.293967,92.956065,26.3,0.05,36.2,1376.9,18.8,Low
Assam,26.240617,93.45728,317.2,0.652,2.0,320.8,25.2,Moderate
Sikkim,27.439234,88.726396,226.7,0.435,29.6,1131.4,23.0,Moderate
Nagaland,26.194244,93.533496,104.1,0.183,24.8,1558.4,18.5,Moderate
Meghalaya,25.154878,91.410577,110.6,0.44,27.2,610.8,27.5,Low
Sikkim,28.123884,88.277517,254.4,0.404,44.7,1413.0,22.6,Moderate
Manipur,25.452128,94.375372,121.8,0.384,9.8,907.2,25.1,Low
Assam,25.040812,89.928947,62.9,0.174,25.4,928.4,29.3,Low
Manipur,23.99351,94.311289,75.2,0.356,24.1,730.0,26.7,Low
Assam,24.838613,92.039007,261.7,0.484,24.2,411.1,28.9,Moderate
Sikkim,27.602039,88.652921,114.8,0.218,30.8,632.2,27.0,Low
Arunachal Pradesh,26.839694,93.735015,77.9,0.259,30.0,1569.6,21.0,Moderate
Nagaland,26.121639,94.381654,177.4,0.281,37.2,1950.7,17.3,Moderate
Sikkim,27.982033,88.15451,80.5,0.05,35.9,1177.4,24.0,Moderate
Tripura,24.19253,91.900742,36.4,0.255,36.2,2160.6,14.2,Moderate
Manipur,24.856155,94.25915,143.3,0.301,34.2,640.5,27.4,Moderate
Meghalaya,25.494421,90.215193,109.8,0.208,18.4,1295.2,22.2,Low
Meghalaya,25.798918,91.374017,95.0,0.27,31.9,1788.9,18.6,Moderate
Mizoram,23.562374,92.639398,102.2,0.174,8.8,186.2,26.0,Low
Assam,27.80884,93.40043,86.4,0.242,36.0,1517.1,25.1,Low
Manipur,23.962265,93.809647,54.3,0.147,43.6,1139.9,25.1,Low
Mizoram,23.866526,93.232375,18.9,0.052,36.5,1203.7,27.0,Low
Manipur,24.739734,94.610546,261.2,0.417,17.6,223.8,29.0,Moderate
Tripura,23.328269,91.533778,44.3,0.05,15.7,853.9,20.9,Low
Assam,27.774107,95.346417,64.0,0.096,20.0,961.9,25.8,Low
Sikkim,27.822855,88.773082,231.0,0.528,23.5,1273.7,19.7,Moderate
Sikkim,27.106528,88.778495,123.1,0.325,2.0,224.9,28.0,Low
Meghalaya,25.384744,90.334995,265.4,0.515,2.0,50.0,27.2,Moderate
Sikkim,27.287244,88.376172,33.1,0.206,65.0,1409.4,18.3,Low
Sikkim,27.30143,88.288511,140.3,0.414,2.9,1091.2,22.5,Low
Tripura,23.115966,91.38503,106.4,0.403,2.0,745.5,24.5,Low
Arunachal Pradesh,28.216851,93.930195,136.6,0.31,65.6,2655.4,13.5,Moderate
Meghalaya,25.416063,92.039356,61.9,0.22,23.6,842.6,24.7,Low
Mizoram,24.223126,93.183826,83.5,0.087,26.7,1403.3,21.5,Low
Nagaland,25.830801,94.788884,75.5,0.104,50.1,1345.1,17.9,Low
Arunachal Pradesh,26.955941,92.216749,100.2,0.167,20.4,645.4,28.6,Low
Mizoram,22.79863,93.250013,13.3,0.05,30.0,1121.1,23.9,Low
Assam,25.034663,90.098496,402.4,0.645,39.0,1015.9,22.5,High
Arunachal Pradesh,26.895129,96.223097,134.5,0.323,55.9,3162.7,9.4,High
Tripura,23.914053,91.329162,29.6,0.262,54.9,1754.2,17.5,Low
Mizoram,23.343769,92.885854,58.8,0.205,38.0,1897.1,19.9,Moderate
Assam,26.752831,91.169082,137.2,0.224,37.3,1119.8,20.1,Moderate
Meghalaya,26.037284,90.728106,51.3,0.156,15.9,1390.2,23.3,Low
Nagaland,26.51885,93.332249,42.7,0.233,32.6,1268.6,19.6,Low
Assam,25.56516,91.915772,238.4,0.567,22.0,1114.5,23.2,Moderate
Sikkim,27.652181,88.065463,345.9,0.636,34.0,1734.7,18.1,High
Manipur,25.30125,93.392005,89.5,0.246,52.5,2129.6,18.7,Moderate
Assam,26.843559,94.760236,220.3,0.522,45.1,2099.1,18.5,Moderate
Assam,26.359883,94.367564,44.7,0.269,31.5,1612.0,17.1,Moderate
Nagaland,26.457535,94.01106,271.0,0.57,6.1,756.2,27.2,Moderate
Manipur,25.336831,93.530462,46.7,0.215,22.3,50.0,30.3,Low
Sikkim,27.685456,88.670858,66.8,0.187,14.9,1279.2,21.8,Low
Mizoram,22.885285,92.593598,69.3,0.154,46.0,2060.4,14.2,Moderate
Mizoram,23.0943,93.263353,193.3,0.472,41.0,1583.1,20.5,Moderate
Assam,27.905671,93.134026,68.0,0.225,51.1,1472.1,18.2,Low
Tripura,23.958346,92.174256,144.6,0.249,58.4,2095.3,16.4,Moderate
Tripura,23.057675,91.301702,69.6,0.223,32.8,1146.8,20.9,Low
Manipur,25.14691,94.48274,168.8,0.311,59.9,2636.1,13.4,Moderate
Manipur,25.428355,93.747193,87.4,0.329,29.5,1132.3,24.6,Low
Sikkim,27.107208,88.394003,500.0,0.854,25.4,464.1,25.9,Critical
Nagaland,25.638396,93.882393,6.2,0.113,23.1,1512.1,19.5,Low
Meghalaya,25.926721,90.026581,455.6,0.692,13.3,50.0,29.9,High
Mizoram,24.051711,92.75597,137.5,0.288,36.1,2096.4,15.5,Moderate
Nagaland,26.332521,93.479304,139.8,0.304,46.8,2007.7,15.3,Moderate
Arunachal Pradesh,27.512077,91.993355,36.5,0.286,34.1,1133.8,23.6,Low
Mizoram,24.400014,93.24944,65.1,0.25,5.0,102.4,31.2,Low
Nagaland,26.073302,93.747205,100.5,0.371,32.3,1878.5,18.9,Moderate
Mizoram,24.326983,92.647976,14.8,0.05,6.2,397.2,27.6,Low
Meghalaya,25.193181,91.489493,197.0,0.357,20.5,906.0,27.1,Moderate
Arunachal Pradesh,29.331322,91.521067,108.6,0.061,22.2,1361.6,23.8,Low
Tripura,23.281,92.219982,220.2,0.239,51.8,2738.2,12.9,High
Tripura,23.173738,91.147216,37.2,0.223,28.5,860.4,27.2,Low
Meghalaya,25.684225,92.385531,206.5,0.543,26.7,50.0,31.7,Moderate
Sikkim,27.572532,88.895108,50.1,0.171,6.9,382.4,25.2,Low
Arunachal Pradesh,28.537515,91.907412,176.3,0.485,30.7,1645.5,23.0,Moderate
Assam,28.169895,92.269734,217.6,0.44,20.3,1475.3,15.9,Moderate
Nagaland,25.746065,94.415758,47.8,0.105,11.8,494.2,25.5,Low
Arunachal Pradesh,27.412923,91.975516,98.8,0.259,29.0,860.9,23.6,Low
Sikkim,27.001714,88.404625,62.5,0.239,44.9,1690.2,21.1,Moderate
Sikkim,28.004236,88.515084,75.7,0.385,56.2,2595.7,16.3,Moderate
Meghalaya,26.199049,90.66054,165.8,0.344,14.7,367.3,24.7,Low
Mizoram,22.629183,92.407674,51.8,0.135,49.9,1731.3,18.1,Low
Arunachal Pradesh,26.992191,93.068526,114.3,0.44,43.1,1445.5,21.2,Low
Nagaland,26.706396,95.111514,66.3,0.195,3.2,424.0,30.6,Low
Arunachal Pradesh,29.425262,92.777593,194.8,0.466,46.8,1765.7,20.2,Moderate
Manipur,25.474465,93.590859,215.9,0.394,6.1,50.0,26.3,Moderate
Mizoram,22.193385,93.331032,39.1,0.267,54.9,2554.3,17.7,Moderate
Nagaland,26.408601,93.629462,19.6,0.056,18.4,795.7,27.3,Low
Tripura,23.58773,91.373435,391.7,0.69,36.3,656.2,27.3,High
Nagaland,26.59991,94.206832,108.0,0.298,35.2,1119.5,27.8,Low
Assam,28.154976,90.044893,163.8,0.369,45.8,1170.1,25.1,Moderate
Meghalaya,25.426018,91.245701,139.1,0.323,45.7,1982.5,19.5,Moderate
Assam,26.113161,91.690396,96.6,0.268,32.8,360.5,29.7,Low
Nagaland,26.585556,95.049494,60.8,0.171,21.7,1140.8,25.3,Low
Mizoram,24.34067,93.246621,8.7,0.43,37.3,2554.7,13.3,Moderate
Arunachal Pradesh,29.051741,94.527999,77.4,0.162,18.3,941.7,21.2,Low
Tripura,24.221421,91.394555,154.6,0.338,14.2,185.2,31.2,Low
Arunachal Pradesh,27.695436,93.243022,63.2,0.113,44.4,874.4,26.5,Low
Mizoram,23.115207,92.571254,67.8,0.359,37.3,1698.3,27.0,Moderate
Nagaland,27.027062,93.925689,86.5,0.209,22.9,727.6,27.9,Low
Sikkim,27.117653,88.474135,138.3,0.451,17.4,985.7,22.6,Low
Arunachal Pradesh,26.671297,92.107987,76.5,0.152,45.4,1370.3,21.8,Low
Sikkim,27.263267,88.417915,70.9,0.264,40.3,2457.4,20.1,Moderate
Arunachal Pradesh,27.799753,95.898305,348.4,0.733,26.1,465.7,29.1,High
Arunachal Pradesh,28.718424,93.844751,164.1,0.519,37.8,1159.4,19.8,Moderate
Tripura,23.433927,91.411409,172.7,0.259,60.0,2457.8,14.9,Moderate
Meghalaya,25.928794,89.956217,143.6,0.149,32.2,1441.9,21.6,Moderate
Meghalaya,25.015386,92.186633,155.6,0.326,13.1,1330.3,22.4,Low
Manipur,24.706578,93.235586,75.2,0.152,26.9,986.5,29.3,Low
Assam,24.989377,95.574775,73.7,0.285,14.2,1040.1,23.5,Low
Mizoram,24.134708,93.122721,332.4,0.653,17.0,1553.5,19.6,Moderate
Mizoram,23.153786,92.876421,125.3,0.287,5.7,50.0,31.3,Low
Mizoram,24.435636,93.455502,37.9,0.215,38.2,1524.4,17.2,Moderate
Manipur,24.209011,94.459988,70.8,0.298,44.6,1359.4,24.7,Moderate
Meghalaya,25.236691,90.440612,288.4,0.649,12.7,747.1,19.4,Moderate
Nagaland,26.484577,94.110002,6.8,0.249,35.4,1467.8,19.7,Low
Sikkim,28.117853,88.080109,86.1,0.442,10.6,99.1,29.6,Low
Tripura,23.718441,92.194078,132.2,0.259,43.5,1926.7,19.3,Low
Sikkim,28.084936,88.140876,186.5,0.227,22.2,1848.2,18.0,Moderate
Nagaland,25.896612,94.538243,90.1,0.264,30.7,1058.9,22.8,Low
Tripura,23.155032,92.258429,84.2,0.258,50.1,2566.7,19.0,Moderate
Manipur,25.538024,93.30051,170.7,0.275,42.8,1382.7,17.5,Moderate
Nagaland,25.430195,93.470817,37.4,0.204,25.3,1647.3,23.2,Low
Mizoram,24.264554,92.451711,32.9,0.196,50.7,2090.6,17.0,Low
Assam,25.748397,92.527764,136.1,0.201,42.0,1700.4,18.2,Moderate
Arunachal Pradesh,28.297033,91.894544,76.0,0.212,67.8,2131.1,17.5,Moderate
Sikkim,27.27211,88.838341,122.8,0.327,24.8,1505.7,23.1,Moderate
Meghalaya,26.090092,92.143872,65.5,0.063,18.8,1151.9,19.5,Low
Meghalaya,25.023281,90.78102,153.9,0.554,28.0,830.9,27.7,Moderate
Manipur,24.993122,93.495342,12.5,0.05,2.0,1125.1,24.6,Low
Tripura,24.355339,91.824056,339.2,0.691,29.6,689.9,26.5,High
Meghalaya,25.086288,92.527017,180.8,0.423,69.1,2622.5,15.6,Moderate
Mizoram,24.390193,92.301026,34.5,0.215,34.7,1891.3,21.7,Low
Sikkim,27.638832,88.273028,158.2,0.348,44.7,1004.1,25.7,Moderate
Nagaland,25.946394,93.659302,430.7,0.844,52.1,1560.9,20.9,Critical
Mizoram,23.402987,93.445373,16.1,0.05,2.2,346.5,31.0,Low
Manipur,24.755838,93.149246,113.8,0.368,16.5,1260.9,24.8,Low
Mizoram,23.512003,92.64229,61.8,0.246,18.9,1221.0,25.4,Low
Nagaland,26.826258,94.169356,62.3,0.087,7.2,643.3,27.3,Low
Assam,24.809926,90.903965,54.8,0.347,23.7,50.0,29.9,Low
Manipur,25.260652,93.478058,149.1,0.485,36.3,1338.9,19.2,Moderate
Assam,27.22238,90.99709,115.7,0.373,27.1,1931.6,23.0,Low
Arunachal Pradesh,27.465059,94.060178,88.6,0.178,42.6,1811.3,16.1,Low
Assam,27.961423,95.569908,156.6,0.234,24.4,1666.0,22.4,Low
Arunachal Pradesh,27.120616,93.470205,113.5,0.404,20.8,711.9,26.8,Moderate
Arunachal Pradesh,26.948198,94.304918,166.9,0.277,20.5,881.5,25.6,Low
Assam,25.934447,95.374789,72.8,0.103,44.9,797.4,29.1,Low
Manipur,25.56701,93.690421,206.6,0.312,48.7,1853.7,19.1,Moderate
Tripura,23.686781,92.165107,109.1,0.282,34.8,1888.2,19.0,Moderate
Nagaland,26.732745,93.307313,40.2,0.146,59.1,2278.6,18.1,Moderate
Mizoram,22.732155,92.748307,155.1,0.277,43.8,1468.9,20.4,Moderate
Mizoram,22.497262,92.459443,141.4,0.228,56.2,2386.7,15.6,Moderate
Nagaland,25.271791,94.586739,42.2,0.118,62.1,2742.9,14.7,Moderate
Sikkim,27.315012,88.047112,141.2,0.362,45.1,1288.9,21.2,Moderate
Sikkim,27.277175,88.721723,156.7,0.445,16.9,506.5,27.7,Low
Arunachal Pradesh,29.054468,94.156864,83.6,0.05,33.3,1297.1,21.8,Low
Arunachal Pradesh,27.748212,96.878195,96.6,0.331,13.9,946.9,23.6,Low
Manipur,24.181073,93.387647,365.1,0.674,37.3,2351.3,18.3,High
Meghalaya,25.350241,90.318272,34.9,0.137,42.0,1793.5,23.3,Moderate
Assam,25.593336,95.438256,265.9,0.463,27.1,499.5,21.8,Moderate
Arunachal Pradesh,28.346044,93.765706,69.5,0.29,31.4,1293.0,19.7,Low
Mizoram,24.329468,92.263004,107.8,0.406,29.5,1373.6,23.0,Low
Manipur,24.199525,94.018599,25.9,0.096,25.3,751.0,24.8,Low
Assam,26.585321,89.949212,229.7,0.391,46.3,1427.0,20.0,Moderate
Manipur,24.565774,94.168477,97.7,0.375,28.0,1925.6,18.6,Moderate
Assam,26.931896,93.720281,133.7,0.31,45.8,1910.3,23.7,Low
Assam,25.346366,90.289177,42.1,0.101,32.2,1696.5,19.2,Low
Nagaland,26.011514,93.557509,80.9,0.241,46.9,2163.3,18.3,Moderate
Arunachal Pradesh,29.342871,94.11344,48.3,0.1,13.1,1135.1,22.8,Low
Tripura,23.407615,91.996195,134.8,0.36,42.0,1963.5,15.9,Moderate
Manipur,24.746102,93.558061,77.8,0.13,25.5,361.2,26.3,Low
Tripura,24.199148,92.127298,59.5,0.199,42.0,1732.5,19.8,Moderate
Manipur,25.078716,93.084536,121.9,0.492,17.4,1036.0,27.4,Moderate
Nagaland,26.276013,94.82659,92.0,0.217,25.8,1828.9,21.2,Low
Mizoram,22.254908,92.497272,202.0,0.548,50.2,1355.1,22.0,Moderate
Tripura,24.311992,91.026158,215.6,0.467,33.9,1283.3,26.4,Moderate
Mizoram,23.857091,92.815905,47.8,0.265,30.0,1099.2,21.4,Moderate
Sikkim,27.536127,88.006387,117.2,0.263,50.8,2230.1,16.8,Moderate
Arunachal Pradesh,28.958195,93.479037,185.0,0.436,48.0,2392.2,19.0,Moderate
Arunachal Pradesh,28.122297,95.225154,136.6,0.338,21.1,1234.9,22.4,Low
Meghalaya,25.843155,92.66794,283.0,0.545,55.3,2892.0,12.4,High
Nagaland,26.209546,94.099439,31.0,0.05,33.1,1433.5,19.2,Low
Mizoram,24.379629,93.034743,53.3,0.079,55.0,2399.7,18.3,Low
Assam,25.252231,90.496725,25.0,0.149,16.8,743.0,24.7,Low
Manipur,25.400854,93.651927,37.1,0.214,65.6,3377.9,10.2,Moderate
Arunachal Pradesh,28.481409,94.08949,102.9,0.05,8.4,52.1,29.3,Low
Tripura,23.218288,91.782193,165.7,0.455,5.4,888.9,21.9,Moderate
Manipur,23.915298,93.744016,320.1,0.429,2.0,50.0,34.1,Moderate
Manipur,24.838568,93.784885,113.0,0.294,2.0,50.0,28.8,Low
Meghalaya,25.898407,92.283775,127.5,0.304,4.1,50.0,33.5,Low
Mizoram,23.905232,92.250457,188.5,0.362,63.5,2153.5,18.6,High
Arunachal Pradesh,27.082386,94.451341,41.0,0.105,9.4,1341.5,21.6,Low
Manipur,25.576162,94.502922,117.2,0.269,24.6,763.6,26.8,Low
Arunachal Pradesh,29.027604,93.167645,83.0,0.179,21.4,982.2,20.4,Low
Assam,25.803681,92.665447,70.8,0.288,47.0,1847.5,17.7,Moderate
Meghalaya,25.188846,89.893204,72.8,0.301,47.2,1370.1,20.7,Low
Assam,27.976992,91.216489,215.6,0.466,8.9,603.1,26.2,Low
Arunachal Pradesh,27.219847,91.958585,289.6,0.576,22.3,1287.3,21.3,Moderate
Sikkim,28.114209,88.521763,42.0,0.325,56.2,2070.6,18.0,Low
Tripura,23.967259,92.18505,170.1,0.437,39.2,1541.0,17.6,Moderate
Arunachal Pradesh,27.536861,94.91829,116.9,0.052,40.1,1235.8,23.6,Low
Mizoram,22.000879,92.442804,44.0,0.05,16.6,365.3,25.0,Low
Manipur,25.379367,94.380183,84.7,0.317,50.1,1982.6,20.4,Moderate
Manipur,24.466221,93.678259,164.4,0.34,31.0,1355.6,20.7,Low
Assam,26.240929,89.701518,97.2,0.196,50.6,2685.5,14.7,Moderate
Tripura,23.285991,91.270701,32.9,0.179,35.9,2623.9,13.4,Moderate
Meghalaya,25.30058,92.217718,45.0,0.05,25.4,1819.8,15.3,Low
Sikkim,27.335609,88.172369,96.9,0.197,34.6,1458.2,23.3,Low
Nagaland,26.158101,95.03129,62.4,0.301,60.3,3236.2,12.5,Moderate
Tripura,23.28616,91.102097,63.2,0.05,22.1,152.0,28.4,Low
Manipur,24.477169,94.345773,89.4,0.124,58.5,2703.5,13.4,Moderate
Mizoram,23.331795,93.261831,96.5,0.38,10.6,1458.8,20.8,Low
Tripura,24.435347,92.030461,63.2,0.274,27.9,1083.6,24.9,Low
Assam,26.535973,92.808052,282.0,0.673,43.4,1722.1,21.4,High
Assam,24.16829,95.901228,69.7,0.205,2.0,454.4,22.3,Low
Nagaland,25.928614,93.604456,49.6,0.05,32.0,1420.4,22.3,Low
Mizoram,23.633443,92.569575,58.8,0.097,40.4,1236.9,19.5,Low
Meghalaya,25.702934,91.560304,162.6,0.365,34.3,1139.4,20.3,Moderate
Tripura,23.613168,92.086954,48.7,0.172,34.6,2355.9,19.9,Low
Mizoram,22.588914,92.783222,72.6,0.242,50.8,1512.0,21.8,Moderate
Meghalaya,25.645231,91.790874,97.1,0.268,21.9,1070.1,22.4,Low
Mizoram,23.938327,92.713249,317.2,0.481,36.3,1569.5,25.5,Moderate
Mizoram,23.579722,92.395794,316.9,0.732,34.5,989.9,25.1,High
Arunachal Pradesh,29.297944,93.606823,90.4,0.178,42.3,1085.4,24.3,Low
Assam,27.06399,89.828149,54.0,0.342,46.3,1957.9,17.2,Moderate
Tripura,23.228299,91.633207,164.5,0.513,53.7,2165.7,17.8,Moderate
Mizoram,24.183456,92.885432,225.2,0.39,27.5,883.6,27.5,Moderate
Tripura,24.387793,91.628936,20.7,0.16,42.6,1420.8,21.2,Low
Nagaland,26.131853,93.539494,322.3,0.437,53.2,2401.8,17.9,High
Mizoram,23.986906,92.521055,334.3,0.438,28.1,1755.6,18.2,High
Manipur,25.509264,94.639484,96.9,0.264,38.7,1132.5,26.7,Low
Assam,27.961902,92.977452,28.7,0.225,40.2,1122.4,20.0,Low
Manipur,25.086478,94.401329,173.3,0.148,12.8,874.3,27.0,Low
Tripura,23.109623,91.781244,236.9,0.461,17.3,158.1,26.0,Moderate
Tripura,22.954877,91.646836,29.1,0.312,29.1,654.5,25.8,Low
Assam,24.650339,90.852414,172.9,0.281,21.5,786.9,30.0,Low
Tripura,23.484076,91.562168,85.9,0.333,28.6,1990.0,15.6,Moderate
Manipur,24.984028,93.133971,53.6,0.268,27.8,1033.3,21.8,Low
Mizoram,23.209599,92.437413,131.0,0.371,19.6,543.6,25.6,Moderate
Mizoram,23.392335,93.028626,268.5,0.644,40.6,963.4,21.1,Moderate
Arunachal Pradesh,28.170128,95.560625,192.8,0.349,35.0,1442.0,21.8,Moderate
Nagaland,25.837658,94.830213,28.2,0.05,26.1,1464.5,21.4,Low
Tripura,23.592427,91.62944,73.4,0.327,23.2,935.3,24.7,Moderate
Manipur,25.031394,93.033045,97.1,0.365,17.0,339.5,32.7,Low
Tripura,23.946391,91.804161,375.1,0.565,15.7,301.8,28.3,Moderate
Tripura,23.395755,91.111533,33.3,0.091,51.5,2783.2,11.1,Moderate
Meghalaya,25.109123,92.569671,161.0,0.338,50.4,1960.8,16.3,Moderate
Arunachal Pradesh,28.567838,92.199064,81.8,0.247,37.9,1452.3,22.0,Low
Manipur,24.477774,94.066469,130.6,0.122,32.7,1582.6,22.8,Low
Manipur,25.387586,93.07859,14.5,0.217,42.1,2325.4,14.2,Moderate
Tripura,23.278613,92.156674,44.9,0.08,34.2,1091.5,27.4,Low
Arunachal Pradesh,26.527497,92.607695,44.5,0.224,59.9,2912.4,15.0,Moderate
Mizoram,24.393463,92.997422,198.3,0.304,20.9,952.3,27.4,Low
Manipur,24.297176,93.120584,149.1,0.2,34.4,678.0,25.4,Low
Mizoram,21.973297,92.518169,160.9,0.57,21.9,674.1,27.2,Moderate
Arunachal Pradesh,29.144457,93.787525,127.4,0.426,27.4,1243.6,20.7,Moderate
Mizoram,23.772867,93.393771,45.2,0.135,33.3,923.8,28.0,Low
Assam,25.71377,90.905047,409.9,0.87,40.4,1718.4,16.2,Critical
Meghalaya,25.620542,92.524251,95.8,0.285,12.7,891.6,26.4,Low
Sikkim,27.965249,88.059247,324.1,0.591,44.2,1918.2,20.7,High
Manipur,25.115888,94.029416,57.8,0.209,50.6,2956.6,15.4,Moderate
Nagaland,26.92418,93.544963,111.7,0.361,64.3,2256.8,18.7,Moderate
Meghalaya,25.640843,92.438388,179.9,0.489,70.8,3441.3,8.4,High
Sikkim,27.492029,88.433795,91.8,0.059,7.0,1218.8,23.3,Low
Mizoram,22.083198,92.561587,65.8,0.224,20.4,1030.6,24.4,Low
Manipur,24.416563,94.70122,21.3,0.05,69.4,2459.3,12.4,Moderate
Mizoram,22.634935,92.799129,141.0,0.17,64.4,2424.4,11.2,Moderate
Assam,26.819479,90.721755,97.5,0.081,33.5,2027.8,17.9,Low
Arunachal Pradesh,27.959327,95.561965,201.1,0.234,48.6,1690.5,20.3,Moderate
Manipur,25.447025,94.127267,253.9,0.438,48.0,2011.4,19.9,Moderate
Sikkim,27.802864,88.113655,86.7,0.1,35.1,1832.4,19.5,Low
Sikkim,28.134932,88.119317,141.9,0.389,25.7,1078.0,21.5,Moderate
Assam,27.253626,91.368343,77.9,0.173,43.8,2380.4,18.5,Moderate
Assam,27.921091,94.235745,143.1,0.499,18.1,716.3,27.0,Moderate
Tripura,24.106102,91.284777,75.2,0.332,32.3,1381.6,21.8,Moderate
Manipur,24.641776,94.112064,46.6,0.169,12.4,258.0,29.2,Low
Mizoram,23.901931,92.335147,82.5,0.128,19.5,1786.6,20.3,Low
Nagaland,27.028494,95.080441,151.4,0.315,52.2,3039.4,6.0,Moderate
Sikkim,27.324418,88.740484,80.0,0.472,44.3,1430.2,19.1,Moderate
Sikkim,27.621989,88.415626,134.7,0.288,26.1,1204.4,21.0,Low
Assam,25.320623,93.360102,65.1,0.097,57.6,2696.3,12.2,Moderate
Meghalaya,25.875867,91.032799,155.1,0.35,22.5,420.6,28.1,Moderate
Assam,26.642721,94.105671,38.0,0.05,2.0,50.0,30.9,Low
Nagaland,26.551131,93.403932,49.4,0.08,24.0,228.4,32.2,Low
Mizoram,24.135344,92.795729,159.9,0.314,66.8,2246.9,12.9,Moderate
Mizoram,22.582282,92.514294,148.6,0.464,32.2,1678.0,17.7,Moderate
Meghalaya,25.579617,92.460495,14.8,0.079,30.5,1337.4,23.7,Low
Sikkim,27.454017,88.674753,137.6,0.171,16.9,1136.8,28.2,Low
Assam,24.406639,92.699157,294.2,0.553,3.9,122.3,27.5,Moderate
Tripura,24.486698,92.001569,40.3,0.142,2.0,253.8,29.3,Low
Mizoram,22.447374,92.851874,28.3,0.21,18.3,891.5,21.5,Low
Nagaland,25.643887,94.119122,56.0,0.189,21.0,349.7,27.9,Low
Manipur,25.28216,94.388205,285.3,0.684,30.4,1907.6,21.4,Moderate
Arunachal Pradesh,27.184301,96.572228,158.5,0.23,23.4,1182.5,26.5,Low
Arunachal Pradesh,28.277705,93.589584,46.4,0.075,18.3,1272.1,18.6,Low
Arunachal Pradesh,28.005807,94.827892,210.4,0.438,45.2,1141.8,24.6,Moderate
Tripura,23.795825,91.632327,248.1,0.458,5.7,846.0,22.5,Moderate
Sikkim,27.605919,88.158771,275.9,0.537,20.0,228.9,31.2,Moderate
Assam,27.413478,93.11309,164.1,0.375,19.2,643.4,28.4,Low
Meghalaya,25.157296,92.098471,352.7,0.48,49.4,2456.1,13.6,High
Tripura,24.39191,92.231499,69.5,0.37,48.8,1620.6,16.0,Moderate
Tripura,23.490428,91.176172,277.7,0.54,32.2,1098.0,24.4,Moderate
Mizoram,23.247839,92.346392,66.1,0.275,8.5,58.5,29.5,Low
Manipur,25.574576,93.330443,211.6,0.536,45.5,1510.1,26.7,Moderate
Tripura,23.304425,91.528627,44.2,0.127,53.8,2941.1,10.7,Moderate
Nagaland,25.928012,94.889326,146.9,0.273,61.3,2575.6,15.9,Moderate
Manipur,24.667002,93.307383,97.6,0.336,18.0,456.4,24.4,Low
Nagaland,25.707699,94.318227,84.5,0.249,47.8,2703.4,9.7,Moderate
Sikkim,27.176945,88.55049,42.2,0.302,12.7,979.7,25.5,Low
Assam,26.376139,94.202625,407.0,0.712,18.2,1115.1,27.7,Moderate
Arunachal Pradesh,29.313114,96.5174,170.7,0.395,35.6,1038.9,26.4,Moderate
Tripura,24.413721,91.31813,159.9,0.45,35.2,1507.6,24.2,Moderate
Assam,24.552574,91.604343,34.9,0.105,58.5,1927.4,20.1,Moderate
Sikkim,28.074102,88.874848,102.0,0.137,21.4,818.0,21.7,Low
Meghalaya,26.03119,90.130053,141.3,0.236,50.0,1792.3,19.0,Moderate
Meghalaya,26.136914,91.070074,123.6,0.409,39.8,1768.0,21.7,Moderate
Sikkim,27.011172,88.398154,146.3,0.26,63.1,2805.0,13.5,Moderate
Nagaland,25.287531,94.387756,52.4,0.348,39.9,1687.4,20.1,Moderate
Mizoram,22.78024,92.815465,290.0,0.719,24.2,1321.8,21.5,High
Mizoram,23.494243,93.329441,27.7,0.162,61.6,2255.2,15.4,Low
Nagaland,26.457613,94.168098,95.4,0.302,17.1,1083.6,23.6,Low
Meghalaya,25.983313,92.516746,91.7,0.303,19.7,578.2,28.9,Low
Meghalaya,25.143712,91.395799,119.2,0.422,59.0,1336.8,18.7,Moderate
Tripura,23.355219,91.06118,219.2,0.435,25.8,2119.6,15.9,Moderate
Meghalaya,25.802256,92.388312,43.2,0.121,34.3,982.8,27.1,Low
Assam,24.684191,94.818206,15.6,0.189,26.5,839.2,27.0,Low
Meghalaya,26.024075,92.543021,90.6,0.26,57.0,1704.3,21.8,Moderate
Manipur,24.304042,94.627116,123.6,0.306,27.9,607.9,25.7,Low
Tripura,23.41306,91.718039,114.3,0.166,32.8,952.4,24.0,Low
Arunachal Pradesh,26.651522,91.741346,106.1,0.382,37.5,1744.4,20.8,Moderate
Meghalaya,25.864448,91.13344,364.7,0.8,35.6,1603.5,25.7,High
Nagaland,25.686956,93.680827,121.6,0.52,26.6,1802.2,27.6,Low
Arunachal Pradesh,28.50986,91.502208,209.6,0.447,23.5,1352.3,19.3,Moderate
Assam,27.384743,90.199273,60.8,0.283,36.8,1515.8,22.2,Low
Nagaland,25.56383,94.072473,121.1,0.376,21.0,709.1,22.1,Low
Arunachal Pradesh,27.954576,93.452473,46.2,0.23,37.4,1401.3,17.4,Low
Nagaland,25.809353,95.227832,149.5,0.437,51.8,1218.8,23.7,Moderate
Assam,26.694635,89.847628,71.5,0.107,11.7,75.0,31.9,Low
Tripura,23.588281,92.137511,129.0,0.176,45.6,1757.6,20.1,Moderate
Manipur,24.372767,93.170201,60.3,0.268,57.3,2078.5,20.1,Moderate
Assam,27.185216,93.517887,177.8,0.337,50.5,2671.3,11.8,Moderate
Assam,26.395313,90.037532,62.1,0.123,52.2,2324.8,21.5,Moderate
Nagaland,25.466948,94.545099,231.0,0.312,36.2,1828.0,23.7,Moderate
Tripura,23.232518,91.655291,73.6,0.387,3.1,50.0,33.6,Low
Sikkim,27.653858,88.255156,102.4,0.305,29.4,1229.5,19.6,Low
Mizoram,24.365905,93.295203,142.6,0.595,45.1,1886.9,18.1,High
Meghalaya,25.866848,90.033982,251.2,0.453,38.1,316.9,29.4,Moderate
Meghalaya,25.127356,91.278344,318.0,0.424,18.4,800.2,26.6,Moderate
Manipur,24.105355,94.760878,120.5,0.1,14.4,879.3,29.8,Low
Manipur,24.101188,93.877442,97.9,0.286,39.5,1452.6,20.7,Moderate
Meghalaya,25.436945,91.718159,86.5,0.237,22.9,1293.3,23.6,Low
Mizoram,22.235495,92.759411,83.5,0.199,36.8,1300.6,18.3,Moderate
Meghalaya,25.329646,92.463255,132.8,0.365,40.8,2269.5,16.6,Moderate
Sikkim,27.048703,88.822355,134.7,0.307,45.6,1681.1,18.6,Moderate
Mizoram,24.065785,92.586842,66.2,0.249,24.2,1242.9,24.7,Low
Manipur,25.299652,93.056184,55.4,0.117,15.1,548.9,24.0,Low
Arunachal Pradesh,29.400597,94.396272,55.0,0.208,56.1,2449.1,14.5,Moderate
Nagaland,25.776234,94.025166,225.5,0.593,32.2,1316.5,25.0,Moderate
Sikkim,27.079686,88.890415,140.4,0.285,48.3,2707.7,15.6,Moderate
Sikkim,27.04715,88.589416,50.2,0.143,36.5,2144.3,17.2,Low
Tripura,23.608377,92.233591,194.1,0.334,7.7,816.7,27.8,Low
Manipur,24.2674,93.957756,77.8,0.361,14.8,91.2,31.6,Low
Manipur,24.716477,94.26516,81.4,0.252,32.6,1132.8,26.0,Low
Assam,24.285643,90.920872,198.4,0.423,45.6,3135.3,15.0,Moderate
Sikkim,27.257478,88.664336,63.4,0.346,37.6,1615.7,20.4,Moderate
Assam,24.794383,93.312998,414.3,0.587,9.6,325.6,27.3,High
Assam,24.904024,95.128237,43.2,0.05,46.7,2627.1,14.0,Low
Nagaland,26.990152,94.336986,165.9,0.084,49.5,1561.5,21.2,Moderate
Assam,25.479697,91.174564,81.0,0.3,43.6,880.4,22.2,Low
Mizoram,22.029431,92.54905,19.3,0.05,29.8,1101.1,22.5,Low
Meghalaya,25.785083,91.400851,202.2,0.261,51.4,2078.6,17.5,Moderate
Arunachal Pradesh,29.332124,93.679525,202.0,0.351,35.2,1190.5,23.8,Moderate
Manipur,25.11834,93.880781,242.5,0.465,30.7,953.0,24.8,Moderate
Mizoram,23.232698,92.548107,94.8,0.139,41.3,1626.5,25.9,Low
Arunachal Pradesh,27.864852,94.089317,83.8,0.05,59.5,2455.7,16.1,Moderate
Sikkim,27.847971,88.846576,78.0,0.308,45.2,1507.7,15.4,Moderate
Sikkim,27.395186,88.03798,202.9,0.293,37.3,568.3,25.5,Moderate
Sikkim,27.595554,88.490015,41.8,0.261,29.1,1509.0,20.7,Low
Mizoram,22.337945,93.188604,155.7,0.367,29.4,1574.6,21.6,Moderate
Mizoram,24.460816,93.429507,295.3,0.448,38.2,1252.1,25.3,Moderate
Manipur,24.174501,94.575654,35.2,0.172,25.8,1667.7,21.4,Low
Meghalaya,25.845392,91.16154,215.4,0.341,35.0,1551.1,17.9,Moderate
Tripura,23.764978,92.10448,408.2,0.479,42.7,2356.6,17.3,High
Assam,26.016567,92.051206,44.8,0.124,19.1,919.6,25.8,Low
Sikkim,27.591897,88.521217,7.4,0.105,48.8,2140.8,18.5,Moderate
Nagaland,25.559248,95.101815,142.8,0.356,47.4,1777.0,18.6,Low
Meghalaya,25.809024,91.699807,241.7,0.553,36.0,1458.7,17.7,Moderate
Nagaland,25.389043,94.508348,153.0,0.315,29.3,1580.1,18.6,Moderate
Manipur,24.029825,93.141656,130.3,0.158,67.8,2059.6,18.6,Moderate
Manipur,24.801891,93.725014,21.0,0.05,65.6,2050.1,17.9,Moderate
Manipur,24.91874,93.1606,31.7,0.153,21.3,183.2,30.5,Low
Arunachal Pradesh,27.792949,92.461327,174.5,0.409,15.2,986.3,21.5,Low
Nagaland,27.07549,94.4223,110.8,0.301,44.1,1686.8,23.2,Moderate
Meghalaya,25.824924,90.776255,210.2,0.593,7.7,347.4,29.8,Low
Tripura,23.051582,92.268632,82.7,0.218,42.5,1437.5,20.6,Moderate
Meghalaya,25.343511,91.071425,113.9,0.266,23.6,192.5,26.5,Low
Mizoram,23.589646,92.232106,72.0,0.235,53.5,2739.6,7.6,Moderate
Mizoram,24.006674,92.897552,111.2,0.322,38.4,2156.1,17.1,Moderate
Sikkim,27.333861,88.055447,81.1,0.119,32.7,1963.6,19.3,Moderate
Tripura,23.159997,92.163544,140.1,0.296,32.5,1160.6,21.1,Moderate
Mizoram,23.683663,92.524872,117.2,0.347,24.2,1751.4,20.2,Moderate
Manipur,23.924641,94.243108,86.0,0.096,63.1,3060.5,11.9,Low
Meghalaya,25.686889,91.013559,126.2,0.332,19.3,788.0,25.0,Low
Nagaland,25.890862,93.733629,55.7,0.262,48.9,1861.7,17.2,Low
Manipur,25.072261,94.747202,49.0,0.209,53.5,1699.5,19.4,Moderate
Arunachal Pradesh,27.027146,94.784141,52.2,0.149,43.8,1462.4,17.7,Low
Mizoram,23.002881,92.780695,48.2,0.189,32.6,1302.3,22.2,Low
Manipur,24.28288,94.485243,65.0,0.239,12.9,739.0,25.2,Low
Manipur,24.721986,93.978131,94.3,0.299,34.3,2090.6,15.4,Moderate
Arunachal Pradesh,27.414283,92.499947,72.2,0.222,40.3,1506.8,26.0,Low
Assam,24.360824,94.198951,120.5,0.317,17.9,499.9,23.9,Low
Meghalaya,25.235481,91.870226,151.8,0.397,2.0,1009.7,20.5,Low
Nagaland,25.941715,94.13155,36.7,0.264,38.4,2028.4,18.7,Low
Sikkim,27.563013,88.330938,61.6,0.141,13.9,573.5,24.7,Low
Assam,24.422604,91.65068,127.6,0.33,42.3,1174.7,22.8,Moderate
Mizoram,23.625709,93.06552,195.5,0.357,37.8,1635.0,20.8,Moderate
Manipur,24.343826,93.828185,274.3,0.666,37.5,1797.6,17.0,Moderate
Tripura,23.209516,91.273484,56.7,0.256,9.3,50.0,29.9,Low
Arunachal Pradesh,26.569141,96.432106,219.2,0.406,48.1,1974.5,21.2,Moderate
Arunachal Pradesh,27.13212,92.751436,104.9,0.343,39.4,1135.0,22.3,Low
Tripura,23.347362,91.16563,206.4,0.352,59.0,1632.0,17.9,High
Meghalaya,25.767115,90.025429,14.9,0.05,14.6,1200.9,24.3,Low
Assam,24.56365,93.761967,162.5,0.332,16.7,519.7,26.4,Low
Sikkim,27.407593,88.637153,51.9,0.153,28.7,1037.8,26.9,Low
Meghalaya,25.66891,90.568064,207.4,0.312,38.1,2406.8,16.8,Moderate
Tripura,23.941325,91.151156,138.3,0.342,44.1,2123.7,15.7,Moderate
Manipur,24.81918,93.786867,80.5,0.348,33.4,879.1,22.1,Low
Tripura,23.328598,91.785206,32.9,0.145,37.9,1912.1,21.8,Low
Meghalaya,26.0456,92.796714,58.4,0.219,29.6,1176.4,20.7,Low
Nagaland,26.354749,94.109412,135.6,0.261,22.5,753.8,22.9,Low
Arunachal Pradesh,27.175621,92.914028,470.8,0.933,25.1,884.8,25.2,High
Arunachal Pradesh,27.938365,93.520027,389.1,0.735,51.9,2239.8,14.8,Critical
Mizoram,24.275918,92.678784,120.5,0.299,50.3,2327.1,14.6,Moderate
Mizoram,22.870956,92.698595,33.8,0.129,4.5,50.0,31.1,Low
Tripura,24.238592,91.846025,165.4,0.356,6.6,243.5,28.6,Low
Sikkim,27.737003,88.300729,220.4,0.417,45.8,1614.6,20.2,Moderate
Manipur,25.354018,93.069055,87.9,0.189,30.1,154.6,28.6,Low
Nagaland,26.854515,94.3255,275.7,0.439,29.2,1001.9,23.8,Moderate
Assam,25.672651,92.832154,207.3,0.332,34.0,1048.8,26.1,Moderate
Meghalaya,25.800899,89.838296,209.2,0.508,36.9,1730.4,20.5,Moderate
Sikkim,28.045862,88.402066,63.5,0.129,52.5,2139.7,20.5,Low
Manipur,24.451636,93.248842,366.1,0.709,24.4,731.9,25.9,High
Mizoram,23.04261,92.84522,122.6,0.092,16.9,1817.5,17.1,Low
Tripura,23.545835,91.882258,64.4,0.116,31.6,1091.8,23.9,Low
Meghalaya,25.505076,92.684253,73.5,0.306,28.3,1662.8,20.3,Low
Mizoram,23.458122,93.249721,12.6,0.467,19.0,806.1,30.1,Low
Tripura,23.074969,91.516479,54.8,0.278,10.6,363.5,25.8,Low
Meghalaya,25.404217,91.508447,109.2,0.252,30.6,1289.9,19.0,Moderate
Assam,27.616677,90.193531,132.6,0.352,41.9,1319.1,26.4,Moderate
Manipur,23.937892,94.530572,134.1,0.445,34.4,2076.8,16.0,Moderate
Meghalaya,25.25542,91.80626,29.6,0.145,27.0,1408.7,24.2,Low
Nagaland,26.231468,94.965787,132.8,0.265,36.3,1875.7,23.5,Moderate
Sikkim,27.150107,88.116805,145.5,0.255,17.1,611.1,26.1,Low
Arunachal Pradesh,28.170455,96.705083,35.3,0.065,27.4,945.7,19.7,Low
Nagaland,25.988496,93.953884,250.0,0.524,36.3,1830.4,18.2,Moderate
Nagaland,26.35271,95.160897,44.4,0.089,30.6,1375.9,18.2,Low
Sikkim,28.004313,88.895935,33.0,0.05,66.1,2457.8,17.0,Low
Arunachal Pradesh,26.567706,92.12072,105.5,0.198,19.5,1423.5,21.9,Low
Nagaland,26.357989,94.941153,119.6,0.276,37.0,1253.6,23.2,Moderate
Meghalaya,25.342293,90.517633,39.6,0.145,36.4,736.4,24.7,Low
Meghalaya,25.944371,89.969146,112.3,0.119,39.9,1274.2,21.2,Moderate
Meghalaya,25.443259,91.317428,4.0,0.095,45.6,1199.3,23.9,Low
Arunachal Pradesh,28.181046,95.507383,111.7,0.077,7.0,66.9,30.6,Low
Nagaland,25.874207,94.525369,74.5,0.309,31.8,1670.9,21.9,Low
Tripura,23.836601,91.711901,79.1,0.227,42.8,1950.3,18.8,Moderate
Arunachal Pradesh,28.42145,92.92697,93.9,0.086,28.6,1199.5,22.7,Low
Meghalaya,25.101579,90.157815,169.2,0.312,9.2,50.0,26.8,Low
Sikkim,27.269499,88.450178,138.7,0.303,47.9,1575.6,17.5,Moderate
Nagaland,26.796841,94.702587,291.3,0.471,47.1,2326.1,18.4,High
Nagaland,26.699177,94.001951,64.8,0.26,33.6,1722.9,16.3,Low
Mizoram,22.9521,92.711786,101.1,0.338,31.3,2066.0,10.0,Moderate
Mizoram,22.39887,92.279582,66.9,0.251,37.0,1355.1,19.3,Low
Assam,26.481848,95.932065,118.0,0.412,39.9,2027.3,22.4,Low
Tripura,23.166928,91.06069,82.4,0.185,10.9,1178.8,25.3,Low
Tripura,24.147251,91.328362,138.3,0.31,2.0,50.0,28.8,Low
Manipur,25.376323,94.267086,60.9,0.19,42.0,1624.4,20.6,Low
Tripura,24.413078,91.531605,108.2,0.301,25.8,647.5,28.4,Low
Mizoram,23.621122,92.804311,151.2,0.298,29.8,1389.2,22.6,Moderate
Arunachal Pradesh,28.391766,93.972794,91.2,0.152,37.0,1799.4,17.3,Moderate
Tripura,23.201812,91.660267,159.7,0.366,25.7,782.0,25.7,Moderate
Mizoram,23.274319,93.253785,444.9,0.919,23.2,432.6,25.1,High
Assam,27.089187,93.881887,100.1,0.393,31.5,801.3,26.3,Moderate
Nagaland,25.415435,94.741233,58.0,0.315,26.9,712.9,25.8,Low
Tripura,23.700488,92.162329,155.1,0.536,2.0,380.5,25.7,Low
Assam,27.863458,90.047487,63.4,0.284,35.1,1939.6,14.9,Moderate
Nagaland,26.759219,93.375395,65.2,0.347,32.3,1423.2,21.9,Low
Sikkim,27.440604,88.48807,64.8,0.311,9.7,50.0,32.7,Low
Sikkim,27.177721,88.671682,91.2,0.169,19.8,902.4,21.8,Moderate
Nagaland,25.215874,93.637198,81.4,0.071,29.8,1294.7,26.6,Low
Tripura,23.829275,91.928704,219.2,0.367,18.0,673.7,25.2,Low
Manipur,25.541622,94.269894,133.3,0.552,16.7,1021.9,25.4,Low
Mizoram,23.646626,92.712643,45.6,0.268,17.8,292.2,27.2,Low
Arunachal Pradesh,26.503853,92.160876,108.8,0.41,27.5,771.3,25.2,Low
Arunachal Pradesh,28.103664,95.213214,12.2,0.087,29.4,1454.0,25.0,Low
Meghalaya,25.500938,91.992037,54.4,0.159,21.2,670.7,22.8,Low
Nagaland,26.191538,93.448352,23.1,0.253,50.7,1834.3,22.0,Moderate
Arunachal Pradesh,27.076049,96.11999,66.5,0.238,26.3,891.1,26.6,Low
Tripura,24.05986,92.163191,38.5,0.206,44.1,2653.1,18.6,Low
Manipur,24.023359,94.782401,87.6,0.278,42.8,2074.3,14.6,Moderate
Nagaland,25.597873,93.32356,25.8,0.27,25.9,883.1,26.8,Low
Manipur,25.695104,93.505933,76.7,0.301,23.7,1564.3,20.8,Low
Tripura,23.968831,91.229687,276.7,0.394,7.4,50.0,31.6,Moderate
Arunachal Pradesh,28.240686,96.472192,84.2,0.385,42.5,2281.0,19.0,Moderate
Arunachal Pradesh,27.460544,95.186397,88.8,0.271,2.0,494.4,22.5,Low
Meghalaya,25.225484,91.674386,24.7,0.113,10.9,1042.4,25.1,Low
Arunachal Pradesh,27.509351,92.661645,125.1,0.171,33.6,1115.6,22.6,Moderate
Nagaland,25.795046,93.657682,213.8,0.376,39.1,1733.3,22.5,Moderate
Tripura,24.343066,91.516343,107.1,0.179,17.9,1219.6,22.2,Low
Sikkim,27.294335,88.403567,85.2,0.366,23.9,1177.5,20.7,Low
Tripura,23.412858,91.967745,49.0,0.106,41.9,2697.7,9.2,Moderate
Nagaland,27.045318,94.176067,85.5,0.198,44.1,1232.8,21.0,Low
Nagaland,26.835963,94.431726,146.0,0.342,33.7,752.3,22.4,Moderate
Meghalaya,25.188683,91.871868,156.3,0.69,14.5,843.8,25.9,Moderate
Meghalaya,25.616121,91.75182,153.5,0.439,55.8,1656.8,22.1,Moderate
Arunachal Pradesh,29.169062,93.92239,4.0,0.136,23.3,50.0,33.3,Low
Assam,27.784946,94.429215,161.8,0.319,29.8,1420.6,18.4,Moderate
Tripura,23.681768,91.784189,195.6,0.425,39.3,2962.0,16.5,Moderate
Tripura,23.42093,92.278676,39.0,0.281,39.1,2169.9,15.7,Low
Assam,26.802875,89.976235,104.0,0.361,56.5,1836.7,16.5,Moderate
Meghalaya,25.391946,91.669943,182.3,0.357,31.1,582.9,31.4,Moderate
Arunachal Pradesh,26.669,91.631363,97.0,0.151,11.3,434.2,23.7,Low
Assam,25.890102,91.795948,115.2,0.339,34.2,1432.2,25.6,Moderate
Arunachal Pradesh,27.814896,92.944813,100.9,0.301,30.0,1061.9,27.2,Low
Arunachal Pradesh,26.994153,95.290288,145.3,0.425,52.1,2593.8,14.4,Moderate
Arunachal Pradesh,28.043713,92.600848,141.0,0.316,49.6,1433.1,22.2,Low
Mizoram,22.730933,92.96935,161.9,0.313,56.7,3004.3,10.6,Moderate
Nagaland,25.337236,93.594906,74.0,0.273,23.1,1064.5,24.8,Low
Arunachal Pradesh,26.719737,95.967745,142.7,0.385,2.0,50.0,28.8,Low
Mizoram,23.856264,93.179307,183.1,0.411,64.8,3405.0,9.6,High
Meghalaya,25.85959,91.808156,57.6,0.05,38.2,1708.5,18.7,Low
Assam,26.003366,93.746352,53.0,0.296,59.2,1545.2,19.4,Moderate
Nagaland,25.272887,94.542929,144.2,0.281,35.7,1716.9,18.7,Low
Sikkim,27.933453,88.450323,38.8,0.226,18.5,952.8,27.4,Low
Assam,25.501556,91.447788,41.9,0.352,40.3,2500.2,12.4,Low
Nagaland,26.421324,94.685602,51.0,0.114,2.0,50.0,32.5,Low
Sikkim,28.045161,88.308101,41.4,0.05,65.2,2144.5,19.1,Moderate
Assam,27.233044,93.236542,201.8,0.474,49.9,600.4,25.2,Moderate
Nagaland,26.877389,94.355624,128.9,0.26,24.3,1501.2,18.8,Moderate
Assam,26.174045,93.340626,280.1,0.596,2.0,657.4,25.2,Moderate
Assam,27.147124,95.77755,9.9,0.253,37.0,2011.5,17.6,Low
Sikkim,27.088276,88.048091,128.1,0.299,39.9,1517.5,18.1,Low
Assam,27.937711,93.038216,125.7,0.359,55.9,1438.8,25.3,Moderate
Assam,26.582593,92.739269,118.2,0.372,26.9,977.9,24.5,Low
Sikkim,27.112389,88.69128,33.2,0.083,33.2,410.2,26.8,Low
Meghalaya,25.89667,90.73511,50.9,0.311,46.2,1319.0,21.0,Low
Arunachal Pradesh,27.418718,96.108128,62.6,0.127,47.9,3248.0,5.6,Moderate
Tripura,23.015772,92.145437,86.4,0.435,34.9,1879.7,18.1,Low
Manipur,24.287657,94.067373,95.1,0.172,14.8,658.2,27.0,Low
Mizoram,24.333585,93.081559,89.2,0.169,15.3,1132.4,24.8,Low
Manipur,24.587417,94.241162,25.6,0.121,74.6,2708.3,15.3,Moderate
Manipur,24.453561,93.499065,170.7,0.13,36.7,1805.6,15.1,Moderate
Nagaland,27.093698,94.80158,86.7,0.259,45.3,1720.5,17.8,Low
Arunachal Pradesh,28.43416,93.454093,160.2,0.316,41.3,1157.7,25.3,Moderate
Nagaland,25.293406,93.362114,156.6,0.298,32.3,1666.4,25.2,Moderate
Arunachal Pradesh,28.162544,95.69118,9.5,0.124,26.7,1589.0,22.2,Low
Sikkim,27.644855,88.756707,40.3,0.143,5.6,958.5,25.9,Low
Sikkim,27.040112,88.330077,177.2,0.475,22.0,573.7,28.9,Moderate
Tripura,23.279313,91.581455,25.6,0.186,48.1,1506.3,23.0,Moderate
Arunachal Pradesh,26.717129,96.747724,145.0,0.415,29.7,1305.9,23.3,Moderate
Assam,24.937673,95.510539,54.0,0.168,37.8,1274.4,23.8,Low
Meghalaya,25.511072,92.756572,135.5,0.257,73.4,3141.5,11.0,High
Tripura,23.786493,92.210083,53.0,0.394,33.7,1802.0,23.6,Low
Tripura,22.908558,91.97271,210.5,0.341,34.9,1668.1,19.3,Moderate
Assam,27.792813,90.58024,126.1,0.414,23.7,967.5,22.9,Moderate
Meghalaya,25.115351,91.073718,92.6,0.288,39.3,554.8,27.5,Moderate
Nagaland,26.97399,94.384773,105.8,0.351,30.2,1601.1,19.2,Low
Meghalaya,25.632948,90.223378,143.1,0.357,42.4,1545.6,19.9,Moderate
Nagaland,25.2015,94.92028,26.9,0.05,17.5,1062.3,24.0,Low
Sikkim,27.105089,88.570465,242.9,0.582,27.3,1775.0,21.6,Moderate
Manipur,25.537771,93.375573,67.2,0.46,49.7,1547.6,20.6,Moderate
Sikkim,27.798327,88.070829,67.7,0.321,44.8,1665.1,17.6,Moderate
Sikkim,27.724506,88.147539,148.2,0.25,29.2,1381.4,21.7,Low
Manipur,25.198312,93.542216,66.8,0.181,39.6,1543.6,23.5,Low
Meghalaya,25.556069,91.598292,63.5,0.333,52.6,1984.4,20.5,Moderate
Tripura,23.174037,91.964129,75.9,0.134,21.5,1959.3,19.9,Low
Meghalaya,25.363168,91.787116,201.0,0.531,56.4,2311.6,16.5,Moderate
Nagaland,25.500738,94.676235,38.5,0.337,17.3,1697.8,18.6,Low
Assam,24.53839,92.379746,56.7,0.144,45.4,1400.9,18.7,Low
Nagaland,25.669692,94.79675,50.3,0.143,35.9,1852.1,13.0,Low
Assam,25.100547,95.254819,61.1,0.099,52.3,1693.1,19.8,Low
Sikkim,28.070184,88.176797,51.1,0.289,17.9,766.7,22.8,Low
Manipur,24.966307,93.157892,337.0,0.575,47.0,2175.6,13.0,High
Sikkim,27.469845,88.64199,191.9,0.449,13.9,1540.6,24.8,Low
Arunachal Pradesh,28.47827,94.935854,270.6,0.452,39.7,1849.8,22.0,Moderate
Meghalaya,25.339049,90.934075,38.3,0.234,17.4,943.2,20.9,Low
Assam,24.432374,94.229844,117.2,0.156,55.8,2310.2,13.2,Moderate
Nagaland,26.157389,94.717531,76.8,0.143,15.0,1579.7,20.0,Low
Manipur,24.272993,93.583989,154.0,0.218,16.9,1611.5,20.6,Low
Assam,25.403704,89.862177,79.0,0.234,58.2,1850.8,21.1,Moderate
Nagaland,25.847991,94.906609,184.5,0.368,44.1,2035.0,22.2,Moderate
Meghalaya,26.076758,91.354655,56.8,0.256,50.1,1517.7,21.8,Moderate
Sikkim,27.546602,88.027742,192.8,0.301,24.5,673.6,25.3,Moderate
Meghalaya,26.055045,89.839031,25.2,0.242,27.0,506.1,30.1,Low
Mizoram,24.35635,92.835981,31.5,0.273,47.7,1186.9,18.0,Low
Arunachal Pradesh,27.525803,96.583201,239.7,0.504,48.2,2367.1,10.5,High
Mizoram,21.963417,92.955852,277.2,0.331,28.7,481.0,28.9,Moderate
Manipur,24.842972,93.394777,217.1,0.481,48.6,2364.7,17.0,Moderate
Assam,25.801327,93.809263,162.9,0.452,37.1,1429.5,22.0,Moderate
Manipur,25.181549,93.00129,62.9,0.455,22.0,432.4,23.7,Moderate
Sikkim,28.124224,88.148073,331.3,0.712,16.3,1416.3,21.6,Moderate
Nagaland,25.643803,93.826947,45.9,0.169,13.6,550.3,30.6,Low
Meghalaya,25.045384,90.169156,69.8,0.304,32.9,1057.6,22.4,Low
Mizoram,24.46451,92.609782,82.1,0.344,42.0,1475.3,23.9,Moderate
Tripura,23.084482,91.139089,45.9,0.181,21.9,638.1,31.7,Low
Mizoram,23.770596,93.310939,98.4,0.362,53.8,2645.6,13.1,Moderate
Sikkim,27.308343,88.018819,64.1,0.139,32.1,1131.7,28.0,Low
Mizoram,22.480034,92.27347,37.3,0.305,47.9,2452.1,16.6,Low
Sikkim,27.124074,88.388357,145.3,0.395,21.6,1171.3,21.6,Moderate
Tripura,23.267869,91.67073,121.3,0.352,53.2,2184.2,16.3,Moderate
Manipur,24.281638,94.692967,316.6,0.477,37.1,2044.8,21.4,High
Meghalaya,26.087133,91.500418,145.2,0.311,53.9,2589.4,13.9,Moderate
Assam,25.488581,92.101225,63.0,0.214,28.0,1149.9,25.0,Low
Nagaland,25.982519,94.755159,90.9,0.283,75.0,3190.0,10.8,Moderate
Assam,25.896884,95.097399,385.4,0.61,36.2,2386.0,12.9,High
Manipur,25.59378,93.604703,190.2,0.323,2.0,80.0,29.1,Moderate
Nagaland,26.26532,93.490113,160.5,0.37,45.7,2321.6,17.3,Moderate
Mizoram,22.42122,92.737505,86.1,0.126,57.0,2647.0,17.3,Moderate
Tripura,23.229924,92.139529,98.3,0.211,47.7,1775.1,20.6,Low
Tripura,23.153258,91.592359,439.8,0.855,2.0,50.0,28.8,Moderate
Arunachal Pradesh,28.317098,95.305251,59.0,0.063,27.9,1043.5,21.2,Low
Manipur,24.527832,94.564378,126.6,0.361,43.9,1583.2,20.4,Moderate
Manipur,24.879806,93.791114,127.8,0.206,38.6,2025.5,17.5,Moderate
Meghalaya,25.080689,91.194068,236.2,0.548,42.6,2073.9,17.3,High
Assam,27.447091,93.571608,105.8,0.303,54.0,2242.4,18.3,Moderate
Manipur,25.381109,93.889221,128.1,0.248,52.4,1594.9,16.5,Moderate
Manipur,24.025077,93.024552,95.2,0.297,20.6,672.1,25.7,Low
Mizoram,22.688371,93.107388,255.0,0.576,22.7,1656.4,20.6,Moderate
Mizoram,23.954676,92.584479,25.6,0.074,41.9,2151.1,18.4,Low
Nagaland,26.141742,94.142238,74.8,0.2,17.1,933.8,27.0,Low
Sikkim,27.492627,88.208214,129.6,0.33,37.4,1452.5,22.9,Low
Sikkim,27.163645,88.17702,103.7,0.107,44.0,1715.6,20.1,Low
Arunachal Pradesh,26.665997,92.589719,101.8,0.252,51.3,1913.9,15.0,Moderate
Sikkim,27.011041,88.564533,106.2,0.097,8.9,392.2,28.4,Low
Meghalaya,25.37965,92.719434,57.3,0.209,18.5,741.8,27.1,Low
Arunachal Pradesh,27.081151,93.402057,36.7,0.13,13.8,468.9,24.9,Low
Nagaland,25.879898,93.316903,70.0,0.252,51.7,1884.3,18.2,Moderate
Mizoram,24.081941,92.241593,49.7,0.22,38.6,1951.7,15.1,Low
Sikkim,28.128216,88.802867,86.9,0.339,18.1,162.0,34.1,Low
Assam,26.249192,93.124652,45.2,0.187,41.8,1484.4,18.0,Moderate
Mizoram,23.599823,92.703165,192.9,0.288,40.3,1919.1,22.1,Moderate
Tripura,23.935556,91.058199,158.5,0.286,39.7,2134.9,16.4,Moderate
Meghalaya,25.064857,91.171691,185.8,0.461,26.4,583.9,26.7,Low
Mizoram,23.329018,93.354163,194.1,0.393,34.7,1996.3,17.8,Moderate
Meghalaya,25.125593,92.267944,164.5,0.373,49.9,1986.3,22.6,Moderate
Meghalaya,25.252057,90.982251,240.7,0.451,29.1,1596.9,19.9,Moderate
Meghalaya,25.379923,91.000466,51.6,0.106,27.6,65.3,33.0,Low
Nagaland,25.485941,94.30714,121.1,0.394,30.1,1113.9,23.9,Low
Meghalaya,25.961971,91.124602,49.7,0.201,38.9,1995.8,22.2,Moderate
Meghalaya,25.588736,92.346303,165.5,0.3,39.8,1594.6,18.3,Moderate
Tripura,24.029693,91.637591,75.0,0.158,14.9,1339.0,20.7,Low
Assam,25.082322,95.275039,77.4,0.252,29.0,1013.5,26.0,Low
Arunachal Pradesh,28.231061,92.716312,19.5,0.166,57.7,2341.4,18.6,Moderate
Manipur,24.311328,94.44564,70.4,0.126,19.8,1108.8,24.5,Low
Tripura,22.970633,92.28972,213.9,0.292,6.8,1020.0,26.5,Low
Arunachal Pradesh,26.891055,95.878377,18.6,0.05,12.5,690.3,30.2,Low
Meghalaya,25.47373,91.276649,17.6,0.133,2.0,404.3,26.3,Low
Assam,27.698732,92.30134,89.4,0.094,43.1,1322.1,21.7,Low
Mizoram,23.297484,92.26409,84.5,0.256,35.0,1398.5,25.6,Low
Assam,24.009859,91.242239,242.0,0.516,39.5,1967.1,20.2,Moderate
Tripura,23.988933,91.157644,7.0,0.149,25.0,381.1,28.8,Low
Meghalaya,25.136514,91.032882,49.1,0.238,54.0,1468.7,21.2,Moderate
Assam,26.720916,94.186054,68.5,0.383,24.8,1506.7,22.1,Moderate
Sikkim,27.214141,88.071629,231.7,0.559,32.2,810.0,21.8,Moderate
Assam,27.949668,91.342198,108.0,0.381,39.5,1140.6,27.1,Moderate
Meghalaya,26.024016,92.390474,98.4,0.366,27.5,1214.4,25.1,Moderate
Nagaland,26.667793,93.637667,99.3,0.35,37.5,1368.3,17.2,Moderate
Sikkim,27.986162,88.692326,186.1,0.419,30.2,983.7,25.2,Moderate
Assam,26.506237,91.824373,98.0,0.311,38.2,1459.1,19.9,Moderate
Manipur,24.298766,93.219401,47.0,0.296,2.0,50.0,29.3,Low
Manipur,24.768538,94.05347,407.7,0.656,64.6,3500.0,6.2,Critical
Assam,25.509224,92.694762,64.6,0.213,18.2,1096.4,19.7,Low
Nagaland,25.890677,94.582012,37.8,0.125,12.9,72.9,26.5,Low
Mizoram,24.243274,92.413096,146.0,0.343,9.5,220.1,27.3,Low
Meghalaya,25.457691,90.222606,54.3,0.292,23.2,1086.2,24.8,Low
Manipur,24.987393,94.311967,68.0,0.102,25.5,50.0,33.0,Low
Mizoram,24.322973,92.562534,64.5,0.095,19.0,175.4,32.1,Low
Assam,27.990887,90.098555,321.5,0.531,42.7,1809.4,15.7,High
Tripura,23.864822,91.074273,51.1,0.074,38.0,1529.8,22.7,Low
Mizoram,24.223813,92.888752,241.3,0.453,42.0,2062.8,13.9,Moderate
Sikkim,27.803218,88.748417,69.5,0.312,2.0,703.5,25.6,Low
Arunachal Pradesh,26.950932,91.712254,135.6,0.356,18.0,751.8,25.5,Moderate
Manipur,25.469874,93.56688,153.2,0.532,37.2,986.8,20.5,Moderate
Assam,24.541711,92.651306,87.4,0.314,40.3,2260.1,16.3,Low
Tripura,23.85729,91.040262,39.3,0.38,41.4,1608.8,23.5,Low
Meghalaya,25.329875,89.8984,80.0,0.213,45.9,1897.0,19.3,Moderate
Tripura,23.572537,92.16363,23.5,0.183,33.0,1565.1,19.3,Low
Nagaland,27.06704,94.574095,99.6,0.317,16.0,1058.9,21.9,Low
Sikkim,27.193965,88.815264,200.2,0.365,27.4,1315.2,21.7,Moderate
Assam,26.168241,90.668621,210.3,0.388,25.8,1616.4,24.0,Moderate
Meghalaya,26.106072,92.072407,185.5,0.333,27.2,1093.1,24.0,Moderate
Nagaland,26.59024,94.718361,7.4,0.094,6.3,1137.8,21.9,Low
Nagaland,25.580646,93.722013,150.0,0.309,61.2,2130.2,13.0,Moderate
Assam,26.890831,91.084253,61.9,0.256,34.3,1428.9,21.9,Low
Sikkim,27.526406,88.703802,34.7,0.05,33.4,1546.0,20.8,Low
Mizoram,23.938277,92.78924,183.3,0.335,24.9,402.6,23.6,Low
Mizoram,23.959694,93.290208,80.3,0.112,41.6,2425.6,16.5,Low
Nagaland,26.444074,93.756852,75.6,0.228,15.4,745.7,22.8,Low
Mizoram,22.612431,92.609294,40.8,0.342,38.2,2233.5,17.8,Moderate
Arunachal Pradesh,26.850412,93.002378,238.3,0.626,58.8,2891.8,16.3,High
Nagaland,25.598087,94.210657,69.2,0.134,13.3,559.8,22.7,Low
Nagaland,26.926031,93.508961,321.9,0.545,52.1,2639.4,13.4,High
Meghalaya,25.864322,91.861849,115.0,0.134,21.4,688.2,25.1,Low
Mizoram,22.148961,93.399344,170.7,0.327,23.8,1186.9,17.4,Moderate
Sikkim,27.682167,88.327353,126.2,0.206,25.1,1103.4,27.2,Moderate
Nagaland,26.637423,93.814731,109.8,0.36,29.4,1807.5,18.2,Moderate
Tripura,24.009616,91.051625,172.3,0.621,55.0,1759.3,26.0,Moderate
Sikkim,28.00729,88.403354,172.0,0.575,14.6,481.6,24.8,Moderate
Arunachal Pradesh,28.410079,92.716808,134.8,0.238,33.8,1525.5,24.2,Low
Meghalaya,25.812488,92.116721,275.1,0.529,39.1,1757.3,22.7,Moderate
Assam,25.987495,93.59168,153.3,0.331,59.0,2923.1,12.9,High
Sikkim,27.547591,88.804682,353.1,0.752,49.6,1883.5,21.7,High
Nagaland,26.145951,94.983617,69.1,0.137,2.0,50.0,26.6,Low
Arunachal Pradesh,28.904056,93.757777,123.9,0.188,14.5,727.1,25.0,Low
Manipur,24.237161,93.730948,85.2,0.488,28.6,2009.0,18.2,Moderate
Arunachal Pradesh,28.978652,92.751979,60.8,0.171,3.0,940.3,25.4,Low
Arunachal Pradesh,28.073309,95.933532,193.3,0.405,32.7,1586.5,23.0,Moderate
Meghalaya,25.424173,91.726629,157.0,0.252,45.7,2109.1,15.3,Moderate
Assam,25.031653,90.388461,217.8,0.459,35.2,2007.2,15.3,Moderate
Manipur,25.30933,93.178144,54.5,0.05,50.1,1733.8,25.1,Low
Mizoram,22.605592,93.311642,131.1,0.329,19.6,485.1,26.1,Low
Mizoram,22.80082,93.464959,126.6,0.251,49.0,1837.9,21.7,Moderate
Sikkim,28.175681,88.241448,108.9,0.382,55.7,2195.7,18.4,Moderate
Arunachal Pradesh,26.622935,95.377848,97.3,0.222,57.5,1641.5,22.8,Moderate
Tripura,23.621578,91.130979,24.4,0.071,30.8,990.8,22.7,Low
Meghalaya,25.849027,89.893525,128.3,0.262,2.0,676.4,24.1,Low
Tripura,24.292315,91.180248,200.6,0.422,7.5,424.2,25.3,Low
Meghalaya,25.152774,90.327017,102.6,0.377,2.0,286.8,28.4,Low
Mizoram,24.396693,93.10112,74.3,0.363,25.8,1470.2,22.3,Low
Sikkim,27.961646,88.357871,85.1,0.308,21.8,1212.3,24.9,Low
Sikkim,27.403575,88.211036,114.5,0.297,63.0,1988.8,19.6,Moderate
Sikkim,27.576778,88.496646,92.9,0.307,46.1,2431.3,14.6,Moderate
Manipur,25.000372,93.462813,60.2,0.179,21.3,1249.4,21.3,Low
Assam,27.984347,90.769479,80.0,0.237,22.2,925.5,24.0,Low
Manipur,25.634741,93.026741,37.4,0.077,39.7,2227.1,18.9,Low
Nagaland,26.114139,93.966736,82.4,0.315,13.6,1371.9,19.4,Moderate
Nagaland,26.053334,94.441329,24.8,0.348,27.8,1354.9,23.7,Low
Tripura,23.596943,91.539301,96.1,0.311,39.1,1511.9,22.8,Moderate
Assam,27.077438,94.021021,340.8,0.609,26.3,898.4,22.9,Moderate
Mizoram,24.066505,92.524947,59.6,0.231,75.0,3198.4,10.3,Moderate
Assam,26.56002,93.386727,71.8,0.335,56.8,2077.4,14.6,Moderate
Meghalaya,25.443685,91.258173,56.9,0.352,36.6,1684.4,18.2,Low
Nagaland,25.796186,93.583689,75.5,0.169,51.9,2624.7,11.8,Moderate
Arunachal Pradesh,27.141404,92.080325,57.7,0.23,17.5,1192.5,22.7,Low
Arunachal Pradesh,28.549209,95.134001,33.1,0.147,57.7,2645.9,14.6,Low
Mizoram,24.371577,93.148582,121.3,0.275,18.1,741.0,23.5,Low
Meghalaya,25.062455,92.452736,46.3,0.186,11.1,206.4,23.7,Low
Tripura,24.28028,91.576316,244.5,0.596,38.3,1558.3,16.2,Moderate
Manipur,24.91314,94.756941,173.1,0.162,22.3,984.5,21.3,Low
Meghalaya,25.638765,92.515965,206.2,0.41,56.6,2593.8,15.1,Moderate
Arunachal Pradesh,26.749116,92.550785,49.7,0.215,45.3,1762.8,19.7,Low
Arunachal Pradesh,27.822265,94.716162,214.7,0.37,2.0,276.6,29.9,Low
Tripura,24.205965,92.284741,106.6,0.337,36.4,1319.0,19.6,Low
Nagaland,25.938818,93.394831,294.1,0.507,60.6,1959.5,14.3,High
Meghalaya,25.961406,91.613142,79.8,0.379,31.5,1641.8,15.4,Moderate
Meghalaya,25.238251,91.284485,32.3,0.146,25.5,1249.8,22.0,Low
Arunachal Pradesh,28.726931,95.737265,88.8,0.091,34.2,1947.2,19.8,Low
Manipur,24.749275,93.549386,27.5,0.05,40.4,1991.3,17.1,Low
Mizoram,24.431731,93.062371,51.3,0.117,38.6,1968.0,17.4,Moderate
Sikkim,27.489885,88.252417,115.6,0.356,46.7,2083.9,11.8,Moderate
Mizoram,23.800868,92.514838,162.3,0.447,45.3,2311.5,15.3,High
Meghalaya,25.206052,91.389502,27.9,0.107,31.5,1246.1,24.9,Low
Mizoram,22.653967,93.017577,178.5,0.352,2.0,218.2,27.4,Low
Arunachal Pradesh,26.853816,95.102176,61.2,0.247,44.7,933.6,23.2,Low
Arunachal Pradesh,27.34989,91.501336,128.3,0.553,51.5,2302.6,15.2,Moderate
Tripura,23.103098,92.2137,118.1,0.426,45.6,2330.5,14.0,Moderate
Meghalaya,26.040826,90.500827,103.6,0.118,36.5,679.5,21.4,Low
Tripura,24.145395,91.791143,56.4,0.065,35.3,712.8,23.2,Low
Meghalaya,26.165086,90.920817,94.3,0.312,51.7,2053.1,20.2,Moderate
Sikkim,27.817753,88.057182,10.6,0.2,67.4,2623.1,17.8,Moderate
Sikkim,27.475497,88.867436,322.5,0.567,44.5,2400.3,11.3,High
Nagaland,26.224064,93.875759,129.3,0.209,10.3,554.4,27.8,Low
Meghalaya,25.144325,91.910585,231.6,0.453,42.3,2421.9,10.7,High
Manipur,25.025226,93.67309,113.3,0.229,43.4,316.2,24.9,Moderate
Mizoram,24.372448,92.228864,185.9,0.484,64.8,2198.8,22.5,Moderate
Meghalaya,25.364469,92.563208,93.4,0.219,11.9,50.0,27.4,Low
Assam,25.347929,91.289193,301.5,0.545,34.8,1904.2,17.2,Moderate
Nagaland,26.215019,94.947603,98.9,0.308,13.3,724.1,24.8,Low
Assam,24.433216,95.64103,154.0,0.495,14.0,598.8,25.4,Moderate
Arunachal Pradesh,28.885219,92.496876,64.7,0.254,19.1,241.6,24.3,Low
Sikkim,27.85441,88.346463,123.4,0.389,2.0,225.4,26.3,Low
Mizoram,22.945966,93.218277,140.7,0.317,2.0,174.3,24.5,Low
Meghalaya,26.155342,90.179968,84.6,0.381,51.8,1861.7,19.7,Moderate
Assam,25.766647,92.729932,164.0,0.354,66.4,2157.5,12.7,High
Mizoram,22.878411,92.672146,241.6,0.458,55.8,2133.6,16.8,High
Arunachal Pradesh,26.656806,95.270462,106.9,0.487,26.9,1505.1,20.8,Moderate
Sikkim,27.523457,88.175314,46.3,0.155,15.8,1566.2,22.7,Low
Manipur,25.350464,94.444609,188.1,0.405,36.4,1211.7,25.0,Moderate
Nagaland,26.124144,93.896901,44.9,0.277,12.5,50.0,28.0,Low
Mizoram,23.559041,92.574598,75.0,0.32,2.0,50.0,26.7,Low
Mizoram,22.513621,93.149669,115.7,0.225,41.1,962.7,22.5,Low
Manipur,23.876618,93.170583,67.2,0.195,32.4,2030.4,12.4,Low
Mizoram,21.917649,92.398826,77.6,0.117,48.1,1574.3,13.3,Low
Arunachal Pradesh,26.70697,96.976913,135.4,0.261,14.7,640.5,22.8,Low
Arunachal Pradesh,27.36643,92.320974,281.3,0.574,51.2,2025.7,19.2,High
Manipur,24.257893,94.685026,249.3,0.595,17.7,886.1,22.9,Moderate
Nagaland,26.188304,94.029636,93.4,0.201,47.8,1399.9,21.9,Low
Meghalaya,26.04807,90.984971,68.5,0.205,17.2,578.3,29.7,Low
Assam,25.407036,91.00588,53.4,0.248,57.8,2946.2,13.5,Moderate
Meghalaya,25.453356,90.750053,123.2,0.314,28.8,1337.4,21.5,Moderate
Mizoram,23.66099,92.576458,131.9,0.402,38.2,1408.9,22.2,Moderate
Assam,26.424239,90.115121,139.8,0.309,61.4,3500.0,9.1,Moderate
Tripura,23.206063,91.529627,102.8,0.428,2.8,473.2,26.2,Low
Manipur,25.580204,93.679054,43.3,0.187,31.4,1798.3,19.0,Low
Manipur,25.061741,93.459157,54.1,0.3,36.9,1337.0,24.6,Low
Nagaland,25.441364,93.417073,80.7,0.257,46.2,2921.9,12.6,Moderate
Assam,25.282737,90.693264,220.7,0.372,50.2,856.0,26.1,High
Arunachal Pradesh,27.022031,95.684176,75.0,0.105,31.8,1577.9,24.9,Moderate
Assam,24.06652,93.214204,165.4,0.384,45.4,1153.8,22.9,Moderate
Mizoram,22.8866,92.858515,264.0,0.459,53.9,2721.1,14.2,High
Arunachal Pradesh,28.188491,93.223522,168.1,0.366,15.2,1056.6,20.6,Low
Sikkim,27.354131,88.660062,153.2,0.36,45.8,2499.8,13.4,Moderate
Sikkim,28.045532,88.173323,68.8,0.103,49.7,1987.4,16.2,Moderate
Tripura,23.05619,92.167135,244.2,0.582,10.8,50.0,27.4,Moderate
Sikkim,27.419875,88.496186,117.5,0.204,52.3,2551.2,17.1,Moderate
Manipur,24.483132,93.226444,279.3,0.531,37.0,1847.0,18.1,Moderate
Assam,26.475193,93.008387,14.2,0.076,22.6,720.3,24.6,Low
Sikkim,27.243592,88.406682,11.0,0.116,46.9,1902.3,20.7,Moderate
Meghalaya,25.956337,91.571278,101.8,0.189,39.7,2401.3,12.8,Moderate
Nagaland,25.384143,94.396043,81.3,0.186,32.8,1732.2,20.1,Moderate
Meghalaya,25.843286,92.17811,63.4,0.079,35.9,1430.2,25.3,Low
Sikkim,27.754941,88.137392,181.8,0.304,38.8,1742.8,21.7,Moderate
Tripura,24.036277,91.880544,54.4,0.189,25.7,1467.9,21.2,Low
Nagaland,25.246411,94.123495,149.5,0.266,56.5,1856.4,16.4,Moderate
Mizoram,22.765671,93.070236,52.1,0.285,48.7,2631.1,17.2,Moderate
Meghalaya,25.259363,91.572616,142.5,0.363,17.9,1161.2,21.4,Low
Tripura,24.36113,92.037143,49.2,0.29,2.0,700.7,26.1,Low
Assam,27.870122,95.864588,204.5,0.412,28.5,896.8,25.0,Moderate
Assam,24.044815,93.62327,48.4,0.209,2.0,291.5,25.1,Low
Meghalaya,25.495407,92.379563,206.3,0.469,73.0,2687.5,16.5,High
Sikkim,27.302178,88.882927,189.8,0.497,25.3,1006.2,20.5,Moderate
Tripura,23.881933,92.031599,60.4,0.287,35.9,910.4,28.8,Low
Assam,24.359518,90.855785,24.3,0.05,30.5,1360.7,26.9,Low
Mizoram,23.87185,92.228582,100.2,0.218,54.2,1726.8,21.8,Moderate
Arunachal Pradesh,28.950634,91.57672,82.3,0.202,48.5,2030.8,20.3,Low
Sikkim,27.788543,88.328585,325.6,0.52,12.8,699.8,27.4,Moderate
Tripura,23.878392,91.904841,271.9,0.651,12.3,649.7,31.5,Moderate
Mizoram,22.790436,92.340351,76.4,0.217,23.7,1187.3,20.3,Low
Tripura,23.011433,91.765617,137.0,0.229,18.5,978.4,18.9,Low
Nagaland,26.189245,94.784402,91.7,0.241,75.0,2701.1,14.7,Moderate
Mizoram,23.225312,92.74918,191.7,0.571,37.3,1762.8,19.6,Moderate
Sikkim,27.477705,88.023802,96.3,0.196,5.1,459.6,23.5,Low
Nagaland,25.837559,95.25204,90.5,0.375,9.5,682.9,24.9,Low
Sikkim,28.048267,88.29644,117.7,0.197,47.0,1499.8,20.6,Low
Assam,26.468741,95.037969,194.3,0.397,27.6,944.4,24.8,Moderate
Arunachal Pradesh,27.823823,91.598768,99.5,0.151,45.1,1116.9,21.8,Moderate
Sikkim,27.089413,88.459353,9.8,0.324,30.2,890.4,26.0,Low
Sikkim,28.163327,88.623889,24.8,0.056,37.0,1001.5,27.6,Low
Assam,24.297848,90.892974,181.0,0.53,15.5,341.8,29.6,Low
Manipur,25.265514,94.514592,44.6,0.133,14.4,50.0,27.4,Low
Assam,26.594317,93.759866,167.8,0.346,22.2,1118.6,23.4,Low
Nagaland,25.253841,94.957061,79.4,0.276,24.9,1701.8,16.7,Moderate
Assam,27.310756,91.331921,56.6,0.184,23.9,1676.9,18.4,Low
Assam,26.976442,91.053584,26.1,0.241,27.5,954.3,24.3,Low
Arunachal Pradesh,26.62099,92.606251,113.9,0.35,30.0,1320.3,26.8,Low
Assam,24.750241,91.827812,290.1,0.5,51.3,2100.0,14.5,High
Tripura,23.569519,91.661101,90.1,0.249,18.9,340.7,25.3,Low
Sikkim,27.572105,88.243607,250.4,0.53,31.7,1219.0,26.3,Moderate
Tripura,22.946673,91.786632,59.7,0.275,43.8,313.7,25.4,Low
Arunachal Pradesh,27.687234,93.142697,68.5,0.173,7.9,263.6,26.8,Low
Meghalaya,26.040329,92.04023,61.1,0.314,13.3,683.7,27.4,Low
Manipur,25.429755,93.890969,117.2,0.233,39.0,996.2,25.3,Low
Tripura,23.10949,91.905088,130.2,0.39,22.0,1382.1,22.1,Moderate
Arunachal Pradesh,27.118221,93.926763,53.1,0.358,40.7,1657.6,20.1,Moderate
Nagaland,25.323501,94.950617,108.5,0.232,48.9,2220.6,17.1,Low
Meghalaya,25.151129,92.509293,142.3,0.352,25.1,1243.8,24.8,Moderate
Arunachal Pradesh,29.092692,94.055205,84.5,0.297,36.7,2056.0,21.4,Moderate
Arunachal Pradesh,28.733105,94.906948,51.4,0.128,30.7,1168.2,21.5,Low
Manipur,25.325844,93.777249,117.8,0.24,8.8,50.0,30.6,Low
Sikkim,27.94297,88.416211,231.7,0.536,43.8,2183.1,14.6,Moderate
Tripura,24.405545,91.632284,85.4,0.4,20.7,1460.3,24.2,Moderate
Nagaland,26.078977,94.870144,163.5,0.367,30.3,1581.3,20.2,Moderate
Mizoram,24.036102,92.920836,157.4,0.442,10.4,500.6,29.3,Low
Tripura,23.187677,91.608086,155.3,0.159,8.4,50.0,30.7,Low
Mizoram,24.416989,93.178882,125.6,0.347,22.6,1723.3,26.6,Moderate
Arunachal Pradesh,28.933488,91.68054,109.0,0.234,6.5,731.7,27.6,Low
Assam,25.96501,93.773713,37.2,0.128,19.1,986.4,23.2,Low
Nagaland,26.777062,93.398547,100.0,0.304,31.1,820.9,20.8,Moderate
Meghalaya,26.022927,91.445203,221.2,0.451,30.7,1210.2,25.7,Moderate
Assam,24.828719,91.698708,10.7,0.396,26.4,1916.2,20.5,Low
Assam,25.184104,93.044412,126.4,0.196,27.5,362.3,28.8,Low
Tripura,22.982697,91.206097,224.4,0.637,48.3,1545.5,20.3,Moderate
Nagaland,26.744117,93.565208,163.5,0.276,4.5,319.8,26.0,Low
Sikkim,27.280076,88.408034,132.3,0.465,50.2,2937.2,11.3,High
Arunachal Pradesh,28.051363,95.699858,135.8,0.284,46.6,1497.4,18.8,Moderate
Arunachal Pradesh,27.841997,95.844255,207.7,0.364,4.1,149.4,30.5,Moderate
Arunachal Pradesh,28.355039,92.122049,110.3,0.317,14.0,75.5,29.7,Low
Arunachal Pradesh,26.968994,93.903685,71.2,0.097,29.3,1444.2,22.4,Low
Tripura,23.535023,91.966608,115.0,0.359,40.0,655.8,24.6,Moderate
Mizoram,23.409917,92.704573,29.6,0.05,2.0,59.2,28.1,Low
Arunachal Pradesh,27.012281,92.747604,44.3,0.236,42.0,1392.3,24.1,Moderate
Mizoram,23.396303,92.75047,153.5,0.332,32.6,2119.7,19.7,Moderate
Mizoram,23.238812,92.421881,138.0,0.242,22.8,1244.1,22.7,Low
Sikkim,27.795488,88.767285,48.9,0.166,44.6,1147.3,20.2,Low
Arunachal Pradesh,27.273819,94.203328,77.3,0.419,37.8,1345.3,23.1,Moderate
Manipur,25.653502,93.599835,199.8,0.526,15.4,912.9,21.4,Moderate
Meghalaya,25.714056,90.070587,12.3,0.28,19.0,663.0,26.8,Low
Assam,26.545263,90.26468,91.8,0.301,23.1,1423.9,21.0,Low
Mizoram,24.394012,93.130361,139.6,0.077,51.1,1498.5,22.4,Moderate
Nagaland,26.697504,94.708209,210.4,0.4,43.8,1412.4,21.6,Moderate
Nagaland,26.320485,94.199826,132.2,0.263,41.2,1159.2,27.6,Moderate
Meghalaya,26.030048,92.670507,93.1,0.288,36.3,1416.5,24.3,Low
Nagaland,26.148169,95.16307,131.4,0.33,44.5,2386.4,13.7,Moderate
Manipur,24.908333,93.969092,122.0,0.408,52.4,2552.4,19.5,Moderate
Nagaland,26.063517,93.718576,179.3,0.37,54.8,1966.2,16.1,Moderate
Assam,24.015623,91.221489,18.0,0.184,47.8,1681.8,20.1,Low
Assam,26.140837,92.093748,105.1,0.375,26.2,952.4,24.3,Low
Mizoram,23.066062,93.474843,170.1,0.216,20.4,983.7,24.6,Low
Arunachal Pradesh,27.550817,93.987006,88.2,0.209,36.4,2099.0,12.9,Low
Sikkim,27.160219,88.043162,155.9,0.35,31.9,1630.7,26.9,Moderate
Manipur,25.273278,94.02723,94.3,0.172,18.2,390.1,28.3,Low
Mizoram,23.877832,92.394822,77.4,0.311,29.6,1829.1,17.8,Low
Manipur,24.886475,93.456556,317.6,0.633,9.1,156.9,33.3,Moderate
Arunachal Pradesh,27.184185,91.563393,40.8,0.309,10.0,703.2,24.1,Low
Tripura,23.108545,91.402049,256.4,0.288,37.2,1762.1,18.4,Moderate
Nagaland,25.42207,95.271717,33.6,0.356,34.0,1748.9,21.1,Moderate
Nagaland,25.786402,93.560648,119.7,0.242,44.5,1886.7,19.6,Moderate
Sikkim,27.238899,88.528933,183.9,0.438,17.8,50.0,27.2,Moderate
Arunachal Pradesh,26.692131,96.243388,104.3,0.238,14.2,157.9,29.2,Low
Mizoram,24.399899,92.520772,94.2,0.308,45.5,2798.3,16.9,Moderate
Sikkim,27.540114,88.019921,212.5,0.534,43.6,1345.1,20.1,Moderate
Arunachal Pradesh,28.422131,93.776593,207.6,0.384,37.8,1405.5,21.3,Moderate
Meghalaya,25.32407,90.420511,52.6,0.328,47.9,2550.5,16.3,Moderate
Assam,26.746897,92.322167,73.7,0.199,42.6,2053.9,20.7,Moderate
Sikkim,27.215591,88.620198,121.0,0.151,2.0,149.6,29.1,Low
Sikkim,27.678087,88.772805,101.7,0.405,22.6,669.8,27.6,Low
Mizoram,22.205437,93.221367,129.0,0.434,33.2,1584.5,19.4,Moderate
Manipur,25.079682,93.20702,50.6,0.14,32.5,2298.1,15.8,Moderate
Meghalaya,25.833785,91.124642,305.4,0.529,26.8,868.5,25.4,Moderate
Mizoram,24.35696,92.384095,48.0,0.137,35.1,894.6,25.8,Low
Arunachal Pradesh,28.4285,93.60089,151.6,0.306,26.3,1965.5,20.0,Low
Arunachal Pradesh,29.370444,93.314862,184.5,0.483,37.5,1549.9,16.4,Moderate
Arunachal Pradesh,29.386558,96.458172,176.0,0.423,39.9,1247.7,22.4,Moderate
Tripura,23.332613,92.044604,107.0,0.292,34.2,1597.9,18.5,Moderate
Arunachal Pradesh,29.486813,92.889647,34.7,0.204,7.9,973.8,24.3,Low
Manipur,24.629877,93.936325,42.5,0.118,62.3,1921.8,19.4,Moderate
Meghalaya,25.353917,89.845795,294.5,0.399,20.2,1478.2,18.3,Moderate
Nagaland,25.618246,93.863874,108.6,0.357,29.7,597.9,22.6,Low
Assam,25.863119,90.777946,320.6,0.737,8.7,251.1,27.8,Moderate
Manipur,25.459183,94.26884,119.5,0.262,19.7,1275.6,23.5,Low
Manipur,23.961881,94.170166,153.8,0.297,16.6,50.0,34.0,Low
Tripura,23.94585,92.243088,64.1,0.263,15.1,636.7,27.0,Low
Nagaland,25.20574,93.795865,254.5,0.453,26.4,1424.3,17.8,Moderate
Nagaland,26.962804,95.164268,3.0,0.085,36.6,1746.5,20.6,Low
Assam,27.026463,94.524309,102.7,0.236,36.0,2134.6,17.4,Moderate
Assam,24.384228,92.937418,70.7,0.319,50.5,2026.4,20.2,Moderate
Nagaland,25.640008,93.662436,26.8,0.254,54.6,2313.0,16.9,Moderate
Arunachal Pradesh,28.93091,92.24271,32.9,0.168,24.3,1146.6,21.0,Low
Manipur,24.690438,94.689441,110.6,0.296,26.8,1073.6,19.9,Low
Mizoram,22.383163,93.471391,68.9,0.216,37.0,2011.7,20.3,Low
Assam,28.17601,93.200388,91.1,0.463,20.0,1079.7,22.1,Moderate
Tripura,23.172228,91.410936,145.1,0.263,16.6,129.3,29.1,Low
Tripura,23.579189,91.402121,174.0,0.379,22.4,782.3,24.6,Moderate
Assam,25.178669,95.825047,48.9,0.198,57.4,2372.8,16.3,Moderate
Nagaland,25.491393,94.766656,111.0,0.301,34.1,1101.6,23.6,Moderate
Meghalaya,25.000492,91.588548,50.9,0.095,34.1,1422.6,19.7,Low
Mizoram,24.281452,92.574314,77.0,0.302,23.9,1629.7,18.4,Low
Mizoram,22.382368,93.047184,124.5,0.297,26.2,1332.0,22.8,Moderate
Assam,26.992926,94.034592,79.9,0.237,75.0,2064.1,16.1,Moderate
Arunachal Pradesh,27.457951,92.887113,171.0,0.253,33.6,1408.7,21.0,Low
Meghalaya,26.147103,92.569899,104.2,0.347,36.9,1077.9,24.7,Moderate
Mizoram,23.089023,93.300052,35.2,0.194,28.0,807.1,28.6,Low
Assam,25.899759,92.373651,56.4,0.118,10.5,50.0,28.9,Low
Tripura,23.150821,91.554328,132.9,0.159,36.0,1661.9,24.8,Moderate
Mizoram,23.297284,92.229256,164.0,0.253,2.0,50.0,35.0,Low
Sikkim,27.532936,88.703221,77.1,0.05,54.4,1789.3,18.9,Low
Meghalaya,25.816055,91.705471,62.5,0.05,20.6,50.0,28.8,Low
Meghalaya,26.091467,89.854096,25.8,0.342,28.4,1352.9,20.5,Low
Sikkim,27.668457,88.708614,146.4,0.231,13.9,242.0,27.6,Low
Manipur,24.828537,93.583012,54.3,0.156,21.5,624.7,25.9,Low
Tripura,23.118001,92.153832,19.3,0.139,19.3,1137.0,19.6,Low
Sikkim,27.564915,88.790304,5.9,0.251,49.0,1479.4,21.2,Low
Nagaland,26.313119,94.648384,56.8,0.099,24.0,50.0,26.5,Low
Nagaland,26.728096,94.618311,20.8,0.153,42.7,1478.2,22.8,Low
Assam,25.67183,92.93589,148.1,0.148,23.6,696.5,27.2,Low
Meghalaya,25.963655,90.920951,178.1,0.429,19.6,1947.3,14.7,Moderate
Manipur,24.537431,93.172242,22.5,0.186,63.9,2212.2,16.7,Low
Manipur,25.53771,93.163865,154.9,0.197,2.0,691.6,25.5,Low
Mizoram,23.585344,92.737153,191.1,0.331,43.5,1898.5,16.7,Moderate
Mizoram,22.95461,93.083417,115.4,0.289,37.1,2549.3,19.1,Moderate
Sikkim,27.080512,88.534335,113.8,0.295,14.1,1032.5,22.1,Low
Manipur,25.26686,94.490783,17.3,0.129,39.1,2191.4,12.0,Low
Sikkim,27.204636,88.807677,146.3,0.268,30.3,1378.0,21.3,Moderate
Tripura,23.949834,92.146411,71.9,0.096,29.7,1355.8,21.6,Low
Sikkim,27.582337,88.48783,185.4,0.332,55.3,2321.6,16.1,Moderate
Mizoram,24.2895,93.369882,196.2,0.328,38.5,1439.9,21.7,Moderate
Meghalaya,25.537793,90.623238,103.6,0.186,34.5,1868.8,20.1,Moderate
Sikkim,27.471805,88.348988,76.3,0.08,33.2,821.0,27.0,Low
Arunachal Pradesh,27.360601,92.977188,60.5,0.325,29.6,1183.1,23.3,Low
Meghalaya,26.033276,90.009586,169.4,0.238,16.4,1318.8,21.3,Moderate
Manipur,25.087461,93.311076,98.5,0.405,31.1,1596.9,20.8,Moderate
Manipur,24.454561,93.110777,57.1,0.061,66.6,3048.8,14.5,Moderate
Sikkim,27.323968,88.691579,65.2,0.222,51.0,1497.3,21.7,Low
Meghalaya,26.062018,90.464581,65.5,0.416,10.5,50.0,30.0,Low
Mizoram,23.105224,92.811421,115.2,0.307,9.3,147.8,28.5,Low
Mizoram,24.171296,93.191639,46.3,0.16,33.6,1142.9,25.4,Low
Nagaland,26.174847,94.641494,28.5,0.337,21.3,1457.1,20.5,Low
Manipur,25.409975,93.01717,111.6,0.374,36.9,1360.8,20.1,Moderate
Assam,25.692138,95.415632,30.2,0.08,5.5,98.1,30.9,Low
Nagaland,26.606595,94.385683,332.7,0.648,24.2,1738.0,20.9,Moderate
Mizoram,23.277076,92.652101,130.2,0.354,16.4,550.7,27.6,Low
Meghalaya,25.624625,91.76615,81.8,0.18,30.4,1748.2,22.3,Low
Tripura,23.569381,91.928399,45.2,0.272,58.9,1698.3,17.9,Moderate
Mizoram,24.139204,92.40109,149.4,0.309,31.1,1816.5,22.4,Moderate
Meghalaya,25.541856,91.02406,198.7,0.427,48.0,1747.1,18.5,Moderate
Nagaland,26.506183,93.799735,200.8,0.54,25.1,1084.8,25.0,Moderate
Manipur,25.016477,94.579481,46.3,0.262,2.8,50.0,30.2,Low
Mizoram,22.987142,93.38432,80.1,0.226,67.5,2074.2,19.7,Moderate
Sikkim,28.191796,88.095483,77.3,0.14,3.3,50.0,31.4,Low
Meghalaya,25.279664,92.651139,126.5,0.316,33.6,1753.6,17.5,Moderate
Manipur,25.620823,93.175873,156.2,0.149,16.1,1089.5,21.8,Low
Tripura,22.923998,91.20943,79.2,0.261,38.8,1760.4,16.6,Low
Tripura,24.49362,91.234,61.1,0.126,49.7,2311.1,16.8,Low
Assam,26.1107,95.045032,109.3,0.192,14.1,525.1,29.4,Low
Meghalaya,25.024482,91.613467,42.8,0.188,63.9,3057.1,14.7,Moderate
Nagaland,25.726348,95.02467,73.7,0.326,41.5,1812.9,22.1,Moderate
Assam,25.190537,94.026561,244.8,0.499,10.6,510.0,27.7,Moderate
Assam,26.831722,91.095409,63.7,0.148,46.2,2203.7,16.3,Low
Arunachal Pradesh,26.604398,93.750873,83.1,0.187,31.3,1113.8,21.8,Low
Mizoram,22.651902,93.251671,30.1,0.338,2.0,164.5,28.1,Low
Meghalaya,25.960437,91.171072,152.1,0.396,23.0,1058.9,24.4,Moderate
Assam,26.547351,93.506835,126.5,0.326,32.7,1649.0,24.7,Moderate
Arunachal Pradesh,28.981474,93.837513,118.4,0.094,41.6,918.7,23.3,Low
Nagaland,25.723349,93.83007,206.5,0.389,8.7,1197.5,24.5,Moderate
Manipur,24.818765,93.808467,282.3,0.572,56.3,2216.6,15.2,High
Sikkim,27.528145,88.082024,53.0,0.219,33.8,1195.1,24.7,Low
Sikkim,27.862324,88.192363,20.6,0.234,32.9,1403.6,18.8,Moderate
Meghalaya,25.236344,91.038275,95.1,0.334,45.2,2001.1,21.2,Moderate
Assam,24.956669,93.378307,137.7,0.263,34.1,1484.0,21.2,Low
Sikkim,27.445756,88.404021,111.3,0.322,41.4,1760.1,16.0,Moderate
Mizoram,23.29664,92.464596,105.3,0.185,45.1,1666.6,19.6,Moderate
Sikkim,27.186902,88.79238,247.8,0.517,35.6,619.9,27.1,Moderate
Sikkim,27.520468,88.370884,94.6,0.336,3.5,50.0,24.4,Low
Sikkim,27.042735,88.448179,169.4,0.386,12.8,509.9,25.7,Low
Tripura,23.786672,91.726493,335.8,0.684,7.0,353.5,28.8,Moderate
Arunachal Pradesh,28.621094,92.47615,280.6,0.615,19.1,1592.3,18.3,Moderate
Assam,25.059337,94.807602,146.7,0.294,32.2,1195.3,24.2,Moderate
Mizoram,24.362644,92.376713,63.8,0.283,45.4,1259.3,21.6,Low
Assam,26.090128,91.04931,109.2,0.367,28.1,662.2,24.7,Moderate
Tripura,22.996117,91.423154,46.1,0.163,41.7,1019.8,26.8,Moderate
Meghalaya,25.172425,91.929799,9.5,0.138,49.9,1953.8,17.1,Moderate
Meghalaya,25.64047,90.231503,155.0,0.265,33.4,1821.8,20.8,Moderate
Meghalaya,25.01109,92.224471,192.5,0.468,27.4,903.2,23.0,Moderate
Nagaland,25.534769,94.512433,26.8,0.24,17.0,278.9,26.7,Low
Sikkim,27.404306,88.526937,122.6,0.373,36.0,1249.2,20.7,Moderate
Nagaland,25.799742,93.473879,105.3,0.254,49.4,1579.0,22.8,Moderate
Arunachal Pradesh,27.16885,92.534322,96.7,0.181,2.0,227.8,28.9,Low
Meghalaya,25.513623,91.774851,27.7,0.242,23.8,738.8,23.7,Low
Tripura,23.32209,91.015691,150.6,0.322,29.1,1310.3,21.4,Low
Mizoram,23.249237,92.987487,156.0,0.334,31.7,1535.2,23.5,Moderate
Assam,28.044056,93.413666,48.5,0.158,22.2,1545.5,16.7,Moderate
Sikkim,27.565407,88.516061,73.4,0.144,53.4,3066.0,12.1,Moderate
Manipur,25.563011,94.491081,63.5,0.071,10.2,664.1,30.5,Low
Mizoram,22.739745,92.508431,61.0,0.05,31.1,2267.0,17.0,Low
Sikkim,27.31516,88.453979,224.1,0.448,51.3,2583.4,16.3,Moderate
Nagaland,26.613694,94.306438,11.3,0.28,30.9,1248.6,22.9,Low
Nagaland,25.328813,94.747161,185.1,0.482,9.8,50.0,30.9,Low
Mizoram,23.995522,92.576347,176.4,0.394,27.8,1001.2,25.9,Moderate
Nagaland,26.461839,94.153184,81.7,0.367,25.6,68.8,25.9,Moderate
Meghalaya,26.066943,92.335677,73.6,0.05,34.1,1755.3,17.7,Low
Arunachal Pradesh,28.076296,95.303281,74.8,0.158,13.1,452.3,28.7,Low
Assam,27.710069,92.823017,73.2,0.222,28.1,1329.0,22.8,Low
Arunachal Pradesh,27.439752,95.645164,217.2,0.302,28.4,1034.0,22.7,Low
Sikkim,27.26408,88.349678,30.2,0.098,34.2,2161.4,22.4,Low
Assam,27.636054,94.263861,41.9,0.116,23.7,1299.4,21.3,Low
Tripura,23.546098,91.279168,120.4,0.257,2.0,335.9,28.2,Low
Assam,25.495067,91.489856,354.8,0.618,36.1,1291.4,18.7,High
Arunachal Pradesh,27.028268,95.588331,53.7,0.175,11.9,1203.3,20.5,Low
Mizoram,22.555382,92.790418,92.2,0.174,31.2,1063.7,20.7,Low
Assam,25.62061,95.887087,85.5,0.191,31.7,879.8,24.8,Moderate
Tripura,23.525748,91.103977,181.1,0.346,28.4,517.2,28.0,Low
Tripura,23.043721,91.76798,95.2,0.293,55.6,2211.7,12.6,Moderate
Tripura,23.858982,91.544387,69.6,0.071,39.3,2393.4,16.2,Moderate
Arunachal Pradesh,27.795531,91.796629,29.9,0.087,39.3,1665.4,15.1,Low
Assam,26.169495,92.879859,172.2,0.497,53.3,2091.9,18.6,Moderate
Manipur,24.084144,93.186911,219.1,0.361,11.1,674.1,28.0,Low
Mizoram,22.221288,92.331337,313.7,0.399,52.1,3018.0,10.2,High
Meghalaya,25.73165,90.389448,78.5,0.114,22.9,1293.0,25.1,Low
Assam,25.056007,90.793505,165.1,0.442,30.7,1236.4,20.8,Moderate
Tripura,24.432536,92.111003,89.9,0.292,2.0,567.6,26.4,Low
Manipur,24.23794,93.589619,179.7,0.303,18.5,558.6,26.3,Moderate
Meghalaya,25.251871,91.275628,93.3,0.371,24.9,501.8,25.2,Low
Meghalaya,25.023533,91.814104,99.7,0.282,46.6,1534.7,19.0,Low
Sikkim,27.62779,88.808775,131.4,0.198,41.5,2782.0,16.6,Moderate
Assam,24.690449,94.765888,26.9,0.217,62.4,2604.9,11.3,Moderate
Arunachal Pradesh,28.875883,92.199497,57.5,0.22,39.1,1581.7,16.7,Low
Assam,25.673949,90.771962,370.1,0.727,69.1,2446.8,17.9,Critical
Manipur,24.283969,93.473843,165.2,0.372,22.4,1538.2,14.5,Moderate
Meghalaya,25.667484,91.034233,77.3,0.25,14.7,704.9,26.7,Low
Assam,27.980478,90.496132,58.5,0.16,3.2,50.0,29.6,Low
Arunachal Pradesh,29.421076,92.768513,31.6,0.344,43.7,1568.1,17.2,Low
Sikkim,27.927449,88.305073,62.6,0.269,32.9,1175.9,25.5,Low
Assam,24.600942,95.104702,105.3,0.266,13.6,421.5,28.1,Low
Mizoram,22.703038,93.056512,235.3,0.629,34.3,902.9,26.3,Moderate
Sikkim,27.679732,88.424581,153.2,0.44,17.2,163.2,33.0,Moderate
Arunachal Pradesh,27.987458,95.527309,89.0,0.544,25.5,483.1,24.1,Low
Manipur,23.966769,94.202725,55.7,0.201,33.9,1031.5,25.9,Low
Meghalaya,26.074975,89.973365,21.4,0.118,2.0,50.0,28.3,Low
Assam,24.590744,94.214781,97.7,0.287,16.5,1451.1,14.9,Low
Arunachal Pradesh,27.811845,93.719517,53.5,0.05,27.8,1990.7,23.3,Low
Sikkim,27.16436,88.456093,41.2,0.05,16.1,1021.2,21.4,Low
Mizoram,22.229018,92.819607,101.2,0.328,35.8,888.4,25.1,Low
Arunachal Pradesh,28.790846,92.920454,156.9,0.281,19.6,708.3,26.6,Moderate
Nagaland,26.113494,95.284032,36.4,0.228,49.8,2517.7,15.7,Low
Tripura,23.998641,92.093764,38.3,0.063,28.5,1349.7,27.4,Low
Mizoram,22.978604,93.198219,65.0,0.057,65.3,1881.6,17.6,Moderate
Sikkim,27.048611,88.11062,100.8,0.106,18.7,540.1,25.5,Low
Manipur,24.185834,93.723513,94.4,0.143,29.1,1207.5,28.4,Low
Meghalaya,26.014894,90.838798,127.8,0.344,16.4,508.2,33.1,Low
Sikkim,27.785545,88.638383,109.3,0.415,47.5,2251.8,14.9,Moderate
Tripura,23.837892,91.464415,146.3,0.393,34.2,1541.8,18.4,Moderate
Manipur,24.896401,93.616078,65.8,0.287,46.3,2070.9,15.2,Low
Assam,24.35227,95.954665,171.7,0.529,43.1,1666.9,19.6,Moderate
Arunachal Pradesh,26.881547,91.897916,56.9,0.278,31.9,305.6,31.7,Low
Nagaland,26.869208,93.903669,148.3,0.256,25.9,830.6,24.5,Low
Mizoram,23.590772,92.627707,123.2,0.518,29.2,2160.3,16.3,Moderate
Mizoram,22.917781,92.540747,68.2,0.209,29.1,1496.2,21.1,Low
Arunachal Pradesh,27.529132,93.758852,147.0,0.215,29.1,672.1,26.3,Low
Nagaland,26.568791,94.323072,54.0,0.366,23.1,1629.3,21.1,Moderate
Arunachal Pradesh,29.330696,91.730342,206.4,0.527,27.8,1041.5,30.3,Moderate
Assam,26.112887,93.380616,43.3,0.05,13.8,347.8,28.4,Low
Tripura,24.372315,91.063906,77.0,0.186,36.1,1967.5,15.6,Low
Manipur,24.889649,94.536534,67.3,0.08,39.9,1531.6,15.7,Low
Sikkim,27.290313,88.788663,347.9,0.75,32.0,1535.1,24.7,High
Mizoram,21.949513,93.152191,89.5,0.256,37.0,2142.7,16.6,Moderate
Assam,27.919076,93.840345,261.1,0.509,47.5,2137.4,15.8,High
Manipur,24.634156,93.080786,142.4,0.091,21.9,1483.3,22.4,Low
Assam,27.864478,92.662866,248.1,0.55,37.7,691.2,21.8,Moderate
Nagaland,25.255094,94.679642,102.1,0.313,54.6,2035.0,17.0,Moderate
Mizoram,23.152777,92.361649,24.1,0.05,19.4,572.5,29.2,Low
Sikkim,27.257126,88.058042,60.7,0.174,8.2,603.4,25.5,Low
Arunachal Pradesh,28.222881,94.921162,79.4,0.265,8.2,50.0,23.6,Low
Arunachal Pradesh,28.017227,95.994062,105.8,0.278,19.8,674.9,27.3,Low
Manipur,25.435917,94.108124,48.6,0.05,22.5,1064.3,27.2,Low
Sikkim,27.015308,88.625707,59.6,0.128,28.4,1138.9,20.4,Low
Tripura,23.568799,91.735225,36.3,0.18,35.0,1731.2,18.9,Low
Meghalaya,25.778897,90.85071,61.1,0.331,63.2,2544.4,12.5,Moderate
Nagaland,26.942487,93.56795,141.0,0.279,15.4,1139.5,24.2,Moderate
Manipur,25.075872,93.007847,247.3,0.313,59.6,1995.5,20.0,High
Meghalaya,26.109581,90.137512,263.8,0.472,28.2,1453.4,21.6,Moderate
Assam,24.398514,91.797948,75.7,0.155,23.5,1849.6,19.2,Moderate
Nagaland,25.909776,93.7286,151.8,0.281,57.9,2629.2,15.6,Moderate
Assam,26.457511,92.490359,314.9,0.505,41.6,1894.5,24.4,Moderate
Tripura,22.954681,91.415548,137.0,0.177,20.9,1397.0,19.5,Low
Sikkim,27.972519,88.620731,95.9,0.236,7.9,808.0,26.2,Low
Mizoram,23.784664,93.107552,246.1,0.435,26.2,1456.7,20.5,Moderate
Nagaland,25.790849,93.499328,149.1,0.288,50.6,2431.7,17.8,Moderate
Meghalaya,25.326961,92.295356,14.3,0.161,47.4,2358.3,18.1,Low
Tripura,24.468753,91.642001,166.7,0.362,21.5,50.0,31.3,Moderate
Mizoram,21.925221,92.382058,131.1,0.5,56.3,1884.8,17.9,Moderate
Arunachal Pradesh,27.466242,94.682219,23.8,0.122,38.5,1684.0,14.8,Low
Meghalaya,25.090112,92.630072,89.2,0.17,6.6,795.5,21.2,Low
Manipur,24.493659,94.642652,94.4,0.197,24.9,1358.6,22.3,Moderate
Arunachal Pradesh,28.841565,95.654905,33.7,0.197,34.9,1936.9,22.8,Low
Tripura,23.870751,91.814819,172.6,0.261,46.6,1549.4,18.9,Moderate
Arunachal Pradesh,28.41401,94.957968,56.2,0.28,33.0,2124.9,14.8,Moderate
Manipur,24.852084,94.775545,291.4,0.411,40.4,1681.1,22.3,Moderate
Nagaland,26.591352,94.853893,207.8,0.391,32.7,1794.5,14.9,Moderate
Arunachal Pradesh,29.117388,92.686019,86.6,0.077,42.7,1195.2,26.6,Low
Sikkim,27.100565,88.434605,171.7,0.178,30.8,1434.2,22.0,Moderate
Meghalaya,25.616897,92.287545,86.9,0.278,41.8,1731.6,18.5,Low
Mizoram,23.053837,92.942109,22.6,0.05,56.5,1822.9,22.8,Moderate
Arunachal Pradesh,28.081213,91.710115,90.6,0.398,31.0,906.7,26.6,Low
Meghalaya,25.738258,92.28413,217.1,0.334,40.2,1348.1,19.2,Moderate
Assam,24.661502,93.44429,66.9,0.22,39.9,1648.0,21.8,Low
Meghalaya,25.712333,90.292555,91.2,0.287,44.1,1590.4,16.1,Moderate
Mizoram,22.221005,93.474068,78.3,0.439,6.9,313.4,27.6,Low
Meghalaya,25.472463,90.482265,181.5,0.486,2.0,869.6,21.8,Low
Manipur,24.125517,94.201683,178.9,0.297,32.0,1735.4,19.5,Moderate
Tripura,23.875112,91.836618,68.6,0.127,51.6,2302.5,12.8,Low
Mizoram,22.128816,93.361595,113.5,0.317,47.9,2431.7,13.1,Moderate
Tripura,23.522826,91.40738,207.1,0.373,41.2,2290.5,18.3,Moderate
Nagaland,26.078487,94.080132,98.2,0.257,2.0,50.0,28.7,Low
Tripura,24.281723,92.208039,41.4,0.306,55.9,2566.2,18.7,Moderate
Assam,25.274504,95.142796,182.2,0.353,27.3,1096.5,27.7,Moderate
Manipur,25.284894,94.675454,47.5,0.316,33.9,1770.1,18.8,Moderate
Nagaland,25.666926,94.453918,260.1,0.72,61.7,3119.2,13.9,Critical
Meghalaya,25.329454,92.272283,14.8,0.149,44.1,2459.0,13.8,Low
Mizoram,21.913843,92.934265,160.7,0.366,46.5,1708.5,20.4,Moderate
Assam,25.424654,91.732907,163.1,0.328,13.1,768.6,24.3,Low
Manipur,25.025322,94.532672,165.7,0.463,52.8,2035.3,16.4,Moderate
Nagaland,26.357471,95.006346,32.0,0.243,30.9,1343.9,17.9,Low
Nagaland,25.702735,94.339004,54.6,0.222,36.0,1427.0,25.4,Moderate
Assam,25.892253,89.773363,19.8,0.05,18.6,1250.7,23.5,Low
Sikkim,27.668175,88.595372,58.2,0.169,31.4,1784.5,19.0,Low
Meghalaya,25.710297,92.00884,134.4,0.461,37.0,1185.9,26.0,Moderate
Assam,26.399626,90.120527,11.8,0.215,42.2,1567.5,18.8,Low
Nagaland,25.421246,94.492949,210.5,0.401,26.3,1165.3,24.5,Moderate
Arunachal Pradesh,27.324938,91.938048,50.0,0.212,37.4,2409.5,13.9,Low
Manipur,24.616245,93.997781,253.6,0.362,58.6,2326.4,14.4,Moderate
Assam,25.380733,94.238732,40.3,0.083,48.3,1946.7,17.6,Low
Sikkim,27.772525,88.299537,86.1,0.131,22.6,1088.9,22.5,Low
Nagaland,26.634258,94.59739,74.6,0.3,32.3,1070.5,25.5,Low
Meghalaya,25.764934,91.460283,146.7,0.372,42.4,1833.3,14.5,Moderate
Tripura,22.918223,91.905459,113.7,0.412,2.0,738.1,23.5,Low
Nagaland,25.914479,95.185219,130.5,0.314,55.3,2318.2,18.7,Moderate
Meghalaya,25.981582,91.563083,109.0,0.48,28.2,538.9,24.8,Moderate
Assam,25.059164,90.98342,117.3,0.315,18.7,689.7,25.3,Moderate
Meghalaya,25.408462,91.229704,149.6,0.355,8.2,236.9,25.7,Low
Mizoram,22.66977,92.869408,63.6,0.135,2.0,92.4,27.3,Low
Mizoram,22.329963,93.471027,173.3,0.325,26.4,2085.2,17.2,Moderate
Mizoram,22.180604,93.411527,31.4,0.23,18.5,1706.5,19.6,Low
Sikkim,28.096294,88.472824,166.9,0.402,7.0,846.4,27.1,Low
Sikkim,27.869892,88.392443,135.1,0.203,7.5,50.0,32.0,Low
Arunachal Pradesh,28.390104,93.373168,72.5,0.116,36.7,1255.9,19.8,Low
Sikkim,27.361391,88.520407,273.0,0.569,38.6,1681.3,20.9,Moderate
Tripura,23.697007,91.753397,80.3,0.237,41.8,1547.3,18.5,Moderate
Assam,25.203974,92.011834,161.9,0.189,46.5,2009.7,18.3,Moderate
Nagaland,25.359406,93.404553,6.2,0.137,34.3,1847.0,20.5,Low
Nagaland,25.681569,93.448494,310.7,0.735,25.3,1243.1,23.1,Moderate
Arunachal Pradesh,26.811324,95.971106,202.3,0.361,57.7,2986.8,12.9,High
Sikkim,27.046648,88.593049,184.7,0.726,28.5,1440.1,22.5,Moderate
Tripura,23.336092,92.133009,92.6,0.312,16.9,1170.5,17.5,Low
Meghalaya,25.581991,90.716729,110.6,0.215,45.6,1956.9,12.0,Moderate
Arunachal Pradesh,28.052917,93.600769,72.7,0.328,40.1,1955.6,15.3,Low
Tripura,23.802882,91.148893,280.2,0.452,18.9,1030.8,27.6,Moderate
Meghalaya,26.196389,91.076668,236.9,0.433,31.5,1474.5,21.2,Moderate
Tripura,23.457169,91.923273,98.4,0.18,45.0,2136.9,17.0,Low
Meghalaya,25.436679,92.299823,237.9,0.399,20.4,651.9,25.1,Moderate
Manipur,24.663114,94.295205,108.7,0.311,30.1,1346.2,22.2,Moderate
Tripura,23.071925,92.099955,167.4,0.343,42.1,1642.6,14.4,Moderate
Nagaland,26.597864,93.723434,54.7,0.28,36.7,990.9,22.1,Moderate
Mizoram,22.277744,92.61118,105.5,0.089,17.2,370.0,29.5,Low
Sikkim,28.171285,88.231148,296.0,0.593,27.2,1441.0,20.4,Moderate
Meghalaya,25.547353,89.890061,126.1,0.351,33.1,1569.1,19.8,Moderate
Manipur,24.554732,94.028376,84.5,0.21,53.8,2713.6,15.7,Moderate
Tripura,24.424999,91.671757,53.1,0.15,28.7,1080.3,23.0,Low
Nagaland,26.756304,94.394255,183.1,0.345,28.8,518.8,24.5,Low
Mizoram,22.006041,92.609511,83.4,0.348,23.3,1003.3,21.8,Low
Meghalaya,25.690659,92.651782,142.7,0.311,31.5,1104.9,21.9,Moderate
Tripura,24.274609,91.296862,94.7,0.227,36.4,1603.5,18.9,Low
Tripura,23.252176,91.261525,202.3,0.37,35.2,1189.3,17.9,Moderate
Meghalaya,26.106999,92.357998,34.2,0.145,27.7,835.4,24.9,Low
Arunachal Pradesh,28.82465,93.660043,103.3,0.318,43.0,1778.8,18.1,Moderate
Arunachal Pradesh,28.013142,94.053825,123.9,0.166,32.3,1611.9,23.4,Low
Nagaland,25.681456,94.310056,143.1,0.217,35.9,1183.2,30.8,Moderate
Mizoram,21.979291,92.371353,149.3,0.471,37.1,1653.7,20.4,Moderate
Meghalaya,26.063908,92.055039,28.9,0.189,23.5,1468.3,24.9,Low
Nagaland,26.00345,94.334301,198.9,0.493,16.3,524.6,31.3,Low
Nagaland,25.902998,94.78156,176.8,0.224,31.4,1617.8,21.4,Moderate
Assam,27.293586,94.508697,108.0,0.342,28.8,1001.8,26.3,Low
Tripura,24.056179,91.265856,326.1,0.824,28.2,1125.2,22.8,High
Sikkim,27.405564,88.422861,165.7,0.282,66.8,2208.3,16.1,Moderate
Tripura,23.429269,91.981422,116.5,0.348,38.6,2118.2,14.6,Moderate
Arunachal Pradesh,27.488061,92.260276,178.5,0.398,48.3,2082.8,15.1,Moderate
Mizoram,22.937505,93.473889,62.1,0.366,23.8,628.6,27.9,Low
Tripura,23.26141,91.795806,86.9,0.248,51.1,2088.5,13.6,Moderate
Meghalaya,25.519568,90.013074,127.0,0.409,18.2,1034.2,26.0,Moderate
Nagaland,26.126966,94.704329,66.3,0.094,40.2,696.7,26.8,Low
Meghalaya,25.615864,92.416318,77.3,0.091,43.8,1468.2,20.8,Moderate
Assam,25.213535,90.24337,144.0,0.367,13.8,521.8,29.0,Low
Mizoram,24.335071,92.691655,296.2,0.571,31.5,1091.8,20.6,High
Nagaland,26.295171,94.884006,57.7,0.199,33.8,584.0,25.4,Low
Meghalaya,25.389176,91.948494,26.6,0.065,40.2,1907.0,18.4,Low
Arunachal Pradesh,26.906257,93.102116,243.3,0.303,14.3,472.4,26.9,Moderate
Sikkim,27.173653,88.730108,87.3,0.21,59.7,2272.1,18.0,Moderate
Assam,24.935127,94.219642,58.1,0.1,26.6,1088.0,25.8,Low
Mizoram,24.352576,92.886104,10.9,0.144,5.1,246.5,27.6,Low
Assam,26.268123,92.604511,58.1,0.353,8.6,420.4,26.0,Low
Arunachal Pradesh,27.47767,94.116103,110.6,0.265,22.9,1163.8,26.8,Low
Mizoram,23.4673,93.481789,121.6,0.397,18.7,684.2,25.8,Low
Assam,27.938611,95.131564,187.0,0.47,12.8,769.3,27.0,Moderate
Manipur,25.489348,93.842129,40.1,0.119,27.1,788.5,23.1,Low
Arunachal Pradesh,28.472333,96.422867,220.6,0.335,49.1,2296.0,16.1,Moderate
Arunachal Pradesh,27.678852,96.789694,184.8,0.257,23.0,1269.2,20.5,Moderate
Arunachal Pradesh,27.747358,94.805955,24.4,0.172,20.5,1590.3,16.6,Low
Manipur,25.148629,94.711066,92.2,0.174,56.0,2080.1,19.6,Moderate
Manipur,24.264771,94.343036,56.7,0.071,36.3,1552.2,22.5,Low
Meghalaya,25.624979,90.605671,428.1,0.788,22.9,1143.1,28.0,Critical
Nagaland,26.675553,94.404445,72.6,0.351,51.6,2815.1,8.7,Moderate
Sikkim,27.793169,88.290611,219.1,0.481,35.8,2010.7,15.8,Moderate
Assam,26.021351,93.589332,120.4,0.23,31.7,938.6,26.5,Low
Meghalaya,25.485893,90.395118,442.9,0.77,51.4,2488.4,14.1,Critical
Assam,28.03889,92.922246,127.0,0.276,71.4,3049.2,13.0,Moderate
Sikkim,27.880704,88.369942,106.9,0.312,32.9,1358.7,22.3,Moderate
Nagaland,25.87475,94.114329,128.0,0.33,55.5,2839.7,15.3,Moderate
Manipur,24.577474,93.979524,44.9,0.333,5.4,50.0,31.6,Low
Nagaland,26.232593,94.294308,47.8,0.067,24.9,706.5,25.3,Low
Manipur,24.056093,93.892936,93.5,0.311,17.5,1282.4,17.2,Low
Sikkim,27.202925,88.113522,170.0,0.282,2.0,50.0,28.2,Low
Nagaland,26.972027,94.5099,174.7,0.411,13.4,334.2,27.0,Moderate
Meghalaya,25.791388,91.005381,221.9,0.463,12.4,85.4,31.4,Moderate
Mizoram,24.26335,93.02931,173.1,0.415,26.4,1291.1,20.9,Moderate
Meghalaya,25.923004,90.905687,139.1,0.382,35.4,1209.3,22.5,Moderate
Assam,28.03205,94.868906,106.2,0.117,37.1,2001.6,16.1,Moderate
Meghalaya,26.024738,90.316583,45.3,0.23,26.6,1083.3,23.0,Low
Sikkim,27.325156,88.257064,152.4,0.338,46.5,2046.8,16.2,Moderate
Arunachal Pradesh,27.312728,96.204745,36.5,0.264,10.4,392.8,28.5,Low
Assam,24.133916,90.17943,142.0,0.287,25.5,185.0,27.4,Moderate
Nagaland,25.720438,93.699746,126.4,0.319,56.5,1697.0,17.1,Moderate
Assam,24.97381,94.727042,29.3,0.341,41.1,1456.3,22.9,Low
Mizoram,23.364129,92.207502,55.8,0.186,30.8,1274.4,22.9,Low
Manipur,24.615713,93.734193,66.2,0.225,6.2,50.0,32.5,Low
Nagaland,25.416496,94.652284,161.2,0.159,12.4,609.3,25.6,Low
Tripura,24.023356,91.937161,42.4,0.143,30.5,1315.9,22.5,Low
Assam,27.059578,89.700333,148.5,0.391,18.2,50.0,32.1,Low
Nagaland,27.01245,94.928418,70.4,0.247,21.6,776.3,23.1,Low
Nagaland,26.917565,93.331287,274.6,0.382,23.2,1334.3,25.3,Moderate
Nagaland,26.974332,94.919577,200.2,0.486,60.9,2234.6,14.2,Moderate
Manipur,25.390716,93.167917,33.7,0.314,17.5,791.5,24.4,Low
Tripura,24.082045,92.247892,15.7,0.207,56.8,2744.3,14.5,Low
Sikkim,27.814257,88.513505,163.4,0.472,29.6,1908.0,24.1,Moderate
Meghalaya,26.134756,91.128811,119.8,0.322,18.4,1505.2,21.6,Low
Nagaland,26.338658,94.252677,368.8,0.585,28.6,1525.9,15.2,Moderate
Arunachal Pradesh,29.298539,91.918466,299.1,0.604,38.5,2129.7,11.2,High
Sikkim,27.601344,88.618257,74.4,0.128,32.3,1662.6,23.2,Low
Mizoram,23.958957,92.957924,117.9,0.273,51.7,2276.7,12.6,Moderate
Manipur,25.526944,94.695585,100.2,0.234,33.9,513.1,24.5,Low
Assam,24.270141,92.234934,80.3,0.278,35.0,1550.7,19.3,Low
Manipur,23.844572,93.59295,67.6,0.224,49.7,2591.4,16.4,Moderate
Assam,26.254847,95.438008,164.6,0.355,2.0,286.0,28.6,Low
Manipur,25.408453,93.2295,177.7,0.581,54.0,2265.2,16.2,Moderate
Assam,24.390728,93.412384,100.9,0.336,2.8,262.7,28.4,Low
Nagaland,26.211024,93.832755,206.0,0.317,46.4,2376.8,17.2,Moderate
Meghalaya,26.079344,92.582099,2.3,0.291,30.7,1137.5,21.6,Low
Assam,25.690968,95.308906,96.7,0.353,2.0,492.1,26.7,Low
Tripura,23.514318,91.957862,117.9,0.308,31.2,1281.9,21.4,Moderate
Assam,25.998957,90.472274,90.5,0.234,48.1,2057.4,20.0,Moderate
Arunachal Pradesh,29.283803,93.997531,101.2,0.465,32.3,692.4,24.5,Moderate
Assam,27.084846,92.013195,113.6,0.127,59.4,2467.7,13.7,Moderate
Arunachal Pradesh,26.556643,92.052917,140.5,0.387,35.1,1096.1,26.1,Low
Mizoram,23.190171,93.096954,34.2,0.253,23.4,1411.0,22.8,Low
Nagaland,25.835997,94.690977,16.3,0.05,13.8,135.2,26.1,Low
Arunachal Pradesh,28.595907,95.371647,88.5,0.05,40.8,1547.2,19.4,Moderate
Meghalaya,25.591026,92.544658,41.2,0.05,46.3,2264.7,15.6,Low
Sikkim,27.587036,88.405239,114.3,0.311,13.9,758.1,28.5,Low
Nagaland,25.578824,93.91531,67.8,0.129,43.2,1623.2,22.9,Moderate
Arunachal Pradesh,26.627003,94.984444,312.6,0.535,32.4,1475.7,20.7,Moderate
Nagaland,25.672218,93.908311,75.8,0.261,52.0,1884.0,14.8,Moderate
Tripura,24.133303,91.425388,201.5,0.414,30.2,1213.9,23.5,Moderate
Nagaland,25.660172,93.638115,145.5,0.316,43.7,1989.0,19.4,Moderate
Nagaland,26.672231,93.559413,44.9,0.191,25.2,2048.8,17.0,Low
Mizoram,23.07976,92.859009,114.1,0.145,2.0,50.0,29.2,Low
Meghalaya,25.824868,91.69985,88.0,0.338,29.0,2001.6,17.0,Moderate
Manipur,25.340369,93.080553,55.7,0.099,32.7,1370.3,23.3,Low
Manipur,24.363237,93.504241,185.9,0.601,35.1,768.9,22.7,Moderate
Arunachal Pradesh,26.938051,93.09048,128.2,0.243,41.3,1645.5,21.7,Moderate
Nagaland,25.788554,94.343769,118.6,0.215,24.1,868.3,26.7,Low
Arunachal Pradesh,28.491113,93.596053,98.7,0.221,54.4,1649.8,22.6,Moderate
Mizoram,23.770623,92.637015,175.6,0.317,46.1,1629.7,18.7,Moderate
Mizoram,22.654738,92.903544,226.6,0.421,10.3,1185.4,22.3,Moderate
Assam,24.099609,90.202671,278.7,0.483,11.9,884.0,24.5,Moderate
Tripura,23.568751,92.225787,55.4,0.206,35.1,1073.3,28.8,Moderate
Mizoram,23.775931,92.314565,112.2,0.367,52.7,1756.1,23.7,Moderate
Assam,27.554536,94.313495,275.1,0.606,15.5,1105.2,25.3,Moderate
Meghalaya,25.733136,92.260879,125.8,0.37,30.5,873.3,25.4,Low
Arunachal Pradesh,27.71233,92.718256,66.6,0.219,22.0,1102.0,26.9,Low
Sikkim,27.614428,88.493958,48.8,0.317,35.4,1575.8,23.2,Low
Meghalaya,25.645992,91.495221,37.1,0.127,50.4,1594.3,17.7,Low
Mizoram,24.366633,93.372919,31.1,0.188,49.3,2242.6,16.8,Low
Meghalaya,26.05086,92.20425,273.7,0.546,20.3,1176.5,19.2,Moderate
Meghalaya,26.132114,90.095484,115.9,0.395,23.6,1109.5,23.2,Low
Tripura,23.324197,91.643573,99.9,0.16,29.5,948.4,22.0,Low
Tripura,24.254455,91.656715,60.5,0.1,32.5,1408.6,21.9,Low
Tripura,24.096856,91.180648,64.9,0.05,19.0,941.1,23.0,Low
Meghalaya,25.302897,91.995328,177.1,0.294,33.4,1103.0,21.3,Moderate
Mizoram,22.328308,92.656763,119.3,0.377,29.4,227.7,27.4,Low
Sikkim,27.31784,88.314876,287.5,0.697,34.3,1511.8,23.7,High
Nagaland,26.545816,94.035694,95.5,0.315,47.0,1456.7,19.9,Low
Meghalaya,25.666316,90.099796,74.2,0.197,11.8,1377.3,17.7,Low
Assam,27.381074,92.030298,35.5,0.371,11.7,790.5,23.2,Low
Mizoram,23.586189,93.143006,86.0,0.257,2.0,172.7,27.3,Low
Meghalaya,25.251593,92.454025,24.3,0.178,31.9,1502.8,20.3,Low
Sikkim,27.739469,88.385853,9.7,0.13,32.2,890.1,27.3,Low
Nagaland,25.546437,95.184602,207.1,0.445,75.0,3034.2,10.1,High
Tripura,24.108109,91.270432,129.0,0.371,18.0,1169.7,22.2,Moderate
Mizoram,22.778048,93.252577,137.0,0.373,15.6,468.1,26.2,Low
Manipur,25.121788,94.378412,74.5,0.173,30.4,746.2,27.6,Low
Nagaland,26.038282,94.732953,186.0,0.406,4.1,50.0,28.3,Moderate
Assam,25.623274,91.030956,65.4,0.433,22.7,719.1,26.1,Low
Meghalaya,25.759212,92.728042,128.6,0.253,19.1,288.6,29.9,Low
Sikkim,27.372721,88.414873,144.3,0.124,24.3,1206.7,23.2,Moderate
Manipur,25.080603,93.974711,181.8,0.306,31.5,1541.1,19.9,Moderate
Sikkim,28.012113,88.685568,287.0,0.631,39.5,1596.1,20.3,Moderate
Manipur,23.910765,94.797158,73.7,0.258,8.5,439.3,31.9,Low
Mizoram,23.856246,93.323074,243.4,0.517,36.6,2110.0,18.1,Moderate
Manipur,25.037276,94.541313,162.5,0.245,28.8,1502.4,21.5,Moderate
Assam,24.472008,91.890748,52.9,0.189,31.2,1103.9,22.2,Low
Assam,27.680968,90.970428,14.4,0.089,28.9,718.6,26.9,Low
Arunachal Pradesh,26.734726,95.834654,62.2,0.306,32.5,1519.6,20.8,Moderate
Assam,27.509042,90.724709,44.3,0.334,27.3,1336.7,18.6,Moderate
Nagaland,26.823257,94.673536,125.2,0.435,49.5,2357.5,20.2,Moderate
Manipur,24.788157,94.49445,108.4,0.133,17.0,50.0,29.6,Low
Assam,25.760847,90.922162,110.6,0.273,19.5,1051.1,20.7,Low
Mizoram,22.640617,92.856713,80.0,0.32,40.4,1725.1,24.7,Moderate
Sikkim,27.637597,88.725023,61.1,0.276,13.5,838.4,25.6,Low
Tripura,24.166164,91.755777,20.5,0.219,32.2,1144.1,19.0,Moderate
Sikkim,27.936943,88.172596,17.6,0.132,33.0,1157.9,25.8,Low
Arunachal Pradesh,26.650194,96.304986,130.4,0.29,51.5,2263.4,20.4,Moderate
Sikkim,27.090665,88.22202,55.9,0.247,57.9,1820.4,18.5,Moderate
Manipur,25.121106,93.737006,188.3,0.312,40.7,1620.8,19.9,Moderate
Arunachal Pradesh,29.128942,93.138889,68.0,0.091,49.9,2315.1,19.5,Moderate
Manipur,23.822556,93.54118,51.5,0.05,40.7,1557.0,21.5,Low
Mizoram,23.402995,92.68872,134.0,0.289,23.9,332.3,24.2,Low
Arunachal Pradesh,28.104618,96.32129,39.0,0.111,22.1,1162.2,25.0,Low
Meghalaya,26.094982,90.597922,222.1,0.387,49.5,1032.8,22.2,Moderate
Nagaland,26.078067,94.398288,61.0,0.22,38.4,1087.8,24.8,Low
Nagaland,27.003314,95.297235,274.9,0.521,64.0,2607.8,14.4,High
Manipur,24.247274,94.308564,181.6,0.226,34.3,1013.6,23.4,Moderate
Sikkim,27.453637,88.007297,117.0,0.138,47.0,2024.4,25.4,Moderate
Tripura,22.914804,91.598736,89.1,0.05,27.2,1515.4,18.8,Low
Tripura,23.681336,91.029341,120.5,0.28,30.7,1205.8,18.3,Low
Meghalaya,25.824313,90.68201,274.9,0.564,6.3,129.2,26.6,Moderate
Arunachal Pradesh,28.179679,93.155055,98.1,0.28,19.6,692.1,28.7,Low
Meghalaya,25.200561,91.021521,103.7,0.351,14.0,629.8,24.5,Low
Meghalaya,25.278728,91.404403,35.5,0.05,29.5,988.7,30.4,Low
Sikkim,27.238594,88.457565,151.0,0.481,39.6,2039.2,15.6,Moderate
Tripura,23.151806,91.872267,85.6,0.176,38.8,1408.7,21.7,Low
Arunachal Pradesh,28.761813,92.107168,24.9,0.05,30.9,2004.7,14.4,Low
Mizoram,23.116286,92.292133,65.3,0.257,2.0,398.6,24.2,Low
Sikkim,27.717819,88.237964,118.0,0.275,20.6,179.1,28.4,Low
Meghalaya,25.633149,91.352383,23.8,0.167,36.0,1072.7,25.4,Low
Meghalaya,26.109225,91.44725,58.0,0.289,18.4,205.2,24.1,Low
Mizoram,23.415796,92.722149,83.7,0.156,26.8,896.7,19.5,Low
Meghalaya,26.138896,92.131558,124.9,0.418,70.8,2410.4,20.3,Moderate
Meghalaya,25.342486,92.332629,68.4,0.242,24.0,495.0,24.9,Low
Meghalaya,25.518876,92.286001,17.2,0.14,30.2,2128.2,14.1,Low
Nagaland,26.763487,93.67774,285.5,0.555,38.7,2089.8,15.4,High
Sikkim,27.841369,88.261579,53.2,0.447,15.5,366.5,24.4,Low
Assam,25.249469,91.566993,105.6,0.29,47.5,1522.4,22.5,Moderate
Sikkim,27.870682,88.206843,41.5,0.224,20.3,590.7,28.5,Low
Mizoram,21.902355,93.129808,59.5,0.224,29.2,1552.2,23.7,Low
Meghalaya,25.205422,90.113447,37.3,0.277,34.0,1589.9,21.8,Low
Sikkim,27.285019,88.34191,77.6,0.218,44.0,2200.9,21.2,Low
Nagaland,26.104222,93.38914,30.6,0.101,28.4,1155.3,22.0,Low
Tripura,24.452917,91.930882,180.7,0.522,29.6,482.1,27.8,Moderate
Mizoram,22.740305,92.614306,290.4,0.5,21.3,760.4,26.5,Moderate
Manipur,24.652231,94.127241,111.1,0.309,17.6,930.5,25.7,Low
Sikkim,27.175648,88.170037,122.1,0.294,7.5,697.3,30.1,Low
Manipur,25.432926,93.461259,137.5,0.245,25.5,924.0,21.4,Moderate
Meghalaya,25.456234,92.413816,76.6,0.139,34.5,1044.2,30.6,Low
Nagaland,26.459981,93.983424,192.5,0.238,5.0,566.5,24.8,Low
Nagaland,26.499029,93.339366,9.5,0.05,26.2,664.1,22.0,Low
Sikkim,27.882771,88.438314,201.0,0.373,51.4,1380.9,23.4,Moderate
Mizoram,24.014274,93.441029,164.0,0.482,11.9,1222.2,27.5,Moderate
Mizoram,24.30705,93.382045,103.9,0.187,43.7,2266.0,17.6,Moderate
Nagaland,26.173123,94.020284,36.7,0.292,73.6,2887.6,5.2,Moderate
Mizoram,23.109092,93.096865,329.7,0.565,32.3,637.8,26.9,Moderate
Nagaland,26.879596,93.713973,88.7,0.244,22.8,1253.2,25.5,Low
Sikkim,28.101832,88.733662,47.8,0.121,45.7,2028.1,17.1,Low
Assam,28.111195,95.245586,168.1,0.196,49.4,1891.5,15.9,Moderate
Nagaland,25.731881,93.511912,469.2,0.786,45.2,1414.5,22.1,Critical
Manipur,24.013258,93.524202,236.5,0.516,19.5,1045.5,25.4,Moderate
Mizoram,23.496878,93.245616,26.1,0.05,17.8,1031.6,22.6,Low
Nagaland,26.908576,94.547507,104.4,0.325,20.0,1418.3,22.2,Low
Nagaland,25.210699,93.672634,81.7,0.172,29.0,1366.1,20.4,Low
Sikkim,27.119671,88.326992,180.3,0.425,30.5,882.2,26.4,Moderate
Mizoram,23.203513,92.256416,235.1,0.213,46.5,1378.2,21.9,Moderate
Assam,25.463607,90.828832,86.8,0.231,42.1,2019.5,17.1,Low
Sikkim,27.776484,88.417845,121.0,0.229,26.0,983.6,17.9,Moderate
Assam,26.080334,92.394458,136.5,0.229,22.7,1732.5,24.8,Low
Tripura,24.429632,91.279156,39.3,0.07,25.1,590.7,23.9,Low
Sikkim,27.619997,88.662416,38.5,0.304,35.0,1555.9,20.6,Low
Mizoram,23.347795,93.407727,278.1,0.497,23.7,520.6,27.1,Moderate
Arunachal Pradesh,27.633905,94.050217,142.5,0.269,39.9,1230.6,21.1,Moderate
Mizoram,22.130158,92.991699,55.0,0.079,31.5,1453.7,19.8,Low
Mizoram,22.649351,92.408402,241.3,0.397,25.3,2201.3,12.5,Moderate
Assam,26.287031,93.053555,153.2,0.165,23.7,736.7,21.9,Low
Assam,24.318661,94.098757,300.8,0.469,2.0,491.2,24.7,Low
Mizoram,23.521808,92.445722,69.0,0.226,42.6,2420.0,14.1,Moderate
Mizoram,23.120531,93.13642,24.1,0.259,21.8,923.1,23.1,Low
Mizoram,23.276533,92.714136,312.0,0.634,13.9,1225.9,24.9,Moderate
Assam,25.353822,93.545481,197.2,0.453,26.0,1772.3,20.1,Moderate
Mizoram,24.341683,93.073268,67.1,0.296,31.1,981.7,22.1,Low
Mizoram,22.094339,92.79889,89.3,0.219,29.9,50.0,22.1,Low
Tripura,24.325319,91.122801,114.2,0.233,19.0,274.4,34.8,Low
Meghalaya,26.186651,92.647208,51.6,0.268,48.1,2190.7,13.8,Moderate
Arunachal Pradesh,26.734823,96.633773,41.0,0.139,47.0,1960.1,14.0,Low
Manipur,24.489952,94.520477,55.9,0.05,40.6,1840.4,20.6,Low
Arunachal Pradesh,27.75515,93.924703,80.7,0.327,54.4,2682.9,15.0,Moderate
Meghalaya,25.761092,92.123432,121.0,0.336,61.4,2635.4,15.7,Moderate
Manipur,23.864199,94.067681,19.9,0.104,50.4,868.5,24.3,Low
Sikkim,27.22408,88.311355,87.8,0.176,53.4,2119.7,12.3,Moderate
Mizoram,22.804719,92.809778,81.1,0.375,25.2,1603.6,21.8,Low
Meghalaya,25.400964,90.122083,81.5,0.251,25.5,962.1,25.2,Low
Tripura,23.133006,91.043469,110.9,0.272,51.2,1572.9,21.4,Moderate
Sikkim,27.564299,88.859003,47.6,0.232,38.3,877.3,24.4,Low
Mizoram,22.200756,93.430144,135.7,0.298,33.8,1526.9,17.6,Low
Assam,27.080118,93.716242,202.1,0.461,8.6,508.3,25.7,Moderate
Nagaland,26.426028,94.953455,30.0,0.22,38.8,2163.7,18.0,Moderate
Meghalaya,25.128304,91.314263,80.6,0.104,15.6,542.5,23.8,Low
Assam,26.927783,93.396969,131.3,0.44,27.1,302.0,29.5,Moderate
Meghalaya,25.999335,90.016815,89.3,0.215,68.4,2858.2,14.3,Moderate
Tripura,24.005122,91.694236,152.9,0.212,2.0,407.0,25.9,Low
Meghalaya,25.454993,90.820825,81.1,0.261,36.6,2098.6,22.8,Moderate
Assam,26.607497,95.313271,91.7,0.122,43.6,2428.9,17.0,Moderate
Tripura,23.693881,92.07214,79.6,0.275,26.9,1352.9,21.3,Low
Manipur,24.564097,93.18431,103.8,0.286,35.7,2013.2,19.6,Moderate
Arunachal Pradesh,26.684517,91.782339,211.0,0.287,21.4,1398.5,19.8,Moderate
Mizoram,22.88839,92.638409,55.1,0.171,63.4,1918.5,16.1,Moderate
Meghalaya,25.861524,92.028465,94.1,0.285,51.4,2340.3,12.9,Moderate
Mizoram,22.03222,92.48746,163.3,0.387,29.9,1866.8,17.0,Moderate
Nagaland,25.721098,94.395224,72.7,0.255,32.7,1299.7,26.2,Low
Assam,24.606964,90.54383,243.6,0.489,21.2,1380.2,22.7,Moderate
Mizoram,24.353851,93.245464,222.6,0.446,13.8,836.2,21.7,Moderate
Assam,24.758751,92.261377,80.4,0.287,18.8,1155.5,17.9,Moderate
Mizoram,22.824617,93.228305,31.4,0.243,27.3,568.5,26.7,Low
Arunachal Pradesh,28.030639,92.203174,87.4,0.218,41.0,701.5,25.0,Moderate
Arunachal Pradesh,28.716976,93.682884,185.7,0.36,61.5,2643.7,12.0,Moderate
Tripura,23.320679,91.488148,109.5,0.397,54.3,1386.2,22.1,Moderate
Arunachal Pradesh,27.99327,93.387135,95.0,0.122,8.6,638.6,28.4,Low
Tripura,23.287049,91.518053,220.9,0.31,32.5,1098.0,23.7,Moderate
Arunachal Pradesh,26.557519,95.748738,53.0,0.262,21.8,1764.7,16.5,Low
Arunachal Pradesh,27.012835,91.741475,105.3,0.38,2.5,232.1,28.9,Low
Arunachal Pradesh,28.461096,95.756649,70.2,0.249,42.7,1394.1,25.7,Low
Assam,27.418082,92.809108,280.7,0.545,59.2,2534.2,16.2,High
Meghalaya,25.246442,92.011683,86.1,0.394,16.2,846.4,23.2,Low
Tripura,24.019541,91.320152,40.3,0.133,56.0,1855.4,15.2,Moderate
Mizoram,24.24886,92.335683,219.0,0.503,41.5,1288.3,22.1,Moderate
Arunachal Pradesh,29.448065,96.231363,23.3,0.205,15.4,834.2,21.5,Low
Assam,26.889174,95.614124,153.9,0.372,12.2,597.9,24.6,Moderate
Assam,27.033707,90.899879,195.6,0.359,21.3,1420.8,21.0,Moderate
Assam,25.857056,90.150469,313.8,0.512,30.6,1414.6,21.7,Moderate
Tripura,23.523452,91.964084,124.3,0.289,50.6,2498.2,13.9,Moderate
Meghalaya,25.463732,90.790883,64.7,0.309,35.5,1751.4,19.9,Low
Tripura,23.852569,92.133866,59.7,0.124,21.3,1001.1,28.1,Low
Mizoram,22.023716,92.701112,347.1,0.661,50.1,1390.3,21.4,High
Meghalaya,25.189889,91.886063,92.9,0.386,26.7,959.3,25.7,Low
Manipur,24.000877,94.196654,107.3,0.293,15.1,892.8,31.5,Low
Sikkim,27.343417,88.179025,89.9,0.23,20.5,895.5,22.2,Low
Assam,27.932681,89.816705,225.6,0.396,32.8,928.9,26.3,Moderate
Tripura,23.600444,91.028115,98.9,0.334,6.5,660.3,27.3,Low
Manipur,24.718827,93.901885,76.3,0.317,38.3,1332.1,19.1,Moderate
Nagaland,25.811159,93.564324,129.4,0.445,18.1,808.1,26.9,Moderate
Tripura,23.50222,91.873942,190.5,0.395,24.8,716.9,28.4,Low
Arunachal Pradesh,28.847187,94.419128,34.3,0.111,32.7,1509.6,16.7,Low
Sikkim,27.707801,88.180555,70.4,0.246,36.6,1692.4,22.3,Low
Arunachal Pradesh,27.361991,92.390426,144.0,0.42,12.2,369.6,28.2,Low
Meghalaya,25.299154,90.47466,35.7,0.165,71.2,3416.4,9.7,Moderate
Sikkim,27.623339,88.50642,17.3,0.054,18.9,443.9,29.3,Low
Tripura,24.411916,91.254242,95.7,0.08,39.4,1676.8,23.3,Low
Mizoram,23.568357,93.262437,170.3,0.492,21.0,1275.4,20.6,Moderate
Manipur,24.864459,93.459007,9.3,0.05,53.5,2180.0,18.4,Low
Mizoram,22.582631,92.251029,200.3,0.567,37.7,1838.6,21.6,Moderate
Tripura,23.388711,91.967985,77.2,0.274,17.5,681.0,22.8,Low
Meghalaya,25.057021,90.457886,253.8,0.439,58.2,3050.0,12.4,Moderate
Arunachal Pradesh,28.618697,95.804584,113.2,0.477,15.9,851.0,27.3,Moderate
Sikkim,27.546382,88.628267,153.9,0.05,25.8,1231.3,22.4,Low
Mizoram,22.908676,92.407887,146.5,0.419,61.9,1924.2,17.0,Moderate
Tripura,23.537039,91.753958,161.3,0.365,36.6,1789.0,19.1,Moderate
Mizoram,24.364939,92.289376,12.2,0.05,2.0,839.2,26.4,Low
Tripura,23.711831,91.427596,225.5,0.587,45.8,2417.9,14.5,Moderate
Arunachal Pradesh,28.024935,91.631865,221.4,0.558,25.0,1772.3,16.1,Moderate
Sikkim,27.37563,88.737881,219.8,0.402,24.1,528.7,26.6,Low
Manipur,24.852489,93.811048,49.5,0.231,7.3,471.8,30.3,Low
Arunachal Pradesh,27.356575,93.139234,82.1,0.291,17.5,1578.0,17.3,Low
Mizoram,22.896064,93.286242,135.8,0.342,42.6,1698.2,21.9,Moderate
Manipur,25.637705,93.78958,76.0,0.145,30.4,524.0,24.9,Low
Tripura,23.529365,92.100516,43.8,0.15,25.1,1656.5,19.5,Low
Manipur,24.61112,93.993633,78.7,0.283,37.2,1605.7,22.1,Moderate
Tripura,23.269507,91.966553,66.7,0.338,42.3,1049.7,24.2,Low
Arunachal Pradesh,28.095965,95.94969,52.7,0.284,9.3,402.9,27.3,Low
Mizoram,23.929905,92.479506,248.3,0.483,42.5,1023.5,24.3,Moderate
Meghalaya,25.858763,92.200163,42.5,0.15,33.4,2111.5,13.2,Low
Mizoram,22.799879,92.424392,85.2,0.05,25.5,477.7,25.0,Low
Tripura,22.904211,91.586175,216.2,0.591,30.9,818.5,27.5,Moderate
Assam,25.480217,93.195932,93.4,0.195,36.5,2273.3,9.7,Low
Sikkim,27.225649,88.773699,29.7,0.229,40.2,1465.4,23.3,Low
Nagaland,25.689735,93.752859,129.9,0.315,17.9,212.9,29.1,Low
Meghalaya,25.576857,91.296553,265.1,0.416,29.0,1851.7,13.9,Moderate
Manipur,24.208662,93.489349,146.6,0.355,29.3,1180.4,24.4,Moderate
Meghalaya,25.203646,91.955381,94.9,0.284,11.0,1127.2,25.2,Low
Sikkim,27.924107,88.416096,67.5,0.21,40.8,1498.0,19.7,Low
Manipur,25.156765,94.324684,139.3,0.309,18.1,1145.7,22.5,Low
Sikkim,27.165931,88.86956,62.3,0.337,4.7,50.0,27.9,Low
Manipur,25.359961,93.36807,216.7,0.488,61.2,2080.4,17.7,Moderate
Meghalaya,25.223398,90.176983,67.5,0.261,49.1,1587.4,21.9,Moderate
Manipur,24.062919,94.346691,107.5,0.131,31.7,1914.0,17.7,Moderate
Manipur,24.692343,94.409282,127.9,0.245,23.8,668.9,23.2,Low
Assam,27.134271,93.50906,43.7,0.05,25.6,594.5,29.4,Low
Mizoram,23.684553,92.223862,45.4,0.259,69.1,2539.6,17.8,Moderate
Mizoram,22.710622,93.029169,189.2,0.355,21.6,650.0,23.2,Moderate
Nagaland,25.217755,93.365954,123.9,0.27,33.1,1293.2,24.6,Moderate
Nagaland,26.818587,94.66805,145.5,0.239,59.4,2563.4,12.6,Moderate
Tripura,23.324592,91.894352,54.5,0.194,48.9,1733.8,21.8,Moderate
Tripura,24.167931,91.398833,130.3,0.289,40.5,2652.9,10.7,Moderate
Tripura,22.95766,92.212613,166.1,0.303,18.8,770.0,25.0,Low
Assam,25.449755,90.370835,255.1,0.37,27.1,595.8,26.4,Moderate
Nagaland,26.134528,94.836936,395.2,0.746,54.9,1467.9,21.7,High
Sikkim,27.265977,88.242541,205.3,0.462,45.5,2152.0,16.7,Moderate
Tripura,23.288344,92.289175,146.8,0.276,24.9,1538.2,22.0,Moderate
Tripura,23.215846,91.748176,242.5,0.79,17.7,1779.8,18.7,Moderate
Meghalaya,26.110318,90.24069,71.9,0.405,43.3,927.1,24.8,Low
Arunachal Pradesh,29.412563,96.711125,277.1,0.605,13.6,1202.3,24.8,Moderate
Sikkim,28.061486,88.193101,99.9,0.169,22.5,966.6,23.5,Low
Tripura,23.914488,91.989159,111.5,0.175,42.0,1524.4,24.0,Moderate
Tripura,24.477645,91.234551,53.9,0.167,28.4,936.5,25.3,Low
Tripura,24.125641,91.440442,114.0,0.204,54.3,1983.7,17.6,Low
Arunachal Pradesh,27.026879,93.817573,226.3,0.5,32.6,2034.9,13.4,Moderate
Arunachal Pradesh,28.881508,94.056674,166.1,0.292,62.9,2076.9,24.9,Moderate
Assam,26.257597,95.969504,72.7,0.221,36.8,1434.1,21.1,Low
Sikkim,27.478931,88.553861,119.6,0.272,23.7,1478.8,21.9,Moderate
Assam,25.534026,92.17455,92.0,0.273,2.0,925.1,24.6,Low
Manipur,25.121717,94.688197,147.8,0.446,17.6,849.6,24.9,Low
Arunachal Pradesh,28.127077,95.7262,268.9,0.702,32.4,908.5,24.1,High
Meghalaya,25.107048,90.433474,152.4,0.24,40.6,2120.8,11.0,Moderate
Nagaland,26.15405,93.340023,55.1,0.278,32.6,1770.8,17.8,Low
Meghalaya,25.303426,91.352204,92.4,0.31,12.1,50.0,27.2,Low
Nagaland,25.228426,93.829093,158.1,0.356,13.7,519.3,26.0,Low
Arunachal Pradesh,28.042092,94.652321,140.3,0.221,38.0,2550.9,15.4,Low
Arunachal Pradesh,29.277255,95.049401,125.4,0.473,24.4,626.1,28.6,Moderate
Arunachal Pradesh,27.744207,96.616931,158.8,0.487,29.6,1368.1,22.1,Moderate
Assam,27.296509,90.960056,104.1,0.05,2.0,1357.1,18.7,Low
Sikkim,27.157011,88.60823,90.3,0.254,52.5,2445.9,16.8,Moderate
Nagaland,26.263778,94.879347,257.0,0.553,58.9,2038.6,20.3,High
Sikkim,27.886566,88.56269,173.0,0.247,47.5,1807.7,18.7,Moderate
Assam,28.142805,93.061615,2.2,0.279,41.2,1730.2,19.7,Low
Assam,24.475044,94.918123,114.2,0.415,12.6,263.8,29.6,Low
Mizoram,22.554819,93.210493,102.9,0.252,53.7,1787.5,21.8,Moderate
Meghalaya,26.148529,91.890387,204.5,0.388,45.2,1627.2,19.1,Moderate
Meghalaya,25.715236,91.181159,230.4,0.493,17.9,818.8,25.3,Moderate
Manipur,24.492379,93.635409,34.4,0.233,34.0,1551.0,12.0,Low
Tripura,23.918196,91.976655,155.9,0.45,52.5,1512.2,18.0,Moderate
Assam,26.849772,90.949984,104.8,0.354,40.2,2071.2,13.5,Moderate
Nagaland,26.138576,94.88328,21.6,0.05,22.7,523.4,27.1,Low
Mizoram,23.136831,92.89761,169.9,0.548,22.1,715.5,29.1,Moderate
Mizoram,23.904954,93.059645,226.1,0.444,36.0,1900.0,16.6,Moderate
Tripura,23.554952,92.164037,117.1,0.393,30.7,1876.6,18.5,Moderate
Sikkim,27.19508,88.895965,16.4,0.24,62.1,2536.0,12.8,Moderate
Tripura,23.090164,91.019435,288.2,0.472,9.2,77.7,31.7,Moderate
Tripura,24.32403,91.31844,111.2,0.442,61.3,2268.6,12.1,Moderate
Tripura,24.067519,92.05432,177.5,0.3,14.1,446.2,28.8,Low
Meghalaya,26.030784,92.774783,74.0,0.229,35.5,1129.1,19.7,Low
Assam,25.234967,94.174533,91.3,0.182,14.6,484.6,31.4,Low
Manipur,24.01926,93.732257,61.5,0.172,50.3,1564.3,25.0,Low
Assam,27.561481,92.016246,99.9,0.288,2.0,954.1,23.4,Low
Sikkim,27.709314,88.453396,143.3,0.489,33.6,1557.2,13.1,High
Arunachal Pradesh,28.437855,96.850919,85.4,0.282,10.6,343.6,26.2,Low
Tripura,22.989177,91.74615,149.4,0.403,67.7,2036.6,19.1,Moderate
Assam,27.624721,92.732711,219.5,0.402,16.9,186.8,26.9,Moderate
Sikkim,27.094233,88.504485,70.7,0.123,20.2,624.6,26.7,Low
Arunachal Pradesh,27.496222,92.35218,106.9,0.478,48.7,1214.1,22.3,Moderate
Arunachal Pradesh,29.047104,94.368797,38.8,0.05,39.4,1087.2,17.5,Low
Tripura,24.393242,92.047821,88.2,0.381,39.8,1224.8,26.3,Moderate
Manipur,25.116646,93.009046,80.0,0.252,32.3,1071.0,22.9,Moderate
Nagaland,26.012865,93.694973,66.2,0.17,38.6,1034.7,21.6,Moderate
Meghalaya,26.092957,90.323752,23.2,0.158,20.4,993.3,20.4,Low
Assam,25.201452,92.956072,201.6,0.47,24.0,1463.9,23.7,Moderate
Arunachal Pradesh,27.290091,92.654256,17.0,0.099,52.6,2011.5,19.6,Low
Assam,26.516217,90.260256,160.6,0.245,43.1,2142.2,18.6,Moderate
Nagaland,25.310519,94.044491,86.9,0.25,34.7,1773.6,18.5,Moderate
Meghalaya,25.864797,91.46442,83.1,0.221,18.6,1074.4,23.2,Low
Nagaland,26.003465,94.431503,133.0,0.375,20.5,363.7,31.9,Low
Meghalaya,25.438542,92.608439,163.1,0.295,11.2,1641.4,23.7,Low
Mizoram,22.042753,93.075409,104.4,0.351,29.2,1195.3,20.6,Moderate
Meghalaya,26.069539,92.211654,56.8,0.149,53.0,1766.3,17.7,Moderate
Tripura,23.194466,91.384704,199.4,0.508,59.4,1873.4,16.7,High
Manipur,25.162391,93.151687,99.2,0.224,20.9,1392.8,20.1,Moderate
Nagaland,26.742537,94.737814,157.0,0.374,53.9,2076.3,16.7,Moderate
Arunachal Pradesh,28.68882,92.051328,141.6,0.282,41.7,1161.2,25.2,Moderate
Tripura,24.048417,91.883764,129.2,0.121,32.5,1813.7,22.7,Moderate
Mizoram,24.060398,92.254075,105.5,0.284,49.3,1603.9,20.8,Low
Manipur,23.84391,93.671413,236.9,0.396,29.7,1435.3,21.8,Moderate
Assam,24.624911,93.217822,345.3,0.618,14.1,212.8,28.4,Moderate
Tripura,24.367758,91.508924,100.5,0.066,5.3,50.0,30.3,Low
Nagaland,26.805406,93.300482,115.2,0.375,35.7,1541.6,19.1,Moderate
Sikkim,27.202218,88.027381,174.9,0.436,18.7,1020.3,18.6,Moderate
Sikkim,27.393777,88.817371,108.7,0.203,36.1,1960.8,14.4,Moderate
Arunachal Pradesh,26.790856,94.835254,54.2,0.217,32.3,1837.1,16.8,Moderate
Meghalaya,25.541795,92.615405,92.6,0.218,41.1,1381.7,20.2,Low
Arunachal Pradesh,26.867557,92.666153,49.7,0.224,41.4,2339.8,18.1,Low
Sikkim,27.03545,88.390542,220.3,0.437,9.5,591.6,24.1,Low
Assam,25.166898,95.180407,26.3,0.151,48.9,1187.6,23.2,Low
Mizoram,23.472846,92.998318,208.2,0.373,10.7,385.6,24.4,Low
Mizoram,23.282968,92.319405,13.2,0.274,36.5,1978.5,17.1,Moderate
Nagaland,26.045535,95.29901,168.1,0.341,41.0,1411.3,17.9,Moderate
Mizoram,24.071596,93.361497,10.0,0.206,31.1,1659.2,17.9,Low
Nagaland,26.76413,93.506083,230.9,0.533,39.5,1276.8,20.9,Moderate
Tripura,23.263917,91.004058,195.1,0.411,55.1,2199.0,14.1,Moderate
Nagaland,25.776669,93.517215,147.9,0.309,56.5,2574.2,16.6,Moderate
Tripura,23.656469,91.880266,57.7,0.079,20.8,534.4,27.7,Low
Nagaland,26.86156,94.798434,218.1,0.461,49.5,1855.2,20.8,Moderate
Sikkim,28.126303,88.048508,81.1,0.381,60.4,2862.1,12.1,Moderate
Sikkim,27.014616,88.595204,133.4,0.353,51.4,2563.0,15.8,Moderate
Meghalaya,25.347223,90.560503,36.6,0.118,61.8,2264.9,14.9,Moderate
Tripura,23.429419,91.350735,269.5,0.509,50.6,2026.5,18.1,Moderate
Manipur,24.771729,93.792267,25.9,0.097,6.8,235.4,31.2,Low
Tripura,23.719886,91.874528,109.3,0.385,28.2,1235.7,23.1,Low
Nagaland,25.935548,93.802615,44.2,0.113,41.4,1350.1,23.0,Moderate
Nagaland,25.515781,93.998948,64.5,0.365,36.4,1797.1,21.3,Moderate
Manipur,25.209432,94.362069,216.3,0.762,34.4,1437.8,23.8,Moderate
Arunachal Pradesh,28.500716,92.787155,96.7,0.428,20.4,436.1,28.7,Low
Nagaland,26.317364,94.441379,105.2,0.194,59.6,2048.8,19.4,Moderate
Meghalaya,25.581119,91.449937,170.4,0.518,25.6,1248.7,24.1,Moderate
Mizoram,23.178656,92.935093,171.7,0.297,66.6,2610.4,12.8,Moderate
Mizoram,23.760315,92.342517,81.3,0.079,59.0,2114.5,16.1,Moderate
Assam,27.148428,90.556083,117.6,0.215,41.0,1218.9,19.5,Moderate
Assam,24.279838,95.849302,43.6,0.289,26.1,1443.1,22.2,Low
Mizoram,24.388179,92.278568,128.6,0.104,2.0,116.2,26.1,Low
Mizoram,23.052459,92.442118,116.5,0.179,30.4,1229.7,21.5,Low
Sikkim,27.582414,88.74716,270.7,0.401,36.8,1056.8,23.1,Moderate
Meghalaya,26.140734,91.702758,111.1,0.291,63.4,3185.6,11.2,Moderate
Manipur,24.472421,94.085986,72.1,0.145,21.7,762.6,26.3,Low
Assam,25.310405,95.431889,135.8,0.335,2.0,979.7,27.8,Low
Sikkim,28.044481,88.502409,139.5,0.469,21.7,245.6,29.1,Low
Sikkim,27.389759,88.264051,385.3,0.741,21.2,946.8,28.2,Moderate
Manipur,23.863494,94.468478,120.4,0.305,54.8,2706.4,9.9,Moderate
Sikkim,27.54046,88.29262,171.8,0.41,29.6,610.7,28.2,Moderate
Tripura,23.653777,92.064359,83.6,0.166,32.3,925.8,27.2,Low
Meghalaya,25.149537,92.372968,128.1,0.19,41.0,2214.7,15.5,Moderate
Mizoram,24.233523,93.43072,151.0,0.422,27.1,238.4,32.6,Moderate
Nagaland,25.955227,93.734281,71.3,0.161,37.3,1022.8,25.9,Low
Manipur,24.509918,93.599242,298.8,0.461,22.6,1448.4,19.1,Moderate
Mizoram,22.358,92.989447,358.7,0.632,11.2,628.1,23.0,Moderate
Mizoram,23.139223,93.325411,159.1,0.421,47.4,1510.9,17.0,Moderate
Arunachal Pradesh,26.596329,95.041274,69.3,0.171,37.5,1415.6,20.7,Low
Tripura,24.120718,91.987333,80.1,0.266,26.9,1037.1,22.8,Low
Manipur,25.483541,94.312261,54.1,0.185,9.6,50.0,31.8,Low
Sikkim,28.113372,88.299391,151.8,0.401,40.3,1447.9,20.6,Moderate
Nagaland,26.156098,93.328159,29.5,0.138,19.2,716.9,26.9,Low
Manipur,23.813219,93.432228,342.0,0.84,34.5,1164.0,20.8,High
Sikkim,27.120969,88.23419,136.9,0.219,40.3,1179.1,24.1,Moderate
Mizoram,22.360313,92.237076,127.5,0.354,18.9,1248.9,26.1,Low
Nagaland,26.927678,93.316446,161.5,0.377,25.8,1829.6,18.3,Moderate
Sikkim,27.883299,88.136933,125.3,0.135,27.7,1596.0,17.4,Moderate
Meghalaya,26.094676,92.478388,255.2,0.375,62.4,2863.2,13.5,Moderate
Sikkim,27.784681,88.605011,24.0,0.123,64.4,2805.7,16.5,Moderate
Arunachal Pradesh,26.516017,96.916794,186.4,0.529,37.0,1907.2,20.1,Moderate
Tripura,24.304532,92.163638,39.1,0.104,38.2,1617.9,18.5,Low
Mizoram,23.614036,92.648223,107.2,0.151,26.6,396.7,27.8,Low
Sikkim,28.072378,88.262365,69.3,0.315,46.0,2131.6,14.8,Moderate
Tripura,23.800338,91.12965,217.3,0.472,17.5,981.8,19.9,Moderate
Assam,27.872214,90.586854,38.2,0.261,24.1,945.1,22.9,Low
Assam,24.944567,93.216245,51.7,0.225,48.2,1780.4,15.1,Moderate
Tripura,24.122549,91.805157,28.8,0.219,34.4,1519.8,19.4,Low
Tripura,23.271414,91.001226,89.6,0.251,33.2,1043.4,24.0,Low
Arunachal Pradesh,28.771452,96.91864,62.4,0.135,44.0,2528.3,11.9,Moderate
Meghalaya,25.971896,91.18062,188.4,0.449,28.6,1282.1,18.0,Moderate
Mizoram,24.249795,92.732802,28.4,0.119,35.1,1473.5,22.3,Low
Manipur,24.797375,93.858834,184.8,0.556,12.8,458.1,28.4,Moderate
Arunachal Pradesh,27.842872,95.763549,60.1,0.307,29.0,1820.4,17.8,Low
Meghalaya,25.632123,90.750151,269.3,0.483,18.5,351.5,28.0,Moderate
Tripura,23.313053,91.049072,86.0,0.272,35.4,2201.9,16.8,Moderate
Manipur,24.908071,93.413931,230.3,0.413,54.9,2557.0,15.5,Moderate
Tripura,23.137014,91.849979,44.7,0.169,34.8,2375.1,19.9,Low
Tripura,23.989935,91.977801,134.2,0.389,31.8,1613.5,20.8,Moderate
Assam,26.115023,95.332544,102.4,0.118,46.4,2510.2,14.3,Moderate
Assam,27.93264,94.786437,117.8,0.228,21.4,805.0,25.6,Moderate
Manipur,25.007628,93.546698,33.8,0.2,35.5,1904.4,16.5,Moderate
Arunachal Pradesh,29.448835,93.007749,191.7,0.321,26.8,741.2,24.2,Moderate
Assam,24.851159,92.485571,62.3,0.232,43.3,1445.3,21.8,Moderate
Mizoram,22.047785,93.472043,127.5,0.542,2.0,235.0,31.8,Low
Tripura,23.841494,91.724038,146.5,0.277,62.8,2117.0,15.2,Moderate
Nagaland,26.446013,94.294047,28.6,0.247,2.0,412.7,30.0,Low
Sikkim,27.038476,88.55108,161.0,0.421,22.9,1007.7,26.1,Low
Manipur,25.16073,93.750148,36.0,0.184,2.2,328.2,28.0,Low
Manipur,25.238862,93.408602,59.3,0.365,42.6,1623.2,19.7,Moderate
Assam,24.929362,90.716927,125.5,0.371,8.3,334.7,25.0,Low
Arunachal Pradesh,27.615984,96.158566,102.8,0.25,19.1,472.6,28.4,Low
Tripura,24.224659,91.497671,50.0,0.181,34.9,1119.0,22.8,Low
Mizoram,23.431709,93.137061,142.7,0.314,25.4,1130.3,23.0,Moderate
Arunachal Pradesh,27.22362,92.424776,24.5,0.313,26.2,1083.1,23.2,Low
Meghalaya,26.166515,91.652672,115.2,0.241,39.7,1908.3,15.9,Moderate
Meghalaya,26.177699,90.813268,41.7,0.173,40.6,1467.4,24.3,Moderate
Nagaland,26.53576,93.745207,98.0,0.228,27.1,2005.0,15.7,Moderate
Assam,25.097041,92.924983,114.9,0.243,26.1,665.0,25.1,Low
Assam,25.342396,90.756016,142.5,0.433,58.2,2055.9,20.1,Moderate
Assam,25.104099,89.925215,47.7,0.05,20.5,1253.3,20.5,Low
Nagaland,26.538405,94.284233,26.1,0.108,33.2,1792.2,21.3,Low
Meghalaya,25.113092,90.315082,59.2,0.309,40.7,2495.7,13.6,Moderate
Arunachal Pradesh,26.807604,94.86926,93.6,0.327,49.8,2217.4,19.6,Moderate
Nagaland,25.379,94.808565,104.3,0.228,15.3,500.1,25.3,Low
Nagaland,25.238971,93.798752,61.5,0.154,29.2,1066.2,20.6,Low
Arunachal Pradesh,29.172,95.451922,241.3,0.538,19.2,1117.3,25.7,Moderate
Assam,24.306467,94.873094,105.5,0.412,37.0,2175.2,13.9,Moderate
Mizoram,23.181891,93.300818,89.6,0.356,45.2,2310.7,14.5,Moderate
Arunachal Pradesh,28.302219,95.250082,30.9,0.151,46.0,1693.3,17.5,Moderate
Meghalaya,26.192202,90.497007,61.0,0.147,43.4,2037.9,17.6,Low
Manipur,24.985497,93.828579,71.8,0.346,30.4,2022.0,15.0,Low
Tripura,22.963123,91.018812,69.5,0.53,33.1,2038.9,17.0,Moderate
Manipur,24.026534,94.168365,309.1,0.505,28.2,1407.8,19.8,High
Sikkim,27.680596,88.498087,239.4,0.44,45.6,1828.3,13.4,Moderate
Sikkim,27.038228,88.422373,362.9,0.634,19.6,1476.3,18.5,Moderate
Nagaland,26.956783,94.095184,55.2,0.16,13.4,1157.2,22.0,Low
Tripura,23.899876,92.013764,14.5,0.169,22.6,1733.5,15.4,Low
Manipur,25.289458,93.934704,104.6,0.363,28.0,1184.6,18.9,Low
Mizoram,24.130675,92.708792,179.0,0.414,27.1,1120.0,21.5,Moderate
Assam,27.732512,91.213431,223.7,0.404,18.6,1105.1,21.5,Moderate
Meghalaya,25.33626,89.959362,192.3,0.246,28.4,1609.0,16.7,Moderate
Sikkim,27.954698,88.37535,9.6,0.133,46.4,2561.8,15.2,Low
Mizoram,22.495703,92.501327,83.0,0.351,20.5,2005.2,17.6,Low
Meghalaya,26.08168,92.30175,117.0,0.081,39.7,2344.4,12.4,Low
Meghalaya,25.664237,91.648332,151.6,0.346,63.8,3500.0,9.0,High
Assam,25.992167,92.167499,19.5,0.144,29.3,1315.7,22.4,Low
Tripura,24.364763,91.163297,83.2,0.307,34.4,2041.4,19.9,Moderate
Nagaland,25.995049,93.989124,217.1,0.363,33.0,1470.3,20.5,Moderate
Manipur,24.746486,93.823737,70.3,0.16,54.1,1861.7,15.8,Low
Assam,26.179336,90.58149,150.1,0.537,52.9,1521.3,17.9,Moderate
Mizoram,23.234168,92.515144,19.4,0.169,34.5,1499.8,23.7,Low
Nagaland,25.55023,93.429668,203.9,0.519,40.1,1702.6,16.5,Moderate
Mizoram,23.882897,92.755674,74.6,0.191,25.2,1400.4,28.0,Low
Nagaland,26.390623,94.755187,116.7,0.341,33.1,1954.8,15.9,Moderate
Tripura,23.986907,91.611651,16.2,0.089,43.8,1428.7,21.9,Low
Sikkim,27.465478,88.338364,74.4,0.225,37.7,874.2,22.0,Low
Mizoram,23.564127,92.843233,172.3,0.518,62.3,3000.8,16.5,High
Assam,27.566355,95.210623,273.9,0.504,36.9,2015.0,16.5,Moderate
Nagaland,25.524065,93.572467,134.7,0.31,48.0,1734.7,19.6,Moderate
Nagaland,26.397762,93.902451,201.3,0.48,41.5,1830.0,21.0,Moderate
Meghalaya,25.022285,92.465928,152.4,0.309,44.2,1349.7,20.9,Moderate
Meghalaya,25.272281,92.587842,10.6,0.05,14.1,79.5,26.2,Low
Arunachal Pradesh,28.652303,95.694594,252.8,0.274,52.1,1718.7,20.9,Moderate
Mizoram,22.4238,92.504453,112.3,0.284,37.9,1383.3,19.8,Low
Meghalaya,25.625521,90.3163,97.9,0.383,37.2,1819.2,19.6,Moderate
Arunachal Pradesh,27.416295,93.268044,147.2,0.485,9.5,526.1,27.9,Moderate
Sikkim,27.191556,88.184665,129.3,0.423,22.3,932.8,25.7,Low
Sikkim,27.946262,88.150476,74.8,0.305,3.8,462.8,26.5,Low
Meghalaya,25.034149,91.688065,84.0,0.196,59.6,2555.8,15.1,Moderate
Mizoram,24.437556,92.630578,67.8,0.05,31.7,1317.8,21.5,Low
Nagaland,25.425446,94.440775,124.6,0.371,48.0,2129.9,19.1,Moderate
Manipur,25.522073,94.411311,355.0,0.549,65.6,2746.8,14.4,High
Tripura,23.896025,91.409573,168.9,0.398,22.4,1445.5,22.1,Moderate
Mizoram,23.308888,92.318618,176.6,0.452,61.1,1622.3,19.4,Moderate
Tripura,23.986313,91.942625,167.0,0.382,39.5,1719.3,21.8,Moderate
Assam,28.053133,91.340503,66.5,0.328,19.6,1205.5,29.0,Moderate
Sikkim,27.022148,88.491048,141.5,0.439,30.3,994.2,22.1,Moderate
Meghalaya,25.848149,92.171222,113.3,0.361,9.5,147.3,25.9,Low
Meghalaya,25.232487,90.585259,216.8,0.179,29.6,1768.3,17.3,Moderate
Tripura,23.720145,91.429781,248.3,0.48,29.6,1763.9,19.3,Moderate
Nagaland,26.834972,94.24752,58.0,0.283,34.1,1707.8,17.1,Moderate
Tripura,24.179326,91.754806,171.6,0.481,67.1,1902.4,21.5,Moderate
Assam,27.246979,91.79584,98.4,0.133,50.0,2190.9,16.6,Moderate
Nagaland,26.779692,93.849145,152.6,0.366,19.3,1683.4,18.9,Moderate
Assam,26.293615,91.048245,64.6,0.081,17.6,543.5,28.3,Low
Manipur,24.7035,93.572715,165.6,0.433,22.6,1472.2,18.4,Moderate
Sikkim,27.320044,88.870287,71.0,0.217,39.1,1625.1,17.5,Low
Meghalaya,25.192089,92.161978,255.1,0.482,23.7,2153.3,12.3,Moderate
Meghalaya,26.180998,89.859704,221.0,0.463,41.3,1876.1,19.9,Moderate
Manipur,25.128152,93.455241,283.8,0.585,36.1,933.8,25.8,Moderate
Arunachal Pradesh,26.621463,93.715893,180.6,0.436,17.0,1501.4,19.1,Low
Sikkim,28.122261,88.010589,21.7,0.281,57.1,1874.0,19.9,Moderate
Nagaland,26.316983,94.302793,92.6,0.139,11.1,202.2,24.6,Low
Manipur,25.45943,93.151203,81.8,0.331,22.7,389.8,27.8,Low
Nagaland,26.494899,94.660219,145.1,0.253,10.4,600.1,25.4,Low
Tripura,23.970528,92.225035,103.1,0.323,55.6,2396.4,16.9,Moderate
Mizoram,24.040028,92.254565,231.1,0.38,42.2,1190.4,21.0,Moderate
Meghalaya,25.565299,90.993859,159.2,0.392,50.8,1553.7,20.4,Moderate
Nagaland,25.78928,94.202673,85.1,0.304,40.8,1968.2,18.5,Moderate
Assam,25.613616,92.423704,219.4,0.459,22.1,1185.8,22.1,Moderate
Nagaland,27.060598,93.477266,118.6,0.529,41.8,837.4,27.1,Moderate
Mizoram,24.2978,92.824308,500.0,0.701,42.0,1465.2,18.8,Critical
Sikkim,27.748491,88.747165,128.8,0.357,43.9,2130.4,15.1,Moderate
Meghalaya,25.432556,91.091266,198.8,0.418,36.3,999.7,23.4,Moderate
Tripura,23.55523,91.48715,44.9,0.247,31.2,1859.7,20.5,Low
Manipur,25.558506,94.492074,90.8,0.133,21.4,1192.5,23.5,Low
Tripura,23.0744,91.14056,55.6,0.262,31.9,1055.2,18.8,Low
Mizoram,23.012461,92.328255,115.2,0.414,44.1,831.0,23.9,Low
Meghalaya,25.742912,90.231075,151.2,0.339,48.3,1565.3,23.5,Moderate
Nagaland,26.192509,93.31444,112.0,0.413,39.2,566.3,28.8,Low
Sikkim,27.379916,88.609472,78.1,0.41,12.5,1156.3,20.0,Low
Arunachal Pradesh,27.952117,96.880482,15.4,0.261,45.4,1577.2,17.2,Moderate
Sikkim,28.048925,88.323164,73.5,0.261,37.4,1540.9,17.6,Low
Arunachal Pradesh,26.63646,96.150945,108.8,0.121,29.7,1011.4,21.5,Low
Assam,27.827184,94.869953,76.0,0.423,23.4,1784.0,13.9,Moderate
Sikkim,27.15354,88.898124,59.8,0.05,23.9,941.5,28.9,Low
Meghalaya,25.310301,91.972615,104.4,0.205,23.6,964.7,21.3,Low
Arunachal Pradesh,29.224105,92.796279,81.7,0.109,53.1,3000.8,8.5,Low
Manipur,25.525691,93.557067,154.9,0.295,38.0,1166.9,24.2,Low
Meghalaya,26.171696,90.64378,61.4,0.118,39.0,2120.3,16.0,Moderate
Manipur,25.611528,93.09638,371.4,0.745,33.1,919.1,26.4,High
Sikkim,27.851126,88.4789,250.9,0.416,43.8,1975.1,20.6,Moderate
Manipur,24.707966,93.40229,115.9,0.352,29.5,542.0,26.8,Low
Arunachal Pradesh,28.616787,92.549452,296.5,0.533,44.3,2090.8,18.9,High
Meghalaya,25.66341,90.559736,102.0,0.157,20.2,850.1,22.9,Low
Nagaland,27.015681,93.357262,66.2,0.261,20.1,1783.6,17.9,Low
Mizoram,22.419294,92.515004,69.1,0.252,13.9,542.4,26.4,Low
Arunachal Pradesh,27.742203,92.780016,42.6,0.263,17.8,549.8,25.1,Low
Arunachal Pradesh,27.974047,96.29856,192.2,0.383,30.4,2080.9,12.9,Moderate
Nagaland,26.552921,94.459924,55.0,0.057,46.0,1251.8,22.5,Low
Meghalaya,25.106804,91.881976,81.4,0.406,49.7,1677.2,16.6,Low
Meghalaya,25.199697,92.159102,42.0,0.177,42.5,1979.5,19.8,Moderate
Tripura,23.300091,91.542163,89.2,0.179,42.9,2856.7,13.0,Low
Sikkim,27.420564,88.772933,237.4,0.424,26.0,1183.3,21.8,Moderate
Manipur,24.040434,94.018161,106.6,0.253,61.1,2645.8,14.3,Moderate
Sikkim,27.170474,88.634316,128.7,0.364,33.2,1375.1,25.8,Moderate
Nagaland,26.919648,94.169215,95.9,0.198,23.6,1506.4,21.0,Low
Sikkim,27.585711,88.834681,122.2,0.344,22.1,194.2,30.2,Moderate
Nagaland,26.189884,94.275197,159.5,0.317,13.5,740.4,27.4,Moderate
Meghalaya,25.693995,91.867689,268.7,0.462,70.3,2944.5,10.9,High
Manipur,24.003078,94.477999,106.3,0.404,18.9,737.8,29.7,Low
Sikkim,27.522606,88.065114,11.0,0.15,4.9,194.4,28.6,Low
Arunachal Pradesh,28.858548,93.573225,73.3,0.057,34.3,2136.0,14.2,Low
Assam,24.421543,93.692808,111.4,0.237,12.9,1073.4,25.0,Low
Tripura,24.30821,92.15408,86.9,0.335,42.2,1616.9,22.1,Moderate
Mizoram,24.389925,93.328017,57.5,0.34,32.1,911.1,26.7,Moderate
Arunachal Pradesh,26.506423,93.591326,249.9,0.39,49.5,2327.8,17.1,Moderate
Meghalaya,25.982251,90.898759,129.7,0.402,28.1,2275.5,17.2,Low
Mizoram,23.464026,92.988212,131.1,0.342,41.1,1382.0,20.6,Moderate
Assam,25.533106,95.398186,158.8,0.242,30.0,748.4,24.7,Moderate
Assam,26.113559,92.62814,49.5,0.081,31.5,1876.9,18.9,Low
Manipur,25.695276,93.888301,13.0,0.209,22.6,172.9,26.7,Low
Mizoram,22.363835,92.86699,137.9,0.361,47.2,2443.3,13.3,Moderate
Manipur,25.346632,94.398349,207.3,0.466,23.2,852.1,24.7,Moderate
Arunachal Pradesh,28.865745,95.394131,224.0,0.527,24.2,2044.7,15.9,Moderate
Nagaland,25.683014,95.024168,121.8,0.322,52.8,2058.6,23.7,Moderate
Nagaland,26.897543,93.688305,67.2,0.341,39.6,2152.9,15.0,Moderate
Nagaland,25.447866,95.25121,24.3,0.101,26.7,1461.2,22.0,Low
Mizoram,24.157642,93.361207,133.1,0.269,24.6,1314.2,24.8,Moderate
Nagaland,26.884115,94.383374,149.5,0.238,27.8,1518.7,21.8,Moderate
Arunachal Pradesh,28.439205,94.499496,141.5,0.32,40.8,1026.4,21.7,Moderate
Manipur,23.897292,94.341906,130.6,0.272,8.4,694.1,26.6,Low
Mizoram,23.213863,93.042022,138.5,0.44,24.6,655.3,22.2,Low
Manipur,24.755016,93.88526,119.2,0.238,64.6,2800.7,14.3,Moderate
Mizoram,22.346652,92.562328,84.1,0.253,48.7,835.8,20.9,Moderate
Manipur,24.10182,93.352199,78.2,0.244,30.3,1680.9,19.3,Moderate
Assam,28.086505,90.664615,50.5,0.272,50.4,1319.6,23.6,Moderate
Manipur,24.311614,94.063061,240.5,0.425,51.1,2685.3,12.9,High
Nagaland,26.359339,93.607948,175.3,0.429,40.1,1647.3,17.1,High
Assam,27.333613,94.646778,119.5,0.221,55.3,1916.3,19.1,Moderate
Manipur,24.250904,93.519599,106.0,0.299,40.2,1321.5,23.7,Moderate
Mizoram,24.338768,93.273373,162.6,0.206,41.4,1755.6,17.7,Moderate
Mizoram,23.714272,92.306903,122.6,0.212,28.5,1946.8,19.5,Low
Tripura,23.569223,91.727092,39.1,0.05,20.2,1068.9,26.2,Low
Mizoram,22.387269,92.782695,125.8,0.197,44.4,1962.9,17.6,Moderate
Meghalaya,25.721231,90.78213,99.6,0.462,61.7,2887.6,12.5,High
Arunachal Pradesh,28.842834,96.122473,123.7,0.349,9.1,368.2,30.4,Low
Mizoram,22.741385,93.290254,103.6,0.401,27.8,2040.9,14.7,Moderate
Assam,24.435022,94.977693,243.6,0.448,25.9,524.6,27.2,Moderate
Tripura,23.144401,91.107805,336.8,0.626,42.5,1240.3,25.6,High
Mizoram,23.568616,92.813519,251.6,0.545,2.0,50.0,32.4,Low
Meghalaya,26.089469,90.889568,165.5,0.467,36.5,1517.6,20.5,Moderate
Nagaland,25.745589,94.30147,183.0,0.382,34.2,2261.5,14.3,Moderate
Assam,25.914974,91.869897,13.3,0.171,22.9,1164.4,22.6,Low
Meghalaya,25.83249,92.078686,87.4,0.289,55.7,2480.5,13.5,Moderate
Nagaland,26.82067,95.245713,45.0,0.074,10.9,1177.4,24.7,Low
Sikkim,27.319987,88.644484,82.8,0.247,41.6,1815.9,19.7,Low
Sikkim,27.47311,88.609374,64.2,0.217,50.9,2371.5,17.2,Moderate
Assam,25.999123,95.960771,148.4,0.33,30.2,753.5,25.3,Moderate
Manipur,25.184914,94.714484,106.3,0.234,36.3,1388.5,17.7,Moderate
Arunachal Pradesh,29.004909,96.465956,221.4,0.602,29.9,1755.6,17.2,Moderate
Tripura,24.203071,91.596907,158.5,0.42,37.7,1071.6,24.3,Moderate
Arunachal Pradesh,27.255365,93.536761,31.7,0.161,26.1,1508.0,22.5,Low
Meghalaya,25.024283,91.37198,455.8,0.856,37.8,1947.6,21.2,High
Nagaland,26.15961,94.350501,63.0,0.199,54.7,1824.7,17.8,Low
Arunachal Pradesh,29.422094,96.512997,109.7,0.282,20.7,1063.1,23.2,Low
Nagaland,25.507254,94.037765,145.4,0.487,64.2,2598.4,9.5,High
Nagaland,26.005517,94.021066,93.6,0.162,47.8,2286.1,16.4,Moderate
Meghalaya,25.958195,91.372113,234.1,0.55,54.4,3078.9,15.3,High
Meghalaya,25.68652,92.359041,77.7,0.443,43.1,1803.4,16.9,Low
Meghalaya,25.967114,90.196635,12.5,0.216,25.5,1149.7,19.5,Low
Arunachal Pradesh,28.641744,93.894899,240.7,0.366,49.7,2101.7,18.2,Moderate
Sikkim,27.353579,88.045017,154.4,0.434,31.9,1388.5,21.8,Moderate
Meghalaya,25.584699,90.86631,60.2,0.082,39.6,794.9,28.5,Low
Tripura,23.302421,91.903073,140.9,0.321,29.9,1612.0,17.0,Moderate
Arunachal Pradesh,28.808456,92.846342,141.9,0.44,32.1,2246.4,13.4,Low
Meghalaya,25.059337,92.346258,99.4,0.329,25.1,1282.3,25.4,Low
Mizoram,21.925895,93.418246,110.1,0.06,2.0,931.8,23.7,Low
Nagaland,26.392478,93.943693,99.2,0.437,12.9,893.8,24.0,Moderate
Tripura,23.294365,91.011707,64.6,0.283,29.0,1582.7,22.7,Low
Meghalaya,25.282566,90.213185,72.2,0.391,18.4,1047.5,28.4,Low
Assam,26.571098,90.749237,197.3,0.27,19.6,926.2,22.1,Moderate
Nagaland,26.204397,94.480233,191.2,0.477,22.8,638.0,25.1,Low
Nagaland,25.766279,93.37013,100.9,0.135,46.8,1664.6,21.8,Low
Meghalaya,25.044705,89.879042,25.7,0.315,17.8,877.3,24.7,Low
Sikkim,27.88695,88.286209,104.6,0.287,15.1,1244.3,21.7,Low
Manipur,25.31297,93.777119,93.2,0.405,31.7,1365.7,22.0,Moderate
Sikkim,27.543598,88.461594,135.1,0.365,11.4,505.1,26.7,Low
Meghalaya,25.855638,90.620509,4.1,0.05,28.4,594.8,27.5,Low
Nagaland,25.431016,94.412115,190.5,0.399,5.1,50.0,25.2,Low
Tripura,23.423164,91.575239,101.7,0.242,34.0,1207.2,25.5,Low
Assam,26.717176,92.812992,158.4,0.319,40.0,1450.7,21.3,Moderate
Tripura,23.892446,91.70746,225.4,0.363,43.5,1284.4,23.8,Moderate
Tripura,24.083674,91.917718,79.7,0.109,7.2,514.8,30.6,Low
Nagaland,26.214961,94.657806,134.3,0.47,41.6,2515.7,18.1,Moderate
Sikkim,28.048272,88.389044,135.0,0.532,9.9,471.2,28.7,Moderate
Assam,25.733605,94.514747,42.0,0.089,15.2,130.3,31.7,Low
Arunachal Pradesh,28.247662,91.890537,78.9,0.245,25.6,218.3,26.6,Low
Mizoram,24.219491,92.240018,195.1,0.38,62.8,2514.4,16.4,High
Nagaland,26.621953,94.817588,85.8,0.197,40.9,1918.7,16.3,Low
Meghalaya,26.143733,89.962403,41.0,0.227,46.1,1790.7,23.1,Low
Arunachal Pradesh,28.290571,93.853123,82.9,0.488,62.7,2114.6,15.7,Moderate
Mizoram,22.759646,92.317414,57.2,0.11,45.4,1434.4,16.2,Low
Meghalaya,25.675185,91.237122,82.5,0.255,29.5,1208.1,23.1,Low
Tripura,23.067287,91.796236,16.7,0.14,46.5,2893.5,13.3,Moderate
Manipur,25.202111,94.381101,69.7,0.177,41.9,1596.7,21.7,Low
Meghalaya,26.086448,91.028412,72.5,0.315,27.7,775.0,24.9,Low
Assam,28.002906,95.152205,54.6,0.149,46.4,2906.3,11.8,Moderate
Assam,25.245307,90.703483,117.8,0.134,26.4,88.1,30.1,Low
Manipur,24.62724,93.723418,183.0,0.431,28.8,561.8,22.9,Moderate
Arunachal Pradesh,28.227158,94.708624,27.9,0.079,20.1,1425.9,18.7,Low
Mizoram,23.849966,92.862857,72.0,0.259,60.2,2679.7,19.1,Moderate
Meghalaya,25.125787,92.374874,108.8,0.198,27.5,137.0,30.2,Moderate
Assam,25.301011,95.819174,146.1,0.375,12.2,1007.8,23.2,Low
Arunachal Pradesh,26.85358,96.770381,146.0,0.359,55.3,1420.1,25.0,Moderate
Manipur,23.972922,93.415865,44.3,0.156,7.1,381.6,24.8,Low
Sikkim,27.055896,88.634602,89.2,0.202,44.4,2169.8,18.1,Moderate
Nagaland,26.815568,94.168142,74.2,0.206,23.3,1530.6,22.5,Low
Sikkim,28.114226,88.531269,108.9,0.072,29.5,1685.8,20.8,Low
Sikkim,27.756009,88.760877,55.2,0.177,49.5,2175.4,17.4,Low
Assam,25.246561,91.931874,152.0,0.315,51.1,1958.6,19.7,Moderate
Tripura,24.349523,92.171253,156.8,0.302,11.4,1199.3,24.7,Low
Tripura,24.462372,92.17239,132.2,0.215,61.1,1922.0,19.0,Low
Manipur,24.042007,94.482704,108.1,0.234,11.5,50.0,32.8,Low
Meghalaya,25.491806,92.772404,190.3,0.415,33.0,1295.9,22.8,Moderate
Tripura,23.65565,91.719987,71.0,0.276,29.6,1465.4,16.8,Low
Sikkim,27.63573,88.289563,58.9,0.16,48.3,1668.2,22.4,Moderate
Tripura,23.020035,92.164347,66.5,0.198,35.5,1433.9,16.0,Low
Sikkim,27.963211,88.125574,192.2,0.434,33.3,1867.5,17.6,Moderate
Mizoram,23.919598,93.013601,200.4,0.476,48.6,2240.8,17.2,Moderate
Assam,25.718404,91.300333,73.3,0.277,40.9,1113.8,25.1,Moderate
Assam,27.610861,94.111186,139.9,0.344,47.8,1572.3,20.3,Moderate
Meghalaya,25.657288,91.628706,81.6,0.228,2.0,126.5,28.8,Low
Tripura,23.045706,91.616096,127.7,0.28,11.4,50.0,33.8,Moderate
Tripura,23.20992,91.270899,281.9,0.652,16.0,1196.4,21.8,Moderate
Nagaland,26.456478,95.122512,161.8,0.27,30.8,1630.1,17.3,Moderate
Arunachal Pradesh,27.71127,92.642621,198.8,0.271,37.9,1813.7,18.4,Moderate
Mizoram,23.586742,93.332543,29.1,0.184,26.1,1203.3,20.9,Moderate
Assam,27.142939,95.173171,91.0,0.309,36.6,1259.7,26.2,Moderate
Mizoram,23.295042,93.177439,61.3,0.241,51.1,2033.1,17.4,Moderate
Assam,24.588271,91.89413,68.5,0.293,21.0,449.4,25.1,Low
Mizoram,22.912828,92.864684,27.9,0.147,23.7,1172.0,21.7,Low
Manipur,25.565245,94.573734,113.5,0.406,25.7,1266.7,22.0,Moderate
Sikkim,27.161431,88.155511,130.0,0.363,22.2,617.0,29.2,Low
Assam,25.50209,91.531686,144.7,0.498,7.4,139.4,28.0,Low
Mizoram,23.498404,93.373609,150.5,0.389,17.4,695.9,24.3,Moderate
Tripura,24.439666,91.849684,205.7,0.334,32.3,1685.2,16.4,Low
Arunachal Pradesh,29.014478,94.388612,168.8,0.434,31.7,707.7,20.2,Moderate
Manipur,24.195821,93.944439,83.3,0.318,2.0,50.0,33.1,Low
Manipur,24.854657,94.336424,201.0,0.353,58.3,2650.4,18.6,Moderate
Arunachal Pradesh,27.159649,93.525707,241.1,0.623,49.2,2530.1,12.0,High
Mizoram,22.846471,93.447271,86.7,0.298,49.6,1982.8,20.6,Moderate
Tripura,23.610312,91.981622,95.3,0.438,33.8,1654.9,21.5,Moderate
Meghalaya,25.900974,90.596633,73.2,0.385,35.4,495.6,26.5,Moderate
Arunachal Pradesh,28.215609,96.418666,101.0,0.386,20.0,239.5,29.8,Moderate
Mizoram,23.135514,93.428653,143.1,0.301,22.1,1303.0,19.5,Moderate
Arunachal Pradesh,27.143375,91.907875,35.9,0.186,51.0,1279.7,19.5,Low
Arunachal Pradesh,29.174362,96.162247,162.9,0.415,28.2,1174.5,19.5,Moderate
Assam,28.168877,93.980179,420.6,0.727,28.8,1201.4,24.5,High
Mizoram,24.335389,93.275034,144.0,0.297,38.9,759.3,28.0,Moderate
Meghalaya,26.013312,91.507425,77.5,0.146,27.6,1758.2,16.7,Low
Sikkim,27.458838,88.841102,204.4,0.342,31.4,1519.2,22.7,Moderate
Assam,25.814892,93.094562,227.7,0.492,34.4,1642.1,18.7,Moderate
Arunachal Pradesh,27.838343,94.606501,166.3,0.489,53.5,2280.0,16.1,Moderate
Sikkim,27.564606,88.043171,218.2,0.154,35.0,1592.7,19.7,Moderate
Nagaland,26.875892,94.188788,50.5,0.231,23.8,997.8,21.3,Low
Sikkim,27.706732,88.125269,43.5,0.202,37.3,1495.4,22.2,Low
Arunachal Pradesh,26.510164,92.849096,156.5,0.41,20.9,1205.4,23.9,Low
Arunachal Pradesh,28.613758,92.04557,50.4,0.188,17.5,510.4,23.7,Low
Tripura,24.35422,91.279529,102.3,0.278,45.2,2106.4,14.9,Moderate
Mizoram,22.431943,92.43596,94.0,0.197,33.0,982.6,23.0,Low
Mizoram,21.936352,93.203347,20.3,0.159,35.1,1118.0,20.5,Low
Assam,27.675145,93.569225,20.0,0.069,47.5,1773.9,17.3,Low
Meghalaya,25.22584,90.655834,126.1,0.05,25.1,1136.9,20.1,Low
Assam,25.998892,95.712379,111.2,0.115,14.2,818.6,25.7,Low
Manipur,24.269968,94.316963,71.2,0.05,45.8,1380.0,22.0,Low
Arunachal Pradesh,27.818345,93.13816,328.7,0.616,30.0,1222.6,21.2,High
Sikkim,27.547099,88.064086,86.3,0.218,17.2,1475.4,23.2,Low
Nagaland,26.717506,93.786604,63.1,0.131,23.8,1467.6,22.4,Low
Arunachal Pradesh,28.676236,91.875916,226.0,0.281,9.9,378.9,20.7,Low
Arunachal Pradesh,29.365296,92.561582,277.3,0.652,53.8,2984.2,12.3,High
Assam,27.707517,94.799681,86.6,0.198,30.3,1195.2,21.2,Low
Nagaland,27.038934,94.255781,82.7,0.402,34.1,1792.7,20.0,Moderate
Nagaland,26.582055,94.041421,105.8,0.364,38.4,1245.0,21.7,Moderate
Nagaland,25.5503,94.186152,120.0,0.23,25.8,1302.8,22.5,Low
Assam,24.696146,95.886881,160.6,0.487,43.3,2102.9,22.9,Moderate
Arunachal Pradesh,26.788739,94.740664,214.4,0.392,32.6,1258.7,24.5,Moderate
Assam,26.631148,93.089901,40.0,0.39,40.7,1430.5,19.3,Low
Mizoram,23.621683,92.351035,32.0,0.272,23.6,1344.3,26.7,Low
Mizoram,23.343048,92.573376,75.2,0.197,60.0,1841.0,15.5,Moderate
Assam,27.948739,94.501051,39.0,0.207,25.7,753.3,23.5,Low
Nagaland,27.047778,93.375112,323.7,0.689,62.5,2447.0,17.0,Critical
Tripura,23.356213,91.254049,289.8,0.395,25.3,1324.5,21.3,Moderate
Arunachal Pradesh,26.533464,92.832792,123.8,0.222,16.5,696.7,27.3,Moderate
Assam,26.850859,91.15586,79.6,0.268,29.9,590.5,31.6,Low
Assam,26.137814,95.293254,108.2,0.321,44.0,1411.1,22.6,Moderate
Assam,26.913783,92.186163,62.1,0.204,29.1,759.9,27.9,Low
Tripura,23.49595,91.592457,258.4,0.522,17.6,437.5,24.9,Moderate
Tripura,23.183266,91.824201,92.4,0.282,30.1,1605.1,20.4,Low
Manipur,24.49189,94.534258,157.0,0.421,22.4,921.5,21.4,Moderate
Mizoram,23.867037,92.993667,146.4,0.394,26.8,959.7,21.3,Moderate
Sikkim,27.437043,88.188939,173.7,0.285,24.1,1597.7,20.7,Moderate
Nagaland,26.674689,94.272818,80.9,0.05,34.9,1419.1,24.4,Low
Meghalaya,25.2697,90.385524,209.3,0.499,23.0,795.9,28.0,Moderate
Tripura,23.164641,92.01031,92.3,0.067,9.5,304.6,28.0,Low
Sikkim,27.274785,88.473978,35.4,0.15,6.1,55.3,30.7,Low
Tripura,23.622474,91.753494,109.2,0.208,54.3,1434.3,18.3,Moderate
Nagaland,26.866594,95.035495,121.6,0.119,30.1,361.7,28.6,Low
Meghalaya,25.541291,89.846099,136.0,0.313,43.2,1677.3,22.5,Moderate
Manipur,24.610243,94.091148,114.3,0.247,36.6,1662.6,17.2,Moderate
Assam,26.342612,93.803417,64.9,0.184,16.8,85.8,28.0,Low
Manipur,24.092744,94.163763,64.3,0.354,27.2,424.1,26.4,Moderate
Tripura,23.192243,91.975681,228.8,0.558,34.2,1157.8,30.1,Moderate
Manipur,24.444266,94.277812,93.5,0.058,19.8,50.0,24.5,Low
Sikkim,27.057439,88.367074,64.4,0.149,19.2,472.0,27.9,Low
Arunachal Pradesh,28.615104,92.747788,83.7,0.151,23.0,839.9,26.6,Low
Tripura,24.172459,91.820014,144.2,0.334,34.7,1469.1,24.3,Moderate
Tripura,23.840099,91.459614,141.0,0.341,36.8,1472.7,25.0,Low
Sikkim,27.578942,88.537614,67.8,0.23,20.0,122.9,30.2,Low
Mizoram,23.128401,93.107807,186.9,0.545,49.1,2421.2,17.0,High
Meghalaya,25.520436,90.40682,51.7,0.415,50.1,1278.7,22.8,Moderate
Assam,24.898522,89.736564,28.6,0.103,18.2,1089.3,24.7,Low
Sikkim,27.361149,88.674026,76.5,0.307,47.6,2012.4,19.2,Moderate
Meghalaya,25.952995,90.407403,300.0,0.462,41.0,1741.6,18.3,Moderate
Nagaland,27.022184,94.304806,220.0,0.644,31.7,1215.2,25.1,Moderate
Meghalaya,26.100374,91.920296,148.2,0.211,26.6,1274.3,23.3,Moderate
Nagaland,26.572624,93.470087,182.8,0.383,36.0,1875.5,20.8,Moderate
Sikkim,27.263989,88.007933,126.3,0.249,48.9,1635.5,20.6,Moderate
Tripura,24.045804,91.44777,183.1,0.405,10.6,915.8,23.5,Moderate
Tripura,24.158644,91.440617,126.1,0.343,39.8,1097.6,18.5,Moderate
Mizoram,24.030268,92.369908,117.3,0.418,8.8,636.8,25.7,Moderate
Sikkim,27.208048,88.306789,71.6,0.276,52.5,1881.0,17.6,Moderate
Nagaland,25.976126,93.997406,107.2,0.288,50.4,2236.3,18.3,Moderate
Meghalaya,25.916376,90.090854,21.2,0.249,28.8,1190.8,21.0,Low
Meghalaya,25.42146,92.31172,75.0,0.179,37.0,1516.0,21.3,Low
Nagaland,25.326914,95.184687,22.5,0.188,24.7,945.0,23.9,Low
Manipur,25.674002,93.159423,30.8,0.35,31.3,1684.2,17.0,Low
Mizoram,22.657309,92.684121,79.1,0.209,51.0,2087.0,23.2,Moderate
Arunachal Pradesh,28.829174,94.777597,222.1,0.446,29.7,1439.6,24.3,Moderate
Tripura,23.930985,91.984763,118.0,0.178,10.2,97.8,32.5,Low
Assam,24.495512,94.94922,70.6,0.158,46.3,1975.3,22.0,Low
Meghalaya,25.846744,91.532025,84.4,0.135,21.0,345.3,26.2,Low
Assam,27.736888,94.11193,119.3,0.255,32.3,1664.8,17.9,Moderate
Arunachal Pradesh,27.1051,93.8636,119.5,0.166,51.2,2416.6,13.2,Moderate
Sikkim,27.592851,88.049696,147.6,0.271,48.6,2066.8,16.5,Moderate
Assam,28.009478,90.510037,122.0,0.484,31.0,1702.9,22.3,Moderate
Arunachal Pradesh,28.592384,94.284271,118.1,0.421,21.1,1153.1,23.7,Moderate
Tripura,22.941012,92.202172,79.5,0.137,45.6,2799.3,11.2,Moderate
Nagaland,26.81849,94.348516,31.6,0.191,42.2,1273.3,22.1,Low
Manipur,24.23499,93.218921,100.1,0.208,35.4,1673.5,20.4,Low
Tripura,23.481428,91.332057,183.2,0.287,43.3,1677.5,19.7,Moderate
Meghalaya,25.608029,92.699228,232.2,0.442,48.0,1659.1,21.7,Moderate
Arunachal Pradesh,28.22486,96.394621,276.6,0.669,33.0,2530.6,17.1,Moderate
Assam,26.733691,92.694053,126.3,0.441,2.0,50.0,29.4,Low
Meghalaya,26.025529,91.214104,158.7,0.339,39.6,2280.2,13.4,Moderate
Manipur,25.450394,93.524838,160.6,0.154,28.0,598.4,28.3,Moderate
Nagaland,25.444745,95.010629,117.0,0.277,38.9,1687.2,25.5,Low
Sikkim,27.704898,88.800183,88.6,0.236,15.2,857.5,21.4,Low
Meghalaya,26.125393,89.960885,66.9,0.239,43.3,2135.0,16.9,Moderate
Sikkim,27.601163,88.337468,86.5,0.346,2.0,50.0,31.3,Low
Arunachal Pradesh,28.377575,95.864752,74.3,0.232,38.0,1379.4,19.0,Moderate
Manipur,24.333121,94.002237,179.8,0.475,29.2,1965.5,19.3,Moderate
Assam,26.97666,90.546916,46.4,0.122,22.1,1257.3,25.8,Low
Manipur,25.346727,94.090997,106.4,0.228,48.4,1873.4,17.2,Moderate
Manipur,25.604121,93.611152,101.9,0.233,32.9,1458.1,23.9,Moderate
Mizoram,22.181179,92.858452,236.6,0.511,62.6,3087.3,13.5,High
Manipur,23.96304,94.745148,211.5,0.154,13.5,691.2,24.5,Low
Manipur,23.873501,94.356307,40.3,0.224,46.2,2112.4,21.8,Moderate
Tripura,23.740164,91.479207,197.3,0.373,41.1,1828.2,19.6,Moderate
Meghalaya,25.079011,91.666501,43.1,0.149,46.2,1627.1,21.8,Low
Assam,26.457925,91.469565,20.9,0.129,22.3,1403.6,21.6,Low
Tripura,24.356355,91.395343,24.1,0.308,43.3,1594.8,24.9,Moderate
Tripura,23.619561,91.706891,66.5,0.37,42.8,2235.6,20.3,Moderate
Meghalaya,25.120278,92.596485,77.6,0.166,19.1,332.0,24.2,Low
Meghalaya,25.449443,90.042338,79.6,0.132,13.7,1469.0,21.6,Low
Arunachal Pradesh,27.661874,94.801114,101.2,0.232,34.7,1544.2,20.1,Moderate
Meghalaya,25.616383,91.883626,192.8,0.12,40.3,1923.9,15.6,Moderate
Mizoram,22.044258,92.569903,65.7,0.176,31.3,2557.4,17.6,Low
Mizoram,24.029999,92.303862,42.0,0.098,26.2,1598.1,19.3,Low
Tripura,24.268778,91.119465,223.3,0.679,37.0,1032.6,22.5,Moderate
Sikkim,28.001345,88.32471,233.2,0.552,35.8,2359.6,16.1,Moderate
Arunachal Pradesh,28.336627,92.340879,142.1,0.2,20.0,830.2,27.6,Low
Sikkim,27.079402,88.194344,307.0,0.575,63.7,2750.1,15.9,High
Sikkim,27.153425,88.281165,39.2,0.109,38.8,1975.5,18.2,Low
Tripura,23.723013,91.765387,10.2,0.05,38.3,2325.2,19.5,Low
Nagaland,26.700749,94.61248,27.5,0.129,2.0,421.6,29.7,Low
Tripura,23.874013,91.535317,94.9,0.184,8.9,974.8,22.7,Low
Assam,25.989995,92.311481,35.4,0.213,26.5,754.9,24.1,Low
Assam,27.537097,91.149003,167.0,0.425,3.9,433.4,27.7,Low
Meghalaya,25.006865,91.75396,90.3,0.253,22.3,1262.6,26.1,Low
Meghalaya,25.242955,92.470345,212.7,0.403,41.2,1642.1,17.0,Moderate
Nagaland,26.832188,93.453455,94.5,0.16,33.1,1377.8,21.6,Moderate
Meghalaya,25.127666,91.285515,44.3,0.126,20.7,1614.4,19.3,Low
Assam,26.558735,91.431923,9.9,0.269,51.1,2150.3,19.7,Low
Sikkim,27.860157,88.535424,99.8,0.151,21.3,943.6,23.9,Low
Tripura,23.419719,91.032983,113.7,0.363,24.3,1929.0,20.6,Low
Manipur,25.225286,93.386557,81.2,0.175,27.5,1264.7,23.1,Low
Mizoram,24.069632,92.746377,55.5,0.172,13.3,383.3,27.3,Low
Manipur,24.896447,94.571308,78.8,0.235,38.3,2223.8,18.1,Moderate
Manipur,25.440884,93.668735,107.7,0.294,20.7,1078.1,18.6,Low
Assam,24.877333,94.58342,78.7,0.331,23.9,438.9,26.3,Low
Manipur,24.622852,93.345676,45.5,0.068,27.2,2005.4,15.4,Low
Tripura,24.347081,91.257535,285.7,0.443,34.7,1162.6,21.8,Moderate
Nagaland,25.249034,93.34056,31.3,0.191,29.7,1958.0,18.7,Moderate
Arunachal Pradesh,28.366946,95.139213,222.6,0.388,37.7,1595.8,19.2,Moderate
Meghalaya,25.37325,90.760033,32.7,0.283,29.6,2028.1,20.4,Low
Arunachal Pradesh,27.518482,95.240872,63.6,0.133,18.4,1138.5,22.2,Low
Sikkim,27.069761,88.836205,110.2,0.195,35.9,836.1,24.6,Moderate
Tripura,23.256034,92.299575,85.8,0.236,28.6,1932.0,19.5,Low
Tripura,23.174436,92.00301,22.2,0.05,53.3,2247.0,13.8,Moderate
Mizoram,22.480873,92.305101,158.0,0.276,13.8,647.0,26.9,Low
Tripura,24.299893,92.116377,238.0,0.32,2.0,50.0,29.8,Low
Meghalaya,25.484284,91.907188,132.8,0.233,34.2,1682.5,13.8,Moderate
Tripura,23.791305,92.108843,100.2,0.301,53.5,2684.8,14.0,Moderate
Manipur,24.398606,93.94261,96.5,0.072,67.5,3070.0,14.6,Moderate
Mizoram,23.161968,92.660078,347.9,0.623,75.0,3071.3,13.2,High
Meghalaya,26.069746,90.297634,55.2,0.343,45.6,2328.7,12.9,Moderate
Nagaland,25.484066,94.453819,103.2,0.263,21.3,474.1,28.2,Low
Nagaland,26.449239,93.689239,321.4,0.64,26.3,776.6,29.2,High
Nagaland,25.942363,95.193128,287.2,0.503,19.5,921.0,26.3,Moderate
Nagaland,25.668573,94.636721,192.0,0.396,13.3,1077.7,25.5,Moderate
Manipur,25.206284,93.806632,168.4,0.325,47.2,1546.9,19.6,Moderate
Tripura,24.400042,91.957654,53.4,0.211,29.8,705.6,26.6,Low
Arunachal Pradesh,27.873774,94.631344,68.0,0.151,9.9,50.0,28.8,Low
Meghalaya,25.831136,91.576571,81.1,0.178,32.4,1415.5,21.8,Low
Manipur,25.469525,93.6424,137.5,0.336,31.9,2233.0,9.8,Moderate
Nagaland,25.769783,93.727678,212.0,0.277,39.2,1009.9,21.9,Moderate
Sikkim,27.04534,88.038713,281.2,0.446,51.7,1636.9,21.5,Moderate
Tripura,24.292088,91.881911,267.6,0.436,75.0,3500.0,8.4,High
Arunachal Pradesh,28.481597,94.880536,84.8,0.333,65.4,3104.2,14.3,Moderate
Sikkim,28.019063,88.43224,63.6,0.257,22.5,876.8,22.1,Low
Mizoram,24.163068,92.667279,25.7,0.191,22.3,1614.2,23.8,Low
Sikkim,28.112049,88.628791,38.4,0.243,23.0,1910.0,15.7,Low
Mizoram,22.568661,92.93331,86.1,0.317,17.3,1236.2,25.5,Moderate
Mizoram,23.285879,92.379268,130.6,0.093,7.7,50.0,33.9,Low
Nagaland,26.323362,93.929571,109.0,0.218,46.6,1788.6,16.5,Low
Mizoram,22.036107,93.433253,171.8,0.317,28.6,1402.8,25.6,Moderate
Assam,26.69426,95.224589,181.0,0.343,32.2,960.0,27.2,Moderate
Meghalaya,25.811267,90.870951,122.0,0.238,28.5,1243.4,20.9,Moderate
Meghalaya,25.615226,91.82724,275.7,0.405,7.0,871.7,27.4,Moderate
Nagaland,27.024479,93.807339,257.6,0.64,22.3,854.1,27.6,Moderate
Assam,27.674904,95.52169,25.2,0.179,18.2,1483.5,20.8,Low
Sikkim,27.804499,88.83814,102.7,0.203,40.7,1387.0,25.0,Moderate
Manipur,24.555969,94.715429,32.6,0.246,25.0,652.0,27.3,Low
Sikkim,27.843339,88.037805,176.5,0.274,32.9,1366.1,22.3,Moderate
Tripura,24.350997,91.629815,61.4,0.058,47.3,1221.8,22.0,Moderate
Manipur,24.674621,94.01964,231.1,0.616,35.4,1640.1,22.3,Moderate
Mizoram,22.2884,92.809916,81.4,0.373,47.1,2082.2,14.8,Moderate
Arunachal Pradesh,28.993382,91.585154,60.2,0.388,33.1,1650.6,19.9,Moderate
Manipur,24.318543,93.004418,145.8,0.325,35.8,1505.1,24.5,Moderate
Arunachal Pradesh,27.747134,95.505735,184.1,0.433,23.3,918.3,19.9,Moderate
Meghalaya,25.958526,92.635569,40.6,0.05,19.5,1375.8,22.3,Low
Arunachal Pradesh,28.325514,92.900448,52.5,0.13,32.3,1151.1,22.7,Low
Meghalaya,26.108978,92.125947,159.1,0.377,55.2,2213.0,16.3,High
Assam,26.4126,94.082533,204.7,0.4,42.7,2471.2,17.6,Moderate
Assam,27.882129,94.188082,178.4,0.363,15.6,988.7,24.5,Moderate
Nagaland,25.899912,94.726056,306.9,0.648,5.6,50.0,32.9,Moderate
Nagaland,25.276529,94.072831,53.7,0.131,24.5,1152.4,19.2,Low
Mizoram,22.95644,92.41689,93.1,0.247,12.5,819.3,23.5,Low
Manipur,23.843862,93.240086,106.6,0.161,48.5,1699.3,19.5,Moderate
Mizoram,23.602016,93.242975,92.2,0.288,54.4,1921.6,22.1,Moderate
Meghalaya,26.185844,90.839091,194.8,0.431,27.8,1057.8,20.5,Moderate
Mizoram,23.458386,93.418288,109.0,0.222,13.5,150.0,28.5,Low
Arunachal Pradesh,27.001125,95.447051,56.8,0.116,45.9,1347.9,19.5,Moderate
Meghalaya,25.905974,90.066927,232.5,0.52,2.0,453.2,25.9,Low
Nagaland,26.836374,94.92621,56.6,0.248,19.1,990.0,22.7,Low
Assam,24.140293,90.273832,130.0,0.445,29.6,1356.1,21.1,Moderate
Nagaland,25.293341,93.969487,115.4,0.421,2.7,50.0,28.4,Low
Manipur,24.767649,93.958226,247.0,0.564,42.7,1352.7,20.2,High
Meghalaya,25.3212,92.534791,41.3,0.195,35.1,1500.7,21.4,Low
Meghalaya,25.441915,89.93665,84.8,0.05,21.9,1159.5,19.6,Low
Arunachal Pradesh,27.400681,94.421102,71.3,0.236,59.0,2650.6,15.2,Moderate
Manipur,24.575621,93.492917,15.4,0.167,53.7,2492.5,14.6,Moderate
Assam,24.551558,94.860736,246.3,0.417,56.4,1754.0,23.1,Moderate
Sikkim,28.195374,88.296588,8.5,0.05,31.0,1541.3,17.8,Low
Meghalaya,25.457945,91.654113,161.0,0.263,16.0,1137.3,21.2,Low
Meghalaya,25.86213,90.976089,204.0,0.235,35.0,2288.9,20.3,Moderate
Arunachal Pradesh,29.214789,94.580022,139.4,0.347,22.9,1921.7,17.8,Moderate
Mizoram,23.071014,93.040675,120.9,0.273,17.8,577.3,29.6,Moderate
Tripura,24.424486,92.032918,102.5,0.404,28.8,1264.6,28.4,Low
Assam,24.168055,91.793552,49.3,0.295,57.1,1870.2,18.3,Moderate
Nagaland,26.094035,93.929035,116.7,0.436,31.1,1498.6,25.2,Moderate
Manipur,25.130356,94.487284,105.1,0.39,9.8,320.6,26.7,Low
Meghalaya,25.877614,92.768,32.0,0.208,41.6,1492.5,27.1,Low
Meghalaya,25.327057,92.424968,266.3,0.434,12.5,659.2,27.1,Moderate
Nagaland,26.656583,94.024358,121.4,0.36,44.1,1223.3,24.3,Moderate
Assam,27.083323,90.355679,101.0,0.43,15.4,243.5,26.4,Moderate
Tripura,24.162934,91.69203,107.9,0.157,5.5,415.3,30.9,Low
Mizoram,22.659954,93.05251,67.8,0.075,34.2,1132.7,21.7,Low
Meghalaya,25.769944,90.428459,208.8,0.509,5.6,1230.4,24.0,Low
Tripura,22.948636,91.563709,172.2,0.35,28.5,1461.3,22.0,Moderate
Assam,26.39195,95.222613,28.6,0.133,7.9,467.6,23.6,Low
Nagaland,26.963612,94.35761,80.3,0.235,42.8,3125.8,9.0,Low
Arunachal Pradesh,28.76141,93.916168,117.3,0.259,21.4,531.0,27.0,Low
Mizoram,23.839814,92.466242,194.0,0.259,27.3,998.8,21.1,Moderate
Manipur,24.505023,94.14161,182.9,0.439,7.7,495.7,28.2,Low
Meghalaya,25.02179,91.967384,170.5,0.465,55.2,3033.3,7.6,High
Assam,27.509249,92.214592,151.4,0.383,42.9,1062.9,23.0,Moderate
Arunachal Pradesh,27.843827,96.182052,71.6,0.159,44.4,2257.8,13.4,Moderate
Manipur,25.273744,93.518669,105.7,0.279,12.6,57.5,34.3,Low
Sikkim,27.388771,88.61099,18.3,0.12,55.3,1401.5,21.5,Low
Assam,26.365432,90.722046,112.1,0.408,55.6,1487.8,21.8,Moderate
Assam,25.301706,95.369895,99.6,0.466,49.2,1650.3,19.1,Moderate
Manipur,25.107531,94.774754,77.0,0.212,2.0,50.0,29.2,Low
Arunachal Pradesh,28.801038,96.680859,284.2,0.688,38.7,1428.6,21.9,High
Sikkim,27.259426,88.694336,181.8,0.451,29.0,681.0,25.9,Moderate
Tripura,22.932348,91.871988,109.3,0.192,20.3,860.8,23.9,Low
Tripura,23.650852,91.450788,38.1,0.346,43.9,2340.3,12.7,Low
Nagaland,26.838568,95.008535,17.2,0.057,23.0,1602.0,23.1,Low
Arunachal Pradesh,26.566905,94.852278,36.5,0.067,42.2,2301.2,16.4,Low
Mizoram,22.856364,92.740359,18.6,0.05,38.5,1756.0,15.4,Low
Meghalaya,25.998449,90.729519,186.3,0.352,57.8,2248.4,16.9,Moderate
Manipur,25.591793,93.323341,272.7,0.595,34.6,1368.3,21.1,Moderate
Nagaland,26.459173,94.64421,25.5,0.205,12.0,582.6,20.4,Low
Sikkim,27.302634,88.292276,56.5,0.059,7.3,873.4,27.5,Low
Manipur,25.386117,94.371249,199.5,0.499,45.1,1818.4,17.0,Moderate
Manipur,24.425282,93.961122,100.3,0.167,50.0,2496.0,21.5,Moderate
Arunachal Pradesh,26.685041,92.648102,83.0,0.191,19.1,1270.6,22.7,Low
Meghalaya,25.582985,90.057921,220.5,0.418,26.1,1368.5,23.8,Moderate
Mizoram,24.092664,93.133408,245.8,0.603,31.4,1283.9,19.9,Moderate
Tripura,24.409814,91.901507,176.4,0.287,42.8,1332.3,21.0,Moderate
Assam,27.949686,93.193429,95.4,0.29,50.9,2448.9,12.0,Moderate
Assam,26.520918,95.854918,208.5,0.473,33.9,823.1,23.3,Moderate
Manipur,25.020045,93.055416,93.4,0.289,21.1,1452.3,18.8,Moderate
Tripura,24.058084,92.177109,58.2,0.296,27.4,951.3,21.0,Low
Tripura,24.172928,91.758983,36.4,0.257,26.4,1573.6,20.2,Moderate
Meghalaya,25.805564,92.770575,186.7,0.441,28.8,1668.4,19.1,Moderate
Sikkim,27.108795,88.60052,74.0,0.05,41.5,1479.8,22.5,Moderate
Sikkim,27.340077,88.576081,26.6,0.05,39.2,1099.1,20.9,Low
Nagaland,26.354485,93.606914,113.6,0.468,36.7,1443.7,21.6,Moderate
Arunachal Pradesh,27.12024,94.918963,120.4,0.24,27.6,977.1,25.5,Low
Meghalaya,25.153876,90.595543,50.7,0.13,56.7,2530.2,16.9,Moderate
Meghalaya,26.002295,90.781275,54.8,0.274,24.4,1084.8,26.1,Low
Arunachal Pradesh,27.96418,96.676272,39.2,0.19,37.4,1454.7,23.3,Moderate
Tripura,23.263439,91.506514,31.3,0.131,34.8,1529.4,23.6,Low
Sikkim,27.727749,88.679805,46.5,0.143,48.9,1975.8,16.3,Low
Sikkim,28.081984,88.823926,155.7,0.185,23.8,1874.3,21.6,Moderate
Tripura,24.142624,91.29683,14.4,0.081,36.0,1504.7,21.3,Low
Sikkim,27.029771,88.345397,36.0,0.333,30.2,1021.2,25.3,Low
Manipur,24.068943,94.278698,41.3,0.05,38.7,2323.6,17.6,Low
Meghalaya,25.793357,89.931915,193.8,0.289,39.4,1872.1,20.5,Moderate
Assam,27.513694,91.267083,57.8,0.176,34.6,1516.9,19.9,Low
Arunachal Pradesh,27.796681,95.173636,78.6,0.255,57.0,2008.3,19.8,Low
Sikkim,27.515303,88.397159,63.1,0.177,61.3,2721.7,15.4,Moderate
Nagaland,25.324693,94.102887,98.8,0.355,57.5,1964.9,18.5,Moderate
Sikkim,27.917817,88.823659,59.1,0.246,18.6,155.4,27.6,Low
Sikkim,27.496197,88.381227,129.8,0.436,41.7,1118.0,20.4,Moderate
Mizoram,23.72683,93.425604,135.7,0.242,49.5,2360.3,21.0,Moderate
Manipur,24.307416,93.79226,99.1,0.414,30.1,1589.2,22.0,Moderate
Arunachal Pradesh,28.88792,94.853315,133.1,0.27,49.2,2017.2,20.1,Moderate
Mizoram,22.187524,93.016053,65.1,0.36,55.6,2559.2,10.9,Moderate
Mizoram,22.38554,92.863281,93.1,0.16,34.7,1904.2,14.3,Low
Nagaland,26.205296,95.052407,123.5,0.213,21.6,1513.2,14.6,Moderate
Meghalaya,25.554993,90.638327,25.2,0.267,9.5,1159.7,21.9,Low
Nagaland,25.638836,95.048504,219.5,0.521,31.9,1200.8,22.0,Moderate
Meghalaya,25.205213,91.077606,107.6,0.319,17.2,314.6,26.2,Low
Meghalaya,25.224608,92.119912,24.3,0.269,25.0,563.2,28.2,Low
Arunachal Pradesh,27.923118,93.43129,161.9,0.263,27.1,642.6,24.6,Low
Sikkim,27.43332,88.766993,121.2,0.325,34.0,1907.6,17.0,Moderate
Arunachal Pradesh,28.161322,95.448273,44.6,0.193,16.6,771.4,24.6,Low
Manipur,25.504373,94.623135,30.4,0.084,35.2,1587.5,19.0,Moderate
Meghalaya,25.394211,92.657354,90.4,0.362,67.1,2356.9,18.6,Moderate
Mizoram,21.964677,92.689886,54.6,0.277,21.3,696.0,25.1,Low
Sikkim,28.074959,88.247173,226.6,0.533,19.9,1356.7,21.9,Moderate
Assam,25.146942,91.60652,47.9,0.107,37.0,1294.9,19.7,Low
Manipur,24.963395,93.788999,325.1,0.736,52.6,3020.0,13.8,High
Arunachal Pradesh,28.680205,96.422009,79.3,0.232,29.1,1565.7,21.4,Low
Nagaland,26.480979,93.708933,98.4,0.204,28.3,727.1,24.5,Low
Manipur,25.572096,93.476087,152.6,0.444,36.2,1484.7,21.4,Moderate
Manipur,24.084799,93.161941,56.7,0.143,21.1,488.7,29.7,Low
Sikkim,27.67606,88.102386,40.1,0.219,18.7,759.7,28.0,Low
Manipur,24.063674,93.540055,243.7,0.32,29.6,1265.2,23.1,Moderate
Manipur,24.335141,94.087631,77.5,0.26,35.2,802.0,24.9,Moderate
Assam,27.43033,94.496503,35.9,0.158,21.2,501.5,25.9,Low
Tripura,23.319975,91.318904,345.3,0.655,54.9,1421.5,16.9,High
Nagaland,27.035004,93.316472,62.4,0.275,58.7,2734.3,10.2,Moderate
Nagaland,26.871469,93.699457,28.9,0.051,31.3,1407.2,21.6,Low
Nagaland,26.99984,93.984615,40.0,0.28,15.4,1214.0,21.9,Low
Meghalaya,25.528422,91.921362,65.4,0.203,56.5,1867.3,17.7,Moderate
Mizoram,23.42794,92.613321,132.4,0.312,20.8,368.2,28.0,Low
Tripura,23.786129,91.949919,233.7,0.304,37.1,1966.5,21.5,Moderate
Nagaland,25.280436,93.322399,155.1,0.388,20.1,895.9,22.8,Moderate
Manipur,24.670327,93.237306,255.5,0.434,30.3,2350.6,19.3,Moderate
Manipur,25.062254,93.385294,74.6,0.13,57.2,2820.8,13.3,Moderate
Nagaland,26.022417,93.695342,12.2,0.21,2.0,50.0,27.5,Low
Sikkim,27.65818,88.104448,54.5,0.169,46.8,2733.6,14.9,Moderate
Nagaland,25.243903,93.402263,203.4,0.456,47.4,1488.9,19.9,Moderate
Manipur,25.613091,93.256115,262.2,0.483,29.3,1496.7,24.1,Moderate
Meghalaya,25.850174,90.003779,87.0,0.252,25.8,701.6,25.7,Low
Arunachal Pradesh,26.824481,94.298819,49.2,0.256,19.1,436.2,28.2,Low
Arunachal Pradesh,27.894613,96.733692,197.2,0.198,15.7,909.7,24.8,Moderate
Tripura,24.411737,92.013491,323.7,0.724,21.2,1210.7,16.8,High
Tripura,23.863363,91.591448,220.7,0.381,48.4,2411.8,15.3,Moderate
Nagaland,25.876739,95.194175,229.5,0.557,38.7,1263.5,22.5,Moderate
Assam,26.532217,93.348157,11.5,0.226,52.5,2411.1,13.7,Moderate
Nagaland,25.640612,93.393396,172.0,0.263,31.9,907.0,20.2,Moderate
Sikkim,28.134226,88.282362,198.8,0.277,15.6,960.6,22.2,Moderate
Nagaland,26.040919,93.52928,82.5,0.248,48.4,1563.2,22.7,Moderate
Tripura,24.239079,91.035921,134.7,0.491,27.1,1343.0,22.2,Moderate
Arunachal Pradesh,29.001972,92.271568,80.3,0.129,28.4,628.2,26.6,Low
Manipur,25.484472,94.313591,16.9,0.087,71.7,2962.2,13.2,Low
Nagaland,25.512873,94.431636,15.6,0.297,23.9,1039.5,24.8,Low
Manipur,24.394047,93.32082,138.9,0.342,56.2,2386.7,18.2,Moderate
Manipur,25.432446,93.726341,98.7,0.255,9.9,719.7,23.4,Low
Assam,25.673884,90.770286,30.0,0.123,24.4,1021.7,25.7,Low
Manipur,24.527825,94.56891,500.0,0.855,45.6,1893.9,23.4,Critical
Arunachal Pradesh,27.589386,96.73382,119.8,0.327,24.3,1302.2,30.2,Moderate
Meghalaya,26.135571,90.234696,54.9,0.254,39.7,935.8,27.1,Low
Meghalaya,25.212774,92.388022,46.3,0.33,53.6,2741.6,12.7,Moderate
Mizoram,22.921178,92.205686,17.8,0.172,39.8,1324.9,19.1,Low
Sikkim,27.328646,88.537866,145.1,0.271,8.2,842.0,23.2,Low
Nagaland,26.718605,93.566777,11.8,0.05,25.6,1374.4,24.8,Low
Sikkim,27.13265,88.829883,141.4,0.264,35.4,1669.9,15.2,Moderate
Arunachal Pradesh,28.753445,94.743788,345.3,0.61,37.2,1951.2,18.8,High
Manipur,25.261455,93.771938,183.2,0.538,65.6,2650.2,13.2,High
Meghalaya,25.910147,90.915409,129.2,0.182,51.3,1931.1,14.8,Moderate
Sikkim,27.292913,88.656112,100.8,0.198,42.5,1676.3,18.6,Moderate
Arunachal Pradesh,27.759017,96.897574,176.0,0.227,32.7,1651.2,19.3,Moderate
Meghalaya,25.419382,92.565182,50.3,0.233,24.5,1095.3,22.4,Low
Manipur,25.572629,93.435335,151.1,0.215,52.5,1878.8,19.3,Moderate
Sikkim,27.957865,88.389767,51.1,0.35,42.1,751.9,27.2,Low
Meghalaya,26.10103,91.150373,54.0,0.21,26.5,1232.9,24.2,Low
Nagaland,26.614177,94.233935,118.6,0.32,52.2,1905.3,17.5,Moderate
Tripura,23.264481,91.259155,35.0,0.149,43.8,1699.6,22.6,Low
Nagaland,26.008319,94.810989,146.4,0.333,26.3,1149.2,19.1,Moderate
Mizoram,23.473186,93.095218,249.2,0.402,35.9,1155.9,22.8,High
Mizoram,22.634049,92.825866,196.9,0.297,45.5,1817.1,21.7,Moderate
Meghalaya,25.053274,92.252597,122.6,0.476,32.6,1184.0,20.2,Moderate
Tripura,24.483827,91.528943,120.0,0.217,47.0,1482.6,20.8,Low
Arunachal Pradesh,26.532891,92.43386,500.0,0.776,41.4,1920.8,17.7,Critical
Nagaland,26.439801,94.524159,80.8,0.373,23.3,1601.4,18.7,Low
Arunachal Pradesh,28.863594,92.896362,101.6,0.215,27.2,397.6,35.0,Low
Tripura,24.121811,91.894379,64.5,0.151,30.3,719.6,27.5,Low
Arunachal Pradesh,27.468443,94.500185,188.7,0.497,74.4,2809.4,15.3,Moderate
Tripura,23.135638,91.588334,47.6,0.064,15.0,764.5,24.0,Low
Meghalaya,26.057437,91.063574,163.4,0.479,56.2,2139.4,16.3,Moderate
Arunachal Pradesh,29.0187,94.746394,79.9,0.215,22.6,1462.2,19.9,Low
Nagaland,25.564566,94.462212,47.7,0.193,33.7,1949.1,16.4,Low
Manipur,24.761368,93.717554,225.2,0.382,10.2,50.0,29.0,Moderate
Mizoram,22.211039,92.741721,170.9,0.273,36.7,1703.8,18.3,Moderate
Manipur,23.938249,93.177784,87.4,0.169,20.8,1577.0,23.9,Low
Arunachal Pradesh,27.74775,93.179598,43.2,0.08,22.6,990.9,20.4,Low
Manipur,25.558534,93.67627,41.0,0.14,34.7,1101.7,24.6,Low
Nagaland,26.63993,94.360495,80.1,0.27,40.1,2319.0,19.4,Moderate
Nagaland,26.537763,93.820232,393.3,0.644,29.0,1577.8,18.6,Moderate
Arunachal Pradesh,29.325715,94.415487,41.7,0.3,27.1,1608.5,21.7,Low
Meghalaya,25.997589,90.895137,448.5,0.658,23.5,889.3,22.0,High
Manipur,23.990402,94.212681,204.2,0.281,32.9,1947.8,19.3,Moderate
Meghalaya,25.009312,91.225879,272.0,0.603,2.0,984.0,26.3,Moderate
Meghalaya,25.231362,91.682127,78.1,0.268,36.5,1191.9,22.0,Low
Tripura,24.467072,91.603724,433.7,0.711,28.5,1249.7,25.5,Critical
Assam,27.433493,92.89904,100.4,0.312,27.4,571.6,26.5,Low
Arunachal Pradesh,27.98752,96.617329,130.1,0.13,59.0,2156.6,14.4,Moderate
Mizoram,24.213911,93.221541,289.1,0.448,38.8,1693.4,15.9,High
Nagaland,25.762886,94.390017,162.6,0.368,18.9,378.0,31.0,Low
Nagaland,25.625405,94.187833,66.7,0.262,61.4,2686.0,10.9,Moderate
Arunachal Pradesh,27.952639,96.07402,107.4,0.169,42.1,1697.3,19.7,Moderate
Tripura,24.333645,91.539006,99.7,0.463,34.5,1394.7,17.4,Moderate
Sikkim,27.021245,88.775596,139.0,0.356,43.2,1049.9,23.9,Moderate
Sikkim,27.209134,88.559694,19.2,0.18,45.8,2310.2,14.9,Low
Sikkim,27.029965,88.359556,48.1,0.259,32.2,1089.8,23.9,Low
Tripura,24.477536,91.130902,115.7,0.388,27.7,1197.1,21.2,Low
Mizoram,23.001602,92.599295,14.1,0.05,33.8,1484.4,21.7,Low
Nagaland,26.919667,95.03868,81.0,0.254,47.7,1625.9,16.0,Moderate
Arunachal Pradesh,27.213096,91.946533,84.5,0.293,34.0,1691.8,16.6,Low
Tripura,23.903421,91.437279,150.6,0.375,24.2,1109.0,24.1,Low
Nagaland,26.47696,93.36424,66.0,0.125,20.3,1525.3,23.7,Low
Meghalaya,25.160079,91.859117,104.0,0.484,12.2,808.7,27.8,Low
Manipur,24.203504,94.543658,34.0,0.341,11.2,917.7,21.9,Low
Manipur,23.911323,93.387868,328.5,0.663,27.5,1079.4,24.0,High
Tripura,24.497696,91.562999,85.6,0.296,24.1,1420.1,20.7,Low
Nagaland,26.535635,93.665326,26.8,0.218,45.2,1351.9,24.4,Moderate
Assam,26.561449,94.274468,130.2,0.361,11.4,258.5,28.8,Low
Mizoram,22.717639,93.277566,226.4,0.428,52.6,2041.0,20.0,High
Sikkim,27.724101,88.350211,91.4,0.05,21.8,940.5,29.8,Low
Mizoram,23.34987,92.949789,72.5,0.363,36.6,1774.3,19.5,Moderate
Mizoram,22.330392,92.723552,177.5,0.216,28.6,1773.1,20.7,Moderate
Tripura,23.449489,91.521174,76.2,0.212,55.7,1744.0,20.2,Moderate
Meghalaya,25.913333,91.247615,53.6,0.208,28.0,1723.6,19.4,Low
Mizoram,24.344822,92.581779,31.6,0.347,24.5,1460.4,27.5,Moderate
Manipur,24.589837,94.416522,68.4,0.388,54.1,1790.6,17.4,Moderate
Meghalaya,25.65523,91.441084,69.9,0.122,45.6,2115.1,15.7,Moderate
Arunachal Pradesh,26.66002,93.692298,85.0,0.338,34.7,1142.0,26.6,Low
Mizoram,22.603908,93.499136,74.9,0.05,34.5,1700.3,21.4,Low
Mizoram,22.701723,93.349845,36.4,0.302,28.1,1629.1,22.2,Low
Arunachal Pradesh,28.528701,93.37504,68.5,0.266,35.9,1313.0,25.0,Low
Mizoram,23.313189,93.292697,28.5,0.185,43.5,1656.1,19.9,Low
Arunachal Pradesh,29.150105,92.382166,108.5,0.05,60.2,1934.1,19.6,Low
Meghalaya,25.407488,90.80567,28.9,0.19,18.7,1072.9,22.7,Low
Manipur,23.879885,94.076828,106.5,0.248,49.1,2867.5,13.6,Moderate
Arunachal Pradesh,29.06446,93.598659,88.0,0.361,32.5,1575.5,17.8,Moderate
Assam,27.108151,93.654513,112.4,0.341,45.0,1391.8,20.9,Low
Tripura,23.501038,91.183378,214.4,0.554,16.6,630.9,28.2,Moderate
Tripura,24.034918,92.110935,45.0,0.077,25.3,1359.0,20.5,Low
Arunachal Pradesh,28.557563,91.598332,44.4,0.364,28.6,2056.2,14.3,Low
Tripura,23.245973,91.090324,132.2,0.34,44.1,1969.6,17.7,Moderate
Mizoram,23.383004,93.183421,108.9,0.266,4.2,611.2,26.8,Low
Sikkim,27.132695,88.754504,109.5,0.073,21.4,1322.8,25.7,Low
Sikkim,27.666611,88.620972,57.7,0.358,16.3,736.3,25.6,Low
Tripura,24.454243,91.108785,155.5,0.447,34.6,1543.9,17.0,Moderate
Meghalaya,26.081469,90.178308,75.9,0.222,34.3,1240.8,23.9,Low
Nagaland,25.946622,95.002877,84.4,0.259,27.9,1849.4,17.2,Low
Meghalaya,26.087505,91.319115,119.3,0.488,15.5,953.9,24.4,Low
Nagaland,26.328799,94.716295,38.7,0.066,25.5,50.0,30.4,Low
Sikkim,27.99931,88.10936,6.9,0.097,26.7,1283.5,17.9,Low
Sikkim,27.972083,88.433149,165.5,0.259,52.3,2755.7,10.6,Moderate
Arunachal Pradesh,27.85187,93.831449,55.5,0.202,17.8,1249.0,22.9,Low
Manipur,24.767502,94.701091,125.3,0.231,29.0,1248.9,22.3,Low
Assam,26.302456,95.705018,103.2,0.353,58.2,2691.9,13.9,Moderate
Meghalaya,25.216348,91.972408,53.9,0.287,41.5,2211.5,16.1,Moderate
Mizoram,24.011823,93.082867,76.6,0.336,54.8,1774.8,17.6,Moderate
Nagaland,26.353152,94.429626,386.4,0.452,39.5,1758.0,17.4,High
Tripura,24.277489,92.068141,56.7,0.235,40.1,1327.7,22.2,Moderate
Mizoram,22.217951,93.303164,50.6,0.302,39.4,1863.7,18.7,Moderate
Manipur,24.58673,93.456654,70.2,0.279,42.2,1326.7,23.6,Low
Nagaland,26.85256,94.16405,83.1,0.141,32.6,2205.4,17.1,Low
Meghalaya,25.970038,90.590211,324.6,0.683,60.2,2040.4,19.4,High
Arunachal Pradesh,26.511788,94.225026,85.6,0.24,39.9,1797.6,18.8,Moderate
Mizoram,22.160593,93.180689,97.9,0.257,40.8,2083.0,17.4,Low
Manipur,24.324543,93.798562,311.1,0.635,72.3,2795.9,14.1,Critical
Meghalaya,25.10444,90.659978,59.0,0.308,41.4,1836.8,19.5,Low
Sikkim,27.937788,88.136429,124.2,0.241,28.8,342.0,23.3,Low
Sikkim,27.776591,88.825683,70.5,0.25,51.4,2431.7,15.1,Moderate
Meghalaya,25.815804,92.233065,21.1,0.116,31.8,1885.3,17.2,Low
Meghalaya,25.130766,90.552195,124.5,0.168,32.9,1522.1,24.6,Moderate
Meghalaya,26.073447,91.945317,62.4,0.263,56.3,1272.7,24.9,Low
Nagaland,26.415152,94.627533,267.2,0.491,30.4,744.6,25.1,Moderate
Meghalaya,25.497041,89.93367,70.9,0.222,36.2,1383.3,19.9,Low
Mizoram,23.939548,93.082327,110.1,0.254,35.0,1452.2,23.0,Moderate
Manipur,24.698328,94.619567,126.5,0.382,21.5,921.2,22.6,Moderate
Nagaland,25.838703,93.888643,52.3,0.311,39.9,1730.4,20.1,Moderate
Meghalaya,26.047356,92.190963,283.8,0.699,18.1,50.0,31.2,Moderate
Assam,26.162915,90.523629,98.8,0.144,25.9,1888.7,17.0,Low
Tripura,23.244114,91.853096,80.9,0.28,34.3,757.1,24.9,Low
Assam,25.617173,94.969781,190.5,0.42,36.2,1138.8,24.9,Moderate
Manipur,25.604915,94.450146,168.0,0.487,33.0,1366.2,27.4,Moderate
Sikkim,27.453055,88.709818,133.5,0.306,6.3,451.0,29.0,Low
Arunachal Pradesh,27.554325,92.41905,219.3,0.537,37.9,1616.5,21.6,Moderate
Arunachal Pradesh,26.60018,93.621442,31.1,0.109,44.9,2473.8,13.1,Low
Tripura,24.345695,91.310683,24.1,0.05,52.1,2306.1,12.4,Moderate
Sikkim,27.247816,88.872839,37.1,0.138,2.0,50.0,28.0,Low
Nagaland,25.247508,94.871564,130.5,0.46,23.2,1847.1,20.8,Moderate
Nagaland,25.810603,93.374976,17.3,0.086,42.7,1699.2,19.0,Moderate
Nagaland,26.943825,93.579285,114.4,0.298,20.7,823.1,24.6,Low
Arunachal Pradesh,28.155338,93.007298,61.6,0.05,48.7,1815.6,23.3,Low
Assam,24.27381,90.014512,332.0,0.553,33.8,1126.6,27.5,Moderate
Arunachal Pradesh,26.84667,91.892519,134.1,0.406,3.3,50.0,33.8,Moderate
Mizoram,23.877451,92.831236,91.7,0.32,35.9,1516.8,23.9,Moderate
Meghalaya,25.411471,91.055107,163.4,0.267,43.5,1670.0,21.9,Moderate
Nagaland,26.964999,95.121504,108.5,0.376,47.0,1620.1,21.3,Moderate
Assam,27.005841,95.273499,142.5,0.317,35.1,1338.0,21.6,Moderate
Manipur,24.407331,93.685997,67.2,0.245,37.6,1315.3,21.1,Low
Tripura,23.881939,91.810714,91.1,0.296,37.7,1290.9,24.1,Low
Manipur,24.71523,93.721184,182.8,0.472,9.6,394.1,32.0,Low
Meghalaya,26.183416,92.263371,127.5,0.397,37.2,1413.2,23.3,Low
Assam,25.826917,94.281943,29.3,0.172,18.5,1050.0,28.2,Low
Arunachal Pradesh,27.308685,92.050931,154.7,0.224,4.6,324.2,24.4,Low
Arunachal Pradesh,27.557293,93.71635,97.1,0.372,2.0,62.3,30.5,Low
Mizoram,21.942997,93.25923,125.0,0.174,22.7,1702.2,17.0,Moderate
Mizoram,22.833903,92.954544,114.2,0.396,37.2,1192.6,22.8,Moderate
Arunachal Pradesh,26.72189,92.462483,83.2,0.288,26.0,1007.6,24.1,Moderate
Manipur,25.490418,94.095638,220.2,0.525,26.3,1923.4,17.8,Moderate
Tripura,24.420454,92.298375,109.4,0.346,9.4,536.5,27.4,Low
Nagaland,25.906534,93.897606,72.4,0.276,53.7,1432.7,15.6,Moderate
Manipur,25.430877,94.797501,191.4,0.498,14.0,162.2,29.6,Moderate
Tripura,23.907426,92.033683,412.8,0.789,46.6,1632.6,20.4,Critical
Mizoram,23.932539,92.661942,94.8,0.172,21.3,770.7,24.1,Moderate
Meghalaya,25.689124,92.299171,222.5,0.355,49.1,1341.9,19.7,Moderate
Tripura,24.000982,91.027513,34.8,0.06,25.6,1725.8,15.2,Low
Arunachal Pradesh,27.510117,92.294616,29.3,0.17,39.9,1312.5,23.9,Low
Mizoram,22.505728,93.377136,163.6,0.597,44.7,1944.2,17.7,Moderate
Mizoram,21.995923,92.485741,135.2,0.347,32.3,2100.8,15.5,Moderate
Nagaland,25.788182,94.533768,67.6,0.348,25.5,1737.4,22.2,Moderate
Arunachal Pradesh,28.102305,92.700482,349.0,0.643,25.5,783.1,28.3,Moderate
Nagaland,25.512058,93.773596,41.9,0.296,53.1,1852.9,16.7,Moderate
Arunachal Pradesh,28.007589,92.991478,46.0,0.074,37.8,1262.3,23.7,Low
Nagaland,27.000445,94.22773,102.4,0.215,61.7,2138.1,11.4,Moderate
Tripura,22.994074,91.948046,77.6,0.08,43.5,1557.1,17.1,Moderate
Manipur,24.424806,94.17628,116.5,0.21,30.0,989.7,23.2,Low
Meghalaya,25.335513,91.512231,69.9,0.238,40.1,2019.9,20.6,Moderate
Meghalaya,25.926583,92.584026,26.8,0.12,11.2,508.6,30.7,Low
Arunachal Pradesh,27.283381,93.341713,73.3,0.484,58.1,2310.0,16.1,Moderate
Assam,25.949919,95.541201,163.7,0.245,63.0,2948.2,11.5,Moderate
Sikkim,28.081664,88.08089,149.9,0.338,19.1,467.2,24.6,Low
Mizoram,22.243018,92.844162,124.1,0.169,30.9,1062.7,24.8,Moderate
Mizoram,22.17721,92.649255,192.6,0.366,19.8,1293.3,20.2,Low
Arunachal Pradesh,26.945156,94.998222,63.6,0.427,18.6,1427.0,20.1,Moderate
Tripura,24.419193,92.295754,30.9,0.216,37.8,2063.9,17.9,Low
Nagaland,25.912958,94.498025,221.5,0.345,19.9,1294.8,24.8,Low
Assam,27.596324,90.440011,61.9,0.251,33.3,1726.3,16.0,Moderate
Manipur,25.110172,93.735919,217.4,0.367,6.5,1216.4,20.3,Moderate
Nagaland,25.591678,94.105507,57.8,0.108,23.0,987.3,24.8,Low
Nagaland,25.344325,94.690814,197.1,0.675,31.4,1355.8,23.2,High
Arunachal Pradesh,27.258228,93.212731,161.6,0.628,21.2,1308.9,23.1,Moderate
Arunachal Pradesh,26.863244,96.255625,158.7,0.411,38.6,1051.8,28.3,Moderate
Tripura,23.689511,91.743791,100.1,0.395,58.8,2404.1,11.6,Moderate
Mizoram,23.380525,92.733641,226.2,0.482,33.2,1272.2,20.3,Moderate
Arunachal Pradesh,27.07759,95.59823,172.2,0.419,36.8,1390.0,21.3,Moderate
Arunachal Pradesh,26.881169,92.071306,103.9,0.345,26.4,1413.8,19.8,Low
Arunachal Pradesh,28.630435,92.648604,145.4,0.27,38.3,1887.7,12.7,Low
Tripura,23.390836,91.617796,87.3,0.188,24.5,384.5,27.7,Low
Mizoram,23.068313,93.121153,293.1,0.596,60.8,2535.6,18.3,High
Manipur,24.98452,94.159913,7.9,0.176,56.4,2322.7,17.0,Low
Manipur,25.156703,93.526703,227.3,0.482,28.7,2131.7,21.0,Moderate
Sikkim,27.3868,88.394198,182.6,0.263,31.0,2122.2,19.5,Moderate
Sikkim,27.368955,88.886444,228.6,0.37,35.3,1157.7,17.6,Moderate
Arunachal Pradesh,28.942156,92.405601,246.8,0.51,29.0,1162.9,24.6,Moderate
Sikkim,27.006713,88.038505,71.6,0.217,47.0,1366.1,23.0,Moderate
Mizoram,22.534565,92.348579,29.0,0.191,20.0,251.3,32.7,Low
Tripura,23.753341,92.115394,494.7,0.96,42.4,1166.2,22.6,Critical
Manipur,25.199825,93.388096,68.6,0.352,16.7,50.0,28.9,Low
Nagaland,25.958669,94.315788,158.2,0.4,48.5,1668.8,17.9,Moderate
Manipur,25.339391,94.510419,135.6,0.426,50.0,1958.3,14.6,Moderate
Manipur,25.528465,93.916641,171.5,0.327,20.7,1187.6,21.6,Moderate
Mizoram,23.705114,92.34534,78.2,0.05,32.3,1296.5,20.7,Low
Sikkim,27.678347,88.223823,178.7,0.44,31.7,1115.9,23.6,Moderate
Nagaland,26.020262,94.568101,255.5,0.718,30.0,1295.7,24.4,Moderate
Mizoram,22.568163,92.267841,72.3,0.157,67.9,2894.9,14.0,Moderate
Arunachal Pradesh,26.530702,91.621877,167.8,0.389,24.6,1533.6,20.1,Moderate
Tripura,22.91336,91.143462,245.5,0.368,42.9,2199.8,19.3,Moderate
Meghalaya,25.287386,90.463665,94.9,0.243,34.6,943.1,21.5,Moderate
Manipur,25.674914,93.550811,129.9,0.151,2.0,50.0,30.4,Low
Meghalaya,25.152905,91.436688,104.3,0.307,3.3,163.0,31.6,Low
Tripura,24.272732,91.881478,161.2,0.472,27.5,1717.9,22.1,Moderate
Tripura,23.373731,91.730101,134.9,0.405,17.9,1247.7,24.1,Moderate
Mizoram,23.758626,93.146536,29.9,0.139,23.7,950.5,26.2,Low
Mizoram,23.633,93.332054,51.3,0.173,29.0,1884.3,21.1,Low
Mizoram,24.162274,92.952618,100.8,0.282,33.2,1538.7,20.8,Low
Meghalaya,25.515828,91.724711,37.5,0.32,28.6,1373.1,20.0,Low
Mizoram,24.027351,92.207348,75.9,0.38,40.4,1743.0,20.0,Low
Tripura,24.487195,91.237762,286.2,0.491,43.6,1908.8,19.0,High
Arunachal Pradesh,27.910747,96.296164,34.6,0.164,39.5,2065.5,15.4,Low
Mizoram,22.485105,92.819834,68.7,0.422,16.5,488.2,28.1,Low
Assam,24.556845,92.188981,58.6,0.28,24.1,1296.0,24.8,Low
Sikkim,27.212563,88.327265,42.7,0.227,37.8,1998.8,14.7,Low
Meghalaya,25.448157,92.779512,139.4,0.409,28.7,958.1,23.9,Low
Assam,28.178215,90.423154,102.8,0.203,31.9,1897.7,13.6,Low
Mizoram,23.787519,92.267269,294.6,0.561,27.8,1044.7,26.0,Moderate
Tripura,22.948307,91.136934,277.7,0.354,2.0,724.9,24.5,Low
Arunachal Pradesh,29.396457,96.67475,88.1,0.45,20.0,1342.0,22.6,Low
Manipur,24.168463,93.29101,272.9,0.608,30.2,781.2,24.4,Moderate
Nagaland,25.657017,94.331094,115.6,0.336,41.9,1855.8,21.4,Moderate
Sikkim,27.683646,88.199434,54.4,0.244,39.4,1149.1,23.5,Low
Nagaland,26.637583,93.919106,251.6,0.538,25.3,1368.0,23.7,Moderate
Mizoram,24.297541,93.05374,133.9,0.113,4.3,766.6,23.2,Low
Sikkim,27.523621,88.710921,118.0,0.178,2.1,50.0,35.0,Low
Sikkim,27.981498,88.261433,95.7,0.096,30.7,1087.5,27.7,Low
Arunachal Pradesh,27.519144,96.647753,123.7,0.108,37.8,2491.7,18.6,Moderate
Sikkim,27.197689,88.037935,29.3,0.05,27.4,546.8,29.3,Low
Meghalaya,25.544866,92.20363,152.0,0.17,64.7,2625.0,12.3,Moderate
Assam,27.241006,95.493043,48.5,0.082,36.5,1264.4,26.2,Low
Assam,26.239443,90.330407,129.7,0.285,26.4,425.3,25.6,Moderate
Assam,26.472494,94.603892,53.5,0.211,44.7,2735.7,9.7,Low
Meghalaya,25.111994,90.317972,192.5,0.409,15.8,50.0,30.1,Low
Nagaland,25.223352,94.487305,52.8,0.178,42.8,1276.7,25.4,Moderate
Arunachal Pradesh,29.160203,95.188648,92.4,0.314,2.0,461.9,27.3,Low
Sikkim,28.178448,88.05673,156.9,0.258,28.7,915.1,22.7,Moderate
Meghalaya,26.083601,92.242205,132.8,0.281,10.6,619.2,24.5,Low
Assam,25.319814,95.833217,59.5,0.102,23.0,785.7,26.5,Low
Mizoram,22.648638,93.356096,62.2,0.227,13.7,50.0,26.7,Low
Manipur,25.473422,94.363784,27.2,0.444,31.6,259.3,28.5,Low
Sikkim,27.676165,88.108002,216.8,0.266,7.6,50.0,28.4,Low
Meghalaya,25.638366,90.870389,72.0,0.112,52.0,2180.7,13.1,Moderate
Tripura,24.167547,91.985568,86.6,0.307,28.4,960.1,27.5,Low
Meghalaya,26.092735,89.84449,68.5,0.281,13.7,803.2,27.1,Low
Arunachal Pradesh,28.92731,96.661541,155.5,0.433,10.6,574.2,26.1,Low
Arunachal Pradesh,28.867901,92.21607,15.1,0.05,69.5,2607.2,14.8,Moderate
Meghalaya,25.097535,89.862536,48.6,0.224,28.7,1271.6,20.9,Low
Assam,26.64073,93.666938,165.6,0.322,40.1,1426.0,23.9,Moderate
Manipur,25.675136,93.716478,105.0,0.313,2.0,50.0,27.1,Low
Sikkim,27.398288,88.561982,494.7,0.737,34.1,1456.3,20.4,High
Arunachal Pradesh,28.976826,96.652257,35.8,0.182,34.6,1529.3,22.6,Low
Sikkim,27.963749,88.384007,270.4,0.448,2.9,508.6,25.6,Moderate
Assam,26.66664,95.094686,63.9,0.21,44.8,835.6,25.0,Low
Sikkim,27.588732,88.195018,47.6,0.072,29.0,1265.3,23.5,Low
Mizoram,22.341281,92.200205,178.7,0.389,28.6,1030.2,24.4,Moderate
Arunachal Pradesh,28.654714,92.111035,58.1,0.233,44.8,2096.1,12.7,Moderate
Assam,25.024124,91.576621,193.5,0.446,43.4,1897.3,17.7,Moderate
Assam,26.353595,92.207131,140.0,0.098,40.2,1365.6,20.3,Low
Manipur,25.081881,93.10015,222.1,0.596,48.5,1777.7,16.3,Moderate
Manipur,24.035484,93.898581,238.4,0.459,39.9,2223.2,14.4,Moderate
Mizoram,22.776108,92.584557,197.9,0.184,24.3,1301.2,23.3,Low
Assam,24.281518,95.343031,71.8,0.075,13.3,663.0,26.5,Low
Nagaland,26.514455,93.543236,67.6,0.091,41.3,1592.7,18.6,Low
Assam,24.273193,95.841697,85.2,0.103,31.2,2089.8,13.6,Low
Manipur,25.094228,93.751421,241.9,0.423,20.6,1761.6,19.7,Moderate
Nagaland,26.533289,94.812664,52.2,0.235,13.5,617.1,23.1,Low
Arunachal Pradesh,28.839887,94.128325,146.3,0.367,49.9,2228.5,18.2,Moderate
Arunachal Pradesh,27.789648,91.560654,208.3,0.268,20.4,1581.9,25.9,Moderate
Sikkim,28.111869,88.542977,208.8,0.345,21.5,759.2,29.2,Low
Meghalaya,25.243785,92.55881,81.6,0.157,30.8,1321.2,18.6,Low
Manipur,25.538371,94.780531,26.2,0.148,34.7,1833.3,17.8,Low
Meghalaya,26.048868,92.793353,90.5,0.296,24.0,743.9,30.1,Low
Nagaland,25.664904,94.984499,103.6,0.225,48.3,2158.9,13.1,Moderate
Manipur,25.363754,93.415693,353.8,0.549,45.5,1826.7,19.0,High
Mizoram,22.155938,93.473247,74.9,0.348,41.7,2165.7,14.8,Moderate
Assam,25.243303,95.186618,53.3,0.167,39.0,2147.3,15.3,Moderate
Mizoram,21.910731,92.227332,181.8,0.381,35.7,1110.9,22.6,Moderate
Nagaland,26.085155,93.777429,123.5,0.196,39.9,1712.6,18.0,Moderate
Manipur,25.110698,94.018016,167.9,0.307,49.7,2460.3,17.0,Moderate
Tripura,23.023977,91.211417,65.1,0.348,26.6,1254.2,24.0,Low
Nagaland,25.937294,93.671208,193.5,0.43,26.4,242.9,35.0,Moderate
Tripura,24.167556,91.540891,119.0,0.378,42.3,1764.3,16.7,Moderate
Assam,24.392414,92.75136,96.2,0.307,39.2,3260.9,10.5,Moderate
Arunachal Pradesh,26.772515,92.209155,24.8,0.123,36.4,1186.6,24.6,Low
Arunachal Pradesh,27.218829,96.227402,89.5,0.358,34.3,2617.7,11.8,Moderate
Nagaland,26.956764,94.952515,113.8,0.237,60.5,2366.8,19.0,Moderate
Meghalaya,25.400893,90.617339,41.4,0.236,9.6,652.4,21.1,Low
Manipur,24.843396,94.299336,12.2,0.088,35.3,1339.4,25.2,Low
Manipur,25.687408,93.236827,16.6,0.215,24.8,1547.0,17.3,Low
Arunachal Pradesh,26.647876,95.318957,63.8,0.198,37.5,1775.9,14.0,Low
Sikkim,27.998671,88.761714,53.0,0.238,32.7,1174.5,22.6,Moderate
Mizoram,23.664005,93.440221,126.5,0.186,14.6,372.5,27.4,Low
Sikkim,27.613206,88.822433,168.4,0.34,47.9,2281.5,22.4,Moderate
Assam,28.064811,95.037092,236.6,0.5,27.1,594.5,19.8,Moderate
Mizoram,22.705372,92.45508,221.0,0.349,50.6,1158.5,22.6,Moderate
Mizoram,23.325112,92.788919,162.0,0.503,12.0,1224.8,22.4,Moderate
Nagaland,26.867741,93.500063,130.5,0.343,22.5,1062.6,25.1,Low
Arunachal Pradesh,27.27322,95.634894,116.8,0.194,37.1,1498.0,17.9,Moderate
Sikkim,27.113984,88.288688,181.4,0.374,16.8,309.4,28.9,Low
Sikkim,27.464586,88.560334,138.1,0.234,20.1,517.3,28.4,Low
Arunachal Pradesh,26.974398,96.233325,75.5,0.154,56.6,2587.3,14.4,Low
Sikkim,27.537051,88.82532,30.2,0.073,46.3,1949.1,19.0,Low
Tripura,23.648592,91.357552,235.2,0.647,35.1,1554.4,20.5,Moderate
Arunachal Pradesh,26.925486,91.520598,147.0,0.298,49.4,1844.7,19.5,Moderate
Nagaland,26.211099,93.514313,67.6,0.05,21.7,880.1,22.4,Low
Meghalaya,25.470073,91.567815,59.7,0.361,42.9,2776.2,13.2,Moderate
Mizoram,22.616783,92.427792,126.5,0.219,29.6,1214.5,21.4,Low
Nagaland,26.671971,95.193582,102.9,0.273,32.2,1321.4,19.7,Moderate
Manipur,23.990837,93.280063,81.6,0.137,19.2,761.5,22.8,Low
Assam,28.032053,89.938041,22.7,0.05,52.7,1463.1,18.5,Low
Meghalaya,26.173159,89.813933,26.7,0.113,63.1,1929.8,18.1,Moderate
Manipur,25.45997,93.553185,83.9,0.254,11.9,1642.4,17.1,Low
Mizoram,24.340331,92.612029,150.6,0.422,52.7,2433.9,14.8,Moderate
Sikkim,27.785168,88.072029,75.0,0.445,38.8,1588.1,20.5,Moderate
Arunachal Pradesh,27.226989,95.755236,164.3,0.257,61.0,2325.4,15.7,Moderate
Mizoram,23.274583,93.40636,106.1,0.356,25.4,590.7,24.0,Moderate
Nagaland,26.014628,95.039625,28.3,0.112,60.9,2381.7,13.0,Moderate
Assam,25.885613,95.869264,55.5,0.2,49.3,2452.6,15.3,Moderate
Nagaland,27.023685,93.958273,116.8,0.425,53.0,2231.0,18.6,Moderate
Meghalaya,26.063108,92.342834,51.1,0.216,40.7,1720.2,20.7,Low
Meghalaya,25.252816,91.672871,253.9,0.511,3.4,50.0,31.6,Moderate
Assam,24.305266,94.971278,44.6,0.211,14.4,1140.0,22.2,Low
Tripura,23.179273,91.092059,26.7,0.141,53.4,2545.4,11.3,Low
Manipur,24.560416,94.03846,74.5,0.208,30.6,1355.0,24.3,Low
Manipur,25.424342,94.753637,138.3,0.565,29.9,2142.3,19.5,Moderate
Meghalaya,25.527391,89.981341,145.6,0.359,37.2,2305.4,17.5,Moderate
Meghalaya,25.898939,91.49552,45.5,0.28,15.3,50.0,27.2,Low
Sikkim,27.53747,88.278342,106.9,0.178,26.6,1002.0,21.8,Moderate
Arunachal Pradesh,28.007196,93.362738,44.7,0.158,48.5,1638.8,22.1,Moderate
Sikkim,27.908414,88.489504,166.6,0.252,54.2,2363.9,18.2,Moderate
Sikkim,28.052217,88.48919,182.4,0.43,35.1,1163.0,21.5,Low
Tripura,23.28122,92.106419,69.0,0.333,21.7,1846.8,21.4,Low
Manipur,24.858716,93.372314,180.5,0.382,59.0,2267.8,17.8,High
Tripura,23.897612,91.465032,131.5,0.286,46.5,1845.8,18.9,Moderate
Tripura,24.251049,91.58929,57.3,0.425,43.1,2137.8,22.2,Moderate
Assam,27.051054,90.301878,189.4,0.365,17.8,867.8,21.1,Low
Manipur,24.552446,94.769835,9.1,0.05,11.8,61.9,29.4,Low
Arunachal Pradesh,28.925381,92.379674,50.8,0.162,54.2,2686.1,18.8,Moderate
Nagaland,25.727752,93.959632,68.4,0.337,31.6,1924.1,12.2,Moderate
Meghalaya,25.780439,92.070984,123.8,0.234,25.7,1077.7,20.4,Low
Meghalaya,25.899432,91.329622,193.6,0.532,34.9,2134.3,12.4,Moderate
Arunachal Pradesh,28.932462,93.903929,76.2,0.3,12.1,685.6,30.4,Low
Tripura,23.098209,91.733774,140.3,0.134,47.8,1861.2,21.0,Low
Sikkim,28.142762,88.713694,140.4,0.554,7.7,487.7,27.9,Low
Assam,26.430543,93.774876,125.3,0.367,42.8,1560.4,24.1,Moderate
Tripura,24.388899,91.556846,89.4,0.123,32.8,1596.7,22.9,Low
Meghalaya,25.397673,92.731725,33.7,0.05,19.2,323.4,27.8,Low
Mizoram,24.144952,92.619957,101.9,0.516,25.8,752.3,23.0,Moderate
Sikkim,27.556537,88.37357,252.6,0.584,5.2,436.0,31.5,Moderate
Meghalaya,25.178915,92.673458,129.7,0.357,56.5,1462.1,20.3,Moderate
Mizoram,22.951212,93.337928,122.9,0.377,41.5,1454.0,19.5,Moderate
Tripura,23.20297,91.712232,157.3,0.207,15.4,916.0,27.6,Low
Arunachal Pradesh,26.571884,95.703213,351.1,0.658,23.2,1116.9,24.4,High
Arunachal Pradesh,28.242742,94.940743,98.0,0.285,53.3,2679.2,14.6,Moderate
Sikkim,27.062065,88.189934,99.7,0.24,27.7,1315.9,24.5,Low
Meghalaya,25.089197,90.666743,48.8,0.141,16.9,210.4,29.1,Low
Manipur,24.992134,94.019135,126.7,0.233,33.0,1762.3,20.4,Low
Mizoram,23.49159,92.914027,157.6,0.593,12.3,624.6,27.2,Moderate
Assam,25.146721,91.240397,19.5,0.363,69.7,2921.0,10.6,Moderate
Meghalaya,25.164472,92.347213,19.4,0.063,62.7,3074.3,11.4,Moderate
Assam,26.589213,90.875019,52.9,0.357,16.4,769.2,26.2,Low
Meghalaya,25.212651,92.419107,70.1,0.212,27.5,1319.8,23.3,Low
Manipur,25.211189,94.186918,250.7,0.44,23.9,438.3,29.2,Moderate
Manipur,24.573042,93.471556,142.7,0.257,29.6,1489.8,18.4,Low
Sikkim,28.175341,88.717516,237.0,0.407,8.4,50.0,29.7,Moderate
Sikkim,27.362135,88.762808,38.9,0.05,30.7,1133.0,28.4,Low
Manipur,25.241971,93.534745,86.3,0.306,36.9,1821.9,17.0,Moderate
Nagaland,26.01045,93.671907,182.4,0.506,50.6,1417.0,23.3,Moderate
Manipur,24.011,94.300972,108.1,0.315,7.2,698.3,24.4,Low
Arunachal Pradesh,27.302536,96.010327,121.7,0.314,21.4,972.8,24.8,Low
Arunachal Pradesh,29.486826,91.921409,24.5,0.125,17.8,1122.5,22.9,Low
Nagaland,26.098767,94.904125,31.9,0.136,68.9,2112.6,17.0,Moderate
Tripura,24.162321,91.987996,34.3,0.155,63.3,2542.8,18.4,Moderate
Mizoram,22.807387,92.790009,61.8,0.256,71.3,3033.2,11.2,Moderate
Tripura,23.851949,92.266123,99.3,0.248,18.1,205.2,29.6,Low
Assam,25.375699,95.515806,236.5,0.267,39.0,1353.7,26.0,Moderate
Tripura,23.330971,92.285797,52.6,0.185,47.0,1770.1,15.7,Low
Meghalaya,25.804316,91.190534,86.0,0.294,45.2,1500.1,26.1,Moderate
Tripura,23.881425,91.354291,218.4,0.499,25.6,50.0,27.7,Moderate
Meghalaya,25.329009,90.140664,70.5,0.05,51.9,1728.4,20.4,Low
Nagaland,25.416696,93.995343,265.9,0.538,51.0,2745.3,14.9,High
Arunachal Pradesh,28.788566,94.843841,136.9,0.242,46.5,1650.5,16.3,Moderate
Sikkim,27.123101,88.767013,48.0,0.273,66.1,2099.1,15.5,Moderate
Meghalaya,25.721641,92.682567,144.4,0.091,32.2,1103.9,16.8,Low
Arunachal Pradesh,28.510556,92.463462,241.5,0.485,40.0,1708.6,20.2,Moderate
Mizoram,23.131837,93.043047,5.1,0.082,40.1,2468.3,13.1,Low
Assam,24.118712,89.793935,56.8,0.05,2.8,126.6,23.0,Low
Mizoram,22.236448,92.527164,77.8,0.193,60.1,3122.0,13.9,Moderate
Nagaland,26.016143,94.274881,52.7,0.279,54.1,2787.2,11.2,Moderate
Tripura,23.120844,91.875409,121.1,0.474,38.1,1389.8,23.0,Moderate
Tripura,23.853821,91.382803,163.8,0.513,24.1,682.5,23.6,Moderate
Manipur,23.825954,93.139766,15.6,0.265,55.6,1862.0,16.0,Moderate
Manipur,24.54422,93.277154,108.5,0.225,33.7,1359.5,18.1,Low
Manipur,24.515957,94.130729,172.6,0.505,41.4,1127.7,22.1,Moderate
Mizoram,23.322817,92.500529,77.8,0.147,46.3,2345.0,17.6,Moderate
Meghalaya,25.412587,91.642094,38.6,0.073,29.8,410.1,26.7,Low
Assam,27.615591,94.445245,316.1,0.532,49.3,1910.7,21.2,High
Manipur,24.85146,93.652127,173.4,0.435,2.0,740.9,21.8,Low
Nagaland,25.893597,95.058835,66.3,0.488,61.1,1969.7,20.4,Moderate
Nagaland,25.274563,95.275965,30.3,0.179,60.7,2436.7,17.9,Moderate
Manipur,25.062313,94.226048,260.7,0.393,13.9,291.9,27.5,Moderate
Tripura,22.960797,91.787188,25.2,0.173,47.8,2422.5,12.1,Moderate
Manipur,24.721078,93.190402,47.7,0.13,43.6,1459.2,23.4,Moderate
Assam,25.167272,95.308981,89.0,0.207,16.8,50.0,30.9,Low
Manipur,24.844978,93.74415,189.5,0.339,59.1,2077.8,20.2,Moderate
Assam,24.305265,94.198966,51.1,0.148,33.0,107.1,27.4,Low
Nagaland,26.535417,94.528087,305.3,0.364,26.4,2115.3,15.9,Moderate
Manipur,24.769499,93.780812,54.2,0.273,52.8,2312.7,17.0,Low
Mizoram,23.442505,92.503414,225.6,0.419,21.6,704.3,25.6,Moderate
Sikkim,28.129511,88.529915,163.5,0.247,29.4,2039.6,20.5,Moderate
Mizoram,22.7091,92.784584,163.3,0.386,25.1,1353.9,20.2,Moderate
Nagaland,26.730801,93.623232,25.0,0.125,18.6,1663.9,17.8,Low
Assam,25.22991,93.980901,185.6,0.411,37.7,1541.5,19.8,Moderate
Mizoram,22.720272,93.230252,100.3,0.277,61.2,3500.0,10.9,Moderate
Assam,24.547905,94.504923,346.6,0.75,49.5,2067.2,12.7,High
Mizoram,22.077714,92.21637,80.1,0.275,38.6,1828.6,21.8,Moderate
Mizoram,24.235381,92.955741,80.1,0.199,36.4,1543.8,17.3,Moderate
Assam,25.477673,91.165346,177.4,0.433,39.9,1244.8,23.8,Moderate
Meghalaya,25.740263,91.327007,58.2,0.224,44.4,2454.6,18.6,Moderate
Mizoram,24.478154,93.478181,76.4,0.425,39.0,838.5,19.8,Moderate
Manipur,25.006547,93.797167,13.9,0.299,25.5,1117.3,20.8,Low
Sikkim,27.589369,88.614231,137.4,0.397,6.9,267.7,25.2,Low
Nagaland,25.392992,93.956704,36.8,0.162,24.2,1297.5,17.6,Low
Meghalaya,25.090327,90.020082,203.2,0.478,54.8,2142.8,17.9,Moderate
Assam,24.822525,92.757096,164.6,0.392,34.7,2180.8,15.8,Moderate
Meghalaya,25.941729,91.256488,171.6,0.151,26.9,927.2,25.9,Moderate
Arunachal Pradesh,27.50643,91.952941,130.2,0.383,10.5,694.5,29.5,Low
Arunachal Pradesh,28.150887,92.991977,220.8,0.508,49.9,2912.5,13.0,Moderate
Mizoram,23.498829,93.470344,38.2,0.225,61.6,2021.2,18.8,Moderate
Mizoram,22.189417,92.475763,108.6,0.167,23.8,1624.5,17.6,Low
Manipur,24.69888,94.743505,88.4,0.226,36.2,1223.5,24.1,Moderate
Sikkim,27.926172,88.808406,243.7,0.46,50.6,1944.7,15.1,High
Nagaland,25.834058,95.284077,101.5,0.27,22.1,1195.3,25.0,Low
Meghalaya,25.123399,89.958919,52.3,0.22,27.9,1300.1,24.5,Low
Arunachal Pradesh,29.066808,96.599957,157.3,0.335,36.9,1621.0,25.4,Moderate
Mizoram,22.135522,92.347456,47.1,0.05,33.9,1025.5,23.1,Low
Tripura,22.953079,91.13586,33.0,0.113,32.4,554.1,27.5,Low
Tripura,23.235072,92.2611,144.6,0.506,35.8,1949.5,15.2,Moderate
Nagaland,26.468934,94.857106,42.4,0.226,36.4,2105.1,15.0,Low
Meghalaya,25.931367,91.405221,148.6,0.328,75.0,3079.2,12.4,Moderate
Mizoram,23.973471,92.97455,206.0,0.244,12.7,50.0,32.0,Low
Mizoram,22.71782,92.929443,103.2,0.257,28.1,1855.5,16.7,Moderate
Arunachal Pradesh,28.100526,96.028992,7.8,0.05,13.8,609.9,27.0,Low
Arunachal Pradesh,29.445182,93.760734,45.3,0.241,55.2,2061.4,17.9,Moderate
Mizoram,23.884816,92.329692,221.8,0.609,17.7,740.3,23.2,Moderate
Assam,27.262692,92.039927,32.1,0.204,9.9,422.4,31.1,Low
Mizoram,22.002414,92.67222,52.4,0.234,37.4,1142.1,25.5,Low
Nagaland,26.360221,93.5385,45.8,0.39,56.6,2427.4,14.5,Moderate
Mizoram,24.30249,92.300974,370.0,0.633,28.9,749.6,28.2,High
Manipur,25.567013,94.272848,267.8,0.563,33.4,2023.2,18.9,Moderate
Sikkim,27.395655,88.351675,35.1,0.102,3.9,270.8,28.9,Low
Manipur,25.207538,94.082648,87.4,0.147,9.9,916.6,30.7,Low
Manipur,25.076122,93.700496,46.7,0.05,62.3,2419.0,15.7,Low
Assam,26.048817,95.936165,301.7,0.589,35.3,817.2,28.5,Moderate
Assam,24.898476,92.332494,48.4,0.241,34.2,1273.3,24.1,Low
Tripura,23.366917,91.994645,68.5,0.435,21.6,972.5,19.7,Low
Mizoram,23.886433,92.580179,104.1,0.26,37.5,1844.8,17.7,Moderate
Manipur,23.954642,93.020579,32.6,0.161,39.9,2616.2,11.3,Low
Assam,25.795292,92.285127,183.0,0.395,49.4,1974.6,17.4,Moderate
Arunachal Pradesh,29.46517,94.083911,180.2,0.302,64.2,3156.8,10.1,High
Mizoram,22.566688,93.358598,56.8,0.213,18.9,1359.5,21.9,Low
Nagaland,26.133029,94.498351,209.1,0.347,24.0,889.1,26.0,Low
Sikkim,27.114802,88.344625,77.6,0.238,37.2,1719.4,16.8,Moderate
Meghalaya,26.133068,91.568516,82.5,0.327,43.0,1329.1,25.9,Moderate
Mizoram,22.795705,93.013367,162.7,0.488,33.3,1171.2,22.1,Moderate
Meghalaya,26.092493,90.621972,214.8,0.478,13.2,96.1,26.7,Moderate
Manipur,24.759722,94.725643,111.4,0.534,18.7,306.3,30.0,Low
Sikkim,27.206875,88.647698,250.6,0.393,25.1,1572.8,16.7,Moderate
Meghalaya,25.737377,91.839025,69.1,0.196,40.9,1560.3,16.8,Moderate
Manipur,24.467317,93.564983,267.4,0.574,29.1,1700.8,21.3,Moderate
Arunachal Pradesh,28.552629,92.685488,77.1,0.243,19.1,633.1,26.6,Low
Meghalaya,25.503586,90.364524,71.4,0.19,75.0,2581.8,11.2,High
Sikkim,27.009966,88.873052,59.6,0.05,31.4,1527.6,21.0,Low
Tripura,23.590725,92.260154,212.1,0.433,40.6,2617.6,13.0,Moderate
Mizoram,22.264841,92.963577,167.0,0.367,47.8,2159.5,16.1,Moderate
Manipur,24.181851,94.422133,170.7,0.429,30.1,974.6,22.2,Moderate
Mizoram,23.937628,92.346389,114.1,0.367,55.4,2335.9,13.6,Moderate
Sikkim,28.094477,88.175167,12.1,0.154,58.7,3060.1,9.9,Moderate
Assam,26.574505,95.909492,13.4,0.237,43.0,1944.7,19.5,Moderate
Manipur,25.476553,94.721815,123.3,0.421,43.1,1097.9,25.4,Moderate
Meghalaya,25.411119,90.116727,136.2,0.383,50.3,1995.8,17.3,Moderate
Manipur,24.157859,93.900891,144.7,0.26,55.0,2040.7,11.8,Moderate
Mizoram,23.962397,92.3952,268.4,0.452,16.7,50.0,32.7,Low
Arunachal Pradesh,28.479195,93.279677,118.3,0.118,16.9,1094.8,25.6,Low
Manipur,24.448284,94.191452,50.3,0.134,9.5,269.0,30.9,Low
Meghalaya,25.560399,92.2361,39.4,0.219,34.2,1111.3,18.3,Low
Assam,24.654858,94.676674,126.5,0.486,40.1,687.4,22.9,Moderate
Tripura,23.002776,91.25227,350.7,0.567,4.4,50.0,33.8,Moderate
Nagaland,26.446684,95.009851,132.8,0.293,31.3,2122.8,17.9,Moderate
Arunachal Pradesh,27.258039,93.299554,157.9,0.328,43.9,1717.6,21.4,Low
Tripura,23.759393,91.275045,145.8,0.359,32.6,86.4,26.7,Low
Assam,27.406856,94.573911,59.7,0.05,20.9,1078.0,23.1,Low
Manipur,24.076054,93.834894,62.9,0.192,12.6,696.6,33.1,Low
Mizoram,23.914552,92.638528,104.2,0.149,37.5,2383.2,16.0,Moderate
Sikkim,27.759728,88.045192,373.0,0.577,2.0,652.1,28.6,Moderate
Mizoram,23.482591,92.398449,168.3,0.397,53.6,2682.8,15.8,Moderate
Tripura,24.228933,91.462084,90.0,0.274,32.6,1150.5,22.4,Moderate
Meghalaya,25.337865,92.322667,125.8,0.244,10.9,425.4,29.3,Low
Mizoram,22.030374,92.715591,212.9,0.342,75.0,2039.3,17.8,Moderate
Arunachal Pradesh,27.610011,93.066402,253.5,0.425,28.3,733.2,21.6,Moderate
Mizoram,24.270561,93.176207,274.8,0.586,32.3,1236.4,20.6,Moderate
Meghalaya,25.076708,91.944062,252.2,0.615,18.4,1162.0,22.6,Moderate
Nagaland,26.201868,95.101736,17.2,0.149,46.1,2275.2,19.5,Low
Manipur,24.394597,94.033492,111.3,0.186,32.1,1944.6,21.2,Low
Sikkim,27.600906,88.440605,198.4,0.541,48.0,1746.2,18.6,High
Tripura,23.629769,91.267318,11.0,0.05,43.7,1748.9,24.7,Low
Manipur,25.235849,93.812405,286.2,0.634,58.8,1844.6,19.2,Moderate
Mizoram,24.392142,92.539051,104.4,0.237,53.9,2111.1,21.8,Moderate
Assam,26.867524,95.626518,40.0,0.201,35.0,2183.3,18.0,Low
Manipur,25.060571,94.568291,42.2,0.05,71.6,1725.1,22.1,Low
Nagaland,26.772214,94.020235,65.8,0.221,28.8,1221.5,24.6,Low
Mizoram,23.460322,92.40314,201.3,0.378,2.0,594.0,25.8,Low
Sikkim,27.642631,88.20738,92.0,0.356,34.1,1706.0,19.3,Moderate
Meghalaya,25.892484,91.384175,30.2,0.297,35.6,1913.5,20.8,Low
Nagaland,25.981332,93.837594,68.8,0.203,53.3,2595.4,14.5,Moderate
Mizoram,24.496616,92.293224,181.2,0.356,19.5,1287.6,20.2,Moderate
Nagaland,25.282765,93.734515,123.8,0.174,51.0,1993.9,19.9,Moderate
Manipur,25.645038,94.762629,167.1,0.252,27.1,1960.0,17.2,Low
Sikkim,27.785913,88.792096,185.0,0.352,37.7,1655.2,19.9,Moderate
Meghalaya,25.256754,92.716126,225.5,0.393,44.6,1294.1,24.9,Moderate
Mizoram,22.271241,92.331463,146.4,0.37,27.5,1664.3,19.2,Moderate
Arunachal Pradesh,26.836635,94.652204,18.4,0.05,50.3,1682.6,18.8,Low
Tripura,24.149559,91.476667,68.1,0.275,11.3,475.3,26.1,Low
Meghalaya,26.173475,91.10326,99.8,0.253,33.6,2135.5,20.3,Moderate
Arunachal Pradesh,26.951346,94.062817,180.4,0.424,46.9,2413.2,15.3,Moderate
Nagaland,26.490171,94.964452,41.1,0.096,46.0,1991.4,14.8,Low
Assam,25.926827,93.439723,97.9,0.133,57.4,2039.4,20.9,Moderate
Meghalaya,25.320814,91.73775,39.1,0.115,54.3,2016.4,21.2,Moderate
Nagaland,27.073347,93.398107,235.0,0.389,56.8,1755.2,18.6,Moderate
Arunachal Pradesh,29.159592,94.592554,78.2,0.145,44.7,902.6,25.5,Low
Manipur,24.278987,94.718801,121.9,0.33,34.9,1477.6,24.6,Moderate
Manipur,24.718373,93.597042,70.2,0.207,9.2,996.5,27.1,Low
Assam,24.76229,91.240049,245.8,0.459,51.5,2358.0,16.8,Moderate
Tripura,24.232558,91.798733,51.1,0.124,41.6,2328.5,18.4,Low
Meghalaya,26.095895,90.495905,65.5,0.296,32.7,1142.3,23.3,Low
Meghalaya,25.145366,89.818263,149.2,0.336,66.3,2448.8,11.9,Moderate
Meghalaya,25.609434,92.794921,52.6,0.149,26.8,770.3,24.4,Low
Tripura,24.011944,91.400913,57.9,0.273,25.0,1387.5,22.3,Low
Nagaland,26.866031,94.863445,42.1,0.159,11.0,535.7,25.3,Low
Sikkim,27.018498,88.735174,98.8,0.42,16.0,1022.0,21.3,Low
Sikkim,27.360632,88.134706,204.4,0.378,30.2,1352.3,23.9,Moderate
Assam,24.95059,92.652053,81.1,0.455,45.2,1586.3,21.4,Moderate
Meghalaya,25.509842,90.666662,122.9,0.125,56.1,2295.4,16.8,Low
Nagaland,25.527215,94.824462,82.9,0.273,37.2,1263.8,24.7,Moderate
Manipur,25.681209,94.400025,194.4,0.428,16.5,146.9,26.7,Low
Arunachal Pradesh,27.387811,92.846449,214.6,0.563,47.0,1768.1,19.7,Moderate
Nagaland,25.613565,93.57339,42.0,0.197,23.3,660.8,28.8,Low
Tripura,23.782129,91.78702,51.7,0.336,44.3,2477.8,10.1,Low
Sikkim,27.846603,88.612192,111.5,0.315,31.4,1499.7,23.5,Moderate
Sikkim,27.3508,88.29728,166.4,0.305,37.7,1580.2,23.2,Low
Manipur,25.094878,93.629006,206.1,0.375,48.4,1508.5,23.4,Moderate
Manipur,24.203984,93.673805,41.2,0.263,8.5,624.3,28.3,Low
Tripura,23.335335,91.114807,101.5,0.373,30.1,1838.5,18.2,Low
Arunachal Pradesh,28.990417,96.192113,107.2,0.385,34.3,711.5,25.4,Moderate
Manipur,24.217526,93.11659,159.8,0.505,34.2,1854.2,19.2,Moderate
Assam,27.103075,91.03263,167.3,0.435,34.4,1982.2,13.9,Moderate
Arunachal Pradesh,27.680306,91.852744,84.2,0.166,40.5,1019.8,26.4,Low
Manipur,24.229912,94.427224,221.7,0.363,39.3,1608.8,21.0,Moderate
Mizoram,23.991431,92.46921,56.5,0.18,32.5,1592.9,15.8,Low
Nagaland,25.838236,93.568477,185.1,0.236,46.4,2586.4,14.8,Moderate
Manipur,23.940928,94.785909,60.2,0.141,29.8,1383.1,21.8,Low
Assam,26.753495,93.115208,76.9,0.271,43.7,3008.2,13.6,Moderate
Meghalaya,25.918598,92.320231,86.6,0.162,40.4,1386.1,21.7,Moderate
